table_name,row_json
laps,"{""season"": 2026, ""round"": 1, ""session_type"": ""Race"", ""event_name"": ""Australian Grand Prix"", ""driver"": ""LEC"", ""driver_number"": ""16"", ""team"": ""Ferrari"", ""lap_number"": 1, ""lap_time_s"": 91.929, ""compound"": ""MEDIUM"", ""tyre_life"": 1.0, ""stint"": 1, ""track_status"": ""1"", ""position"": 1.0, ""pit_in_time"": ""NaT"", ""pit_out_time"": ""NaT"", ""is_pit_in_lap"": false, ""is_pit_out_lap"": false, ""is_pit_lap"": false, ""is_sc_vsc_lap"": false, ""is_valid_lap_time"": true}"
laps,"{""season"": 2026, ""round"": 1, ""session_type"": ""Race"", ""event_name"": ""Australian Grand Prix"", ""driver"": ""LEC"", ""driver_number"": ""16"", ""team"": ""Ferrari"", ""lap_number"": 2, ""lap_time_s"": 86.212, ""compound"": ""MEDIUM"", ""tyre_life"": 2.0, ""stint"": 1, ""track_status"": ""1"", ""position"": 2.0, ""pit_in_time"": ""NaT"", ""pit_out_time"": ""NaT"", ""is_pit_in_lap"": false, ""is_pit_out_lap"": false, ""is_pit_lap"": false, ""is_sc_vsc_lap"": false, ""is_valid_lap_time"": true}"
laps,"{""season"": 2026, ""round"": 1, ""session_type"": ""Race"", ""event_name"": ""Australian Grand Prix"", ""driver"": ""LEC"", ""driver_number"": ""16"", ""team"": ""Ferrari"", ""lap_number"": 3, ""lap_time_s"": 85.453, ""compound"": ""MEDIUM"", ""tyre_life"": 3.0, ""stint"": 1, ""track_status"": ""1"", ""position"": 1.0, ""pit_in_time"": ""NaT"", ""pit_out_time"": ""NaT"", ""is_pit_in_lap"": false, ""is_pit_out_lap"": false, ""is_pit_lap"": false, ""is_sc_vsc_lap"": false, ""is_valid_lap_time"": true}"
laps,"{""season"": 2026, ""round"": 1, ""session_type"": ""Race"", ""event_name"": ""Australian Grand Prix"", ""driver"": ""LEC"", ""driver_number"": ""16"", ""team"": ""Ferrari"", ""lap_number"": 4, ""lap_time_s"": 84.553, ""compound"": ""MEDIUM"", ""tyre_life"": 4.0, ""stint"": 1, ""track_status"": ""1"", ""position"": 1.0, ""pit_in_time"": ""NaT"", ""pit_out_time"": ""NaT"", ""is_pit_in_lap"": false, ""is_pit_out_lap"": false, ""is_pit_lap"": false, ""is_sc_vsc_lap"": false, ""is_valid_lap_time"": true}"
laps,"{""season"": 2026, ""round"": 1, ""session_type"": ""Race"", ""event_name"": ""Australian Grand Prix"", ""driver"": ""LEC"", ""driver_number"": ""16"", ""team"": ""Ferrari"", ""lap_number"": 5, ""lap_time_s"": 83.981, ""compound"": ""MEDIUM"", ""tyre_life"": 5.0, ""stint"": 1, ""track_status"": ""1"", ""position"": 1.0, ""pit_in_time"": ""NaT"", ""pit_out_time"": ""NaT"", ""is_pit_in_lap"": false, ""is_pit_out_lap"": false, ""is_pit_lap"": false, ""is_sc_vsc_lap"": false, ""is_valid_lap_time"": true}"
laps,"{""season"": 2026, ""round"": 1, ""session_type"": ""Race"", ""event_name"": ""Australian Grand Prix"", ""driver"": ""LEC"", ""driver_number"": ""16"", ""team"": ""Ferrari"", ""lap_number"": 6, ""lap_time_s"": 84.822, ""compound"": ""MEDIUM"", ""tyre_life"": 6.0, ""stint"": 1, ""track_status"": ""1"", ""position"": 1.0, ""pit_in_time"": ""NaT"", ""pit_out_time"": ""NaT"", ""is_pit_in_lap"": false, ""is_pit_out_lap"": false, ""is_pit_lap"": false, ""is_sc_vsc_lap"": false, ""is_valid_lap_time"": true}"
laps,"{""season"": 2026, ""round"": 1, ""session_type"": ""Race"", ""event_name"": ""Australian Grand Prix"", ""driver"": ""LEC"", ""driver_number"": ""16"", ""team"": ""Ferrari"", ""lap_number"": 7, ""lap_time_s"": 84.034, ""compound"": ""MEDIUM"", ""tyre_life"": 7.0, ""stint"": 1, ""track_status"": ""1"", ""position"": 1.0, ""pit_in_time"": ""NaT"", ""pit_out_time"": ""NaT"", ""is_pit_in_lap"": false, ""is_pit_out_lap"": false, ""is_pit_lap"": false, ""is_sc_vsc_lap"": false, ""is_valid_lap_time"": true}"
laps,"{""season"": 2026, ""round"": 1, ""session_type"": ""Race"", ""event_name"": ""Australian Grand Prix"", ""driver"": ""LEC"", ""driver_number"": ""16"", ""team"": ""Ferrari"", ""lap_number"": 8, ""lap_time_s"": 85.563, ""compound"": ""MEDIUM"", ""tyre_life"": 8.0, ""stint"": 1, ""track_status"": ""1"", ""position"": 1.0, ""pit_in_time"": ""NaT"", ""pit_out_time"": ""NaT"", ""is_pit_in_lap"": false, ""is_pit_out_lap"": false, ""is_pit_lap"": false, ""is_sc_vsc_lap"": false, ""is_valid_lap_time"": true}"
laps,"{""season"": 2026, ""round"": 1, ""session_type"": ""Race"", ""event_name"": ""Australian Grand Prix"", ""driver"": ""LEC"", ""driver_number"": ""16"", ""team"": ""Ferrari"", ""lap_number"": 9, ""lap_time_s"": 85.602, ""compound"": ""MEDIUM"", ""tyre_life"": 9.0, ""stint"": 1, ""track_status"": ""1"", ""position"": 1.0, ""pit_in_time"": ""NaT"", ""pit_out_time"": ""NaT"", ""is_pit_in_lap"": false, ""is_pit_out_lap"": false, ""is_pit_lap"": false, ""is_sc_vsc_lap"": false, ""is_valid_lap_time"": true}"
laps,"{""season"": 2026, ""round"": 1, ""session_type"": ""Race"", ""event_name"": ""Australian Grand Prix"", ""driver"": ""LEC"", ""driver_number"": ""16"", ""team"": ""Ferrari"", ""lap_number"": 10, ""lap_time_s"": 83.977, ""compound"": ""MEDIUM"", ""tyre_life"": 10.0, ""stint"": 1, ""track_status"": ""1"", ""position"": 1.0, ""pit_in_time"": ""NaT"", ""pit_out_time"": ""NaT"", ""is_pit_in_lap"": false, ""is_pit_out_lap"": false, ""is_pit_lap"": false, ""is_sc_vsc_lap"": false, ""is_valid_lap_time"": true}"
laps,"{""season"": 2026, ""round"": 1, ""session_type"": ""Race"", ""event_name"": ""Australian Grand Prix"", ""driver"": ""LEC"", ""driver_number"": ""16"", ""team"": ""Ferrari"", ""lap_number"": 11, ""lap_time_s"": 83.798, ""compound"": ""MEDIUM"", ""tyre_life"": 11.0, ""stint"": 1, ""track_status"": ""1"", ""position"": 1.0, ""pit_in_time"": ""NaT"", ""pit_out_time"": ""NaT"", ""is_pit_in_lap"": false, ""is_pit_out_lap"": false, ""is_pit_lap"": false, ""is_sc_vsc_lap"": false, ""is_valid_lap_time"": true}"
laps,"{""season"": 2026, ""round"": 1, ""session_type"": ""Race"", ""event_name"": ""Australian Grand Prix"", ""driver"": ""LEC"", ""driver_number"": ""16"", ""team"": ""Ferrari"", ""lap_number"": 12, ""lap_time_s"": 114.008, ""compound"": ""MEDIUM"", ""tyre_life"": 12.0, ""stint"": 1, ""track_status"": ""16"", ""position"": 1.0, ""pit_in_time"": ""NaT"", ""pit_out_time"": ""NaT"", ""is_pit_in_lap"": false, ""is_pit_out_lap"": false, ""is_pit_lap"": false, ""is_sc_vsc_lap"": true, ""is_valid_lap_time"": true}"
laps,"{""season"": 2026, ""round"": 1, ""session_type"": ""Race"", ""event_name"": ""Australian Grand Prix"", ""driver"": ""LEC"", ""driver_number"": ""16"", ""team"": ""Ferrari"", ""lap_number"": 13, ""lap_time_s"": 115.178, ""compound"": ""MEDIUM"", ""tyre_life"": 13.0, ""stint"": 1, ""track_status"": ""6"", ""position"": 1.0, ""pit_in_time"": ""NaT"", ""pit_out_time"": ""NaT"", ""is_pit_in_lap"": false, ""is_pit_out_lap"": false, ""is_pit_lap"": false, ""is_sc_vsc_lap"": true, ""is_valid_lap_time"": true}"
laps,"{""season"": 2026, ""round"": 1, ""session_type"": ""Race"", ""event_name"": ""Australian Grand Prix"", ""driver"": ""LEC"", ""driver_number"": ""16"", ""team"": ""Ferrari"", ""lap_number"": 14, ""lap_time_s"": 90.489, ""compound"": ""MEDIUM"", ""tyre_life"": 14.0, ""stint"": 1, ""track_status"": ""671"", ""position"": 1.0, ""pit_in_time"": ""NaT"", ""pit_out_time"": ""NaT"", ""is_pit_in_lap"": false, ""is_pit_out_lap"": false, ""is_pit_lap"": false, ""is_sc_vsc_lap"": true, ""is_valid_lap_time"": true}"
laps,"{""season"": 2026, ""round"": 1, ""session_type"": ""Race"", ""event_name"": ""Australian Grand Prix"", ""driver"": ""LEC"", ""driver_number"": ""16"", ""team"": ""Ferrari"", ""lap_number"": 15, ""lap_time_s"": 83.765, ""compound"": ""MEDIUM"", ""tyre_life"": 15.0, ""stint"": 1, ""track_status"": ""1"", ""position"": 1.0, ""pit_in_time"": ""NaT"", ""pit_out_time"": ""NaT"", ""is_pit_in_lap"": false, ""is_pit_out_lap"": false, ""is_pit_lap"": false, ""is_sc_vsc_lap"": false, ""is_valid_lap_time"": true}"
laps,"{""season"": 2026, ""round"": 1, ""session_type"": ""Race"", ""event_name"": ""Australian Grand Prix"", ""driver"": ""LEC"", ""driver_number"": ""16"", ""team"": ""Ferrari"", ""lap_number"": 16, ""lap_time_s"": 83.511, ""compound"": ""MEDIUM"", ""tyre_life"": 16.0, ""stint"": 1, ""track_status"": ""1"", ""position"": 1.0, ""pit_in_time"": ""NaT"", ""pit_out_time"": ""NaT"", ""is_pit_in_lap"": false, ""is_pit_out_lap"": false, ""is_pit_lap"": false, ""is_sc_vsc_lap"": false, ""is_valid_lap_time"": true}"
laps,"{""season"": 2026, ""round"": 1, ""session_type"": ""Race"", ""event_name"": ""Australian Grand Prix"", ""driver"": ""LEC"", ""driver_number"": ""16"", ""team"": ""Ferrari"", ""lap_number"": 17, ""lap_time_s"": 84.356, ""compound"": ""MEDIUM"", ""tyre_life"": 17.0, ""stint"": 1, ""track_status"": ""1"", ""position"": 1.0, ""pit_in_time"": ""NaT"", ""pit_out_time"": ""NaT"", ""is_pit_in_lap"": false, ""is_pit_out_lap"": false, ""is_pit_lap"": false, ""is_sc_vsc_lap"": false, ""is_valid_lap_time"": true}"
laps,"{""season"": 2026, ""round"": 1, ""session_type"": ""Race"", ""event_name"": ""Australian Grand Prix"", ""driver"": ""LEC"", ""driver_number"": ""16"", ""team"": ""Ferrari"", ""lap_number"": 18, ""lap_time_s"": 89.602, ""compound"": ""MEDIUM"", ""tyre_life"": 18.0, ""stint"": 1, ""track_status"": ""126"", ""position"": 1.0, ""pit_in_time"": ""NaT"", ""pit_out_time"": ""NaT"", ""is_pit_in_lap"": false, ""is_pit_out_lap"": false, ""is_pit_lap"": false, ""is_sc_vsc_lap"": true, ""is_valid_lap_time"": true}"
laps,"{""season"": 2026, ""round"": 1, ""session_type"": ""Race"", ""event_name"": ""Australian Grand Prix"", ""driver"": ""LEC"", ""driver_number"": ""16"", ""team"": ""Ferrari"", ""lap_number"": 19, ""lap_time_s"": 113.653, ""compound"": ""MEDIUM"", ""tyre_life"": 19.0, ""stint"": 1, ""track_status"": ""6"", ""position"": 1.0, ""pit_in_time"": ""NaT"", ""pit_out_time"": ""NaT"", ""is_pit_in_lap"": false, ""is_pit_out_lap"": false, ""is_pit_lap"": false, ""is_sc_vsc_lap"": true, ""is_valid_lap_time"": true}"
laps,"{""season"": 2026, ""round"": 1, ""session_type"": ""Race"", ""event_name"": ""Australian Grand Prix"", ""driver"": ""LEC"", ""driver_number"": ""16"", ""team"": ""Ferrari"", ""lap_number"": 20, ""lap_time_s"": 93.183, ""compound"": ""MEDIUM"", ""tyre_life"": 20.0, ""stint"": 1, ""track_status"": ""671"", ""position"": 1.0, ""pit_in_time"": ""NaT"", ""pit_out_time"": ""NaT"", ""is_pit_in_lap"": false, ""is_pit_out_lap"": false, ""is_pit_lap"": false, ""is_sc_vsc_lap"": true, ""is_valid_lap_time"": true}"
laps,"{""season"": 2026, ""round"": 1, ""session_type"": ""Race"", ""event_name"": ""Australian Grand Prix"", ""driver"": ""LEC"", ""driver_number"": ""16"", ""team"": ""Ferrari"", ""lap_number"": 21, ""lap_time_s"": 83.322, ""compound"": ""MEDIUM"", ""tyre_life"": 21.0, ""stint"": 1, ""track_status"": ""1"", ""position"": 1.0, ""pit_in_time"": ""NaT"", ""pit_out_time"": ""NaT"", ""is_pit_in_lap"": false, ""is_pit_out_lap"": false, ""is_pit_lap"": false, ""is_sc_vsc_lap"": false, ""is_valid_lap_time"": true}"
laps,"{""season"": 2026, ""round"": 1, ""session_type"": ""Race"", ""event_name"": ""Australian Grand Prix"", ""driver"": ""LEC"", ""driver_number"": ""16"", ""team"": ""Ferrari"", ""lap_number"": 22, ""lap_time_s"": 83.416, ""compound"": ""MEDIUM"", ""tyre_life"": 22.0, ""stint"": 1, ""track_status"": ""1"", ""position"": 1.0, ""pit_in_time"": ""NaT"", ""pit_out_time"": ""NaT"", ""is_pit_in_lap"": false, ""is_pit_out_lap"": false, ""is_pit_lap"": false, ""is_sc_vsc_lap"": false, ""is_valid_lap_time"": true}"
laps,"{""season"": 2026, ""round"": 1, ""session_type"": ""Race"", ""event_name"": ""Australian Grand Prix"", ""driver"": ""LEC"", ""driver_number"": ""16"", ""team"": ""Ferrari"", ""lap_number"": 23, ""lap_time_s"": 83.476, ""compound"": ""MEDIUM"", ""tyre_life"": 23.0, ""stint"": 1, ""track_status"": ""1"", ""position"": 1.0, ""pit_in_time"": ""NaT"", ""pit_out_time"": ""NaT"", ""is_pit_in_lap"": false, ""is_pit_out_lap"": false, ""is_pit_lap"": false, ""is_sc_vsc_lap"": false, ""is_valid_lap_time"": true}"
laps,"{""season"": 2026, ""round"": 1, ""session_type"": ""Race"", ""event_name"": ""Australian Grand Prix"", ""driver"": ""LEC"", ""driver_number"": ""16"", ""team"": ""Ferrari"", ""lap_number"": 24, ""lap_time_s"": 83.66, ""compound"": ""MEDIUM"", ""tyre_life"": 24.0, ""stint"": 1, ""track_status"": ""1"", ""position"": 1.0, ""pit_in_time"": ""NaT"", ""pit_out_time"": ""NaT"", ""is_pit_in_lap"": false, ""is_pit_out_lap"": false, ""is_pit_lap"": false, ""is_sc_vsc_lap"": false, ""is_valid_lap_time"": true}"
laps,"{""season"": 2026, ""round"": 1, ""session_type"": ""Race"", ""event_name"": ""Australian Grand Prix"", ""driver"": ""LEC"", ""driver_number"": ""16"", ""team"": ""Ferrari"", ""lap_number"": 25, ""lap_time_s"": 97.834, ""compound"": ""MEDIUM"", ""tyre_life"": 25.0, ""stint"": 1, ""track_status"": ""1"", ""position"": 4.0, ""pit_in_time"": ""0 days 01:39:23.741000"", ""pit_out_time"": ""NaT"", ""is_pit_in_lap"": true, ""is_pit_out_lap"": false, ""is_pit_lap"": true, ""is_sc_vsc_lap"": false, ""is_valid_lap_time"": true}"
laps,"{""season"": 2026, ""round"": 1, ""session_type"": ""Race"", ""event_name"": ""Australian Grand Prix"", ""driver"": ""LEC"", ""driver_number"": ""16"", ""team"": ""Ferrari"", ""lap_number"": 26, ""lap_time_s"": 89.317, ""compound"": ""HARD"", ""tyre_life"": 1.0, ""stint"": 2, ""track_status"": ""1"", ""position"": 4.0, ""pit_in_time"": ""NaT"", ""pit_out_time"": ""0 days 01:39:41.666000"", ""is_pit_in_lap"": false, ""is_pit_out_lap"": true, ""is_pit_lap"": true, ""is_sc_vsc_lap"": false, ""is_valid_lap_time"": true}"
laps,"{""season"": 2026, ""round"": 1, ""session_type"": ""Race"", ""event_name"": ""Australian Grand Prix"", ""driver"": ""LEC"", ""driver_number"": ""16"", ""team"": ""Ferrari"", ""lap_number"": 27, ""lap_time_s"": 83.106, ""compound"": ""HARD"", ""tyre_life"": 2.0, ""stint"": 2, ""track_status"": ""1"", ""position"": 4.0, ""pit_in_time"": ""NaT"", ""pit_out_time"": ""NaT"", ""is_pit_in_lap"": false, ""is_pit_out_lap"": false, ""is_pit_lap"": false, ""is_sc_vsc_lap"": false, ""is_valid_lap_time"": true}"
laps,"{""season"": 2026, ""round"": 1, ""session_type"": ""Race"", ""event_name"": ""Australian Grand Prix"", ""driver"": ""LEC"", ""driver_number"": ""16"", ""team"": ""Ferrari"", ""lap_number"": 28, ""lap_time_s"": 83.089, ""compound"": ""HARD"", ""tyre_life"": 3.0, ""stint"": 2, ""track_status"": ""1"", ""position"": 3.0, ""pit_in_time"": ""NaT"", ""pit_out_time"": ""NaT"", ""is_pit_in_lap"": false, ""is_pit_out_lap"": false, ""is_pit_lap"": false, ""is_sc_vsc_lap"": false, ""is_valid_lap_time"": true}"
laps,"{""season"": 2026, ""round"": 1, ""session_type"": ""Race"", ""event_name"": ""Australian Grand Prix"", ""driver"": ""LEC"", ""driver_number"": ""16"", ""team"": ""Ferrari"", ""lap_number"": 29, ""lap_time_s"": 82.987, ""compound"": ""HARD"", ""tyre_life"": 4.0, ""stint"": 2, ""track_status"": ""1"", ""position"": 3.0, ""pit_in_time"": ""NaT"", ""pit_out_time"": ""NaT"", ""is_pit_in_lap"": false, ""is_pit_out_lap"": false, ""is_pit_lap"": false, ""is_sc_vsc_lap"": false, ""is_valid_lap_time"": true}"
laps,"{""season"": 2026, ""round"": 1, ""session_type"": ""Race"", ""event_name"": ""Australian Grand Prix"", ""driver"": ""LEC"", ""driver_number"": ""16"", ""team"": ""Ferrari"", ""lap_number"": 30, ""lap_time_s"": 83.026, ""compound"": ""HARD"", ""tyre_life"": 5.0, ""stint"": 2, ""track_status"": ""1"", ""position"": 3.0, ""pit_in_time"": ""NaT"", ""pit_out_time"": ""NaT"", ""is_pit_in_lap"": false, ""is_pit_out_lap"": false, ""is_pit_lap"": false, ""is_sc_vsc_lap"": false, ""is_valid_lap_time"": true}"
laps,"{""season"": 2026, ""round"": 1, ""session_type"": ""Race"", ""event_name"": ""Australian Grand Prix"", ""driver"": ""LEC"", ""driver_number"": ""16"", ""team"": ""Ferrari"", ""lap_number"": 31, ""lap_time_s"": 82.934, ""compound"": ""HARD"", ""tyre_life"": 6.0, ""stint"": 2, ""track_status"": ""1"", ""position"": 3.0, ""pit_in_time"": ""NaT"", ""pit_out_time"": ""NaT"", ""is_pit_in_lap"": false, ""is_pit_out_lap"": false, ""is_pit_lap"": false, ""is_sc_vsc_lap"": false, ""is_valid_lap_time"": true}"
laps,"{""season"": 2026, ""round"": 1, ""session_type"": ""Race"", ""event_name"": ""Australian Grand Prix"", ""driver"": ""LEC"", ""driver_number"": ""16"", ""team"": ""Ferrari"", ""lap_number"": 32, ""lap_time_s"": 82.947, ""compound"": ""HARD"", ""tyre_life"": 7.0, ""stint"": 2, ""track_status"": ""1"", ""position"": 3.0, ""pit_in_time"": ""NaT"", ""pit_out_time"": ""NaT"", ""is_pit_in_lap"": false, ""is_pit_out_lap"": false, ""is_pit_lap"": false, ""is_sc_vsc_lap"": false, ""is_valid_lap_time"": true}"
laps,"{""season"": 2026, ""round"": 1, ""session_type"": ""Race"", ""event_name"": ""Australian Grand Prix"", ""driver"": ""LEC"", ""driver_number"": ""16"", ""team"": ""Ferrari"", ""lap_number"": 33, ""lap_time_s"": 83.174, ""compound"": ""HARD"", ""tyre_life"": 8.0, ""stint"": 2, ""track_status"": ""1"", ""position"": 3.0, ""pit_in_time"": ""NaT"", ""pit_out_time"": ""NaT"", ""is_pit_in_lap"": false, ""is_pit_out_lap"": false, ""is_pit_lap"": false, ""is_sc_vsc_lap"": false, ""is_valid_lap_time"": true}"
laps,"{""season"": 2026, ""round"": 1, ""session_type"": ""Race"", ""event_name"": ""Australian Grand Prix"", ""driver"": ""LEC"", ""driver_number"": ""16"", ""team"": ""Ferrari"", ""lap_number"": 34, ""lap_time_s"": 98.516, ""compound"": ""HARD"", ""tyre_life"": 9.0, ""stint"": 2, ""track_status"": ""167"", ""position"": 3.0, ""pit_in_time"": ""NaT"", ""pit_out_time"": ""NaT"", ""is_pit_in_lap"": false, ""is_pit_out_lap"": false, ""is_pit_lap"": false, ""is_sc_vsc_lap"": true, ""is_valid_lap_time"": true}"
laps,"{""season"": 2026, ""round"": 1, ""session_type"": ""Race"", ""event_name"": ""Australian Grand Prix"", ""driver"": ""LEC"", ""driver_number"": ""16"", ""team"": ""Ferrari"", ""lap_number"": 35, ""lap_time_s"": 83.542, ""compound"": ""HARD"", ""tyre_life"": 10.0, ""stint"": 2, ""track_status"": ""1"", ""position"": 3.0, ""pit_in_time"": ""NaT"", ""pit_out_time"": ""NaT"", ""is_pit_in_lap"": false, ""is_pit_out_lap"": false, ""is_pit_lap"": false, ""is_sc_vsc_lap"": false, ""is_valid_lap_time"": true}"
laps,"{""season"": 2026, ""round"": 1, ""session_type"": ""Race"", ""event_name"": ""Australian Grand Prix"", ""driver"": ""LEC"", ""driver_number"": ""16"", ""team"": ""Ferrari"", ""lap_number"": 36, ""lap_time_s"": 84.376, ""compound"": ""HARD"", ""tyre_life"": 11.0, ""stint"": 2, ""track_status"": ""1"", ""position"": 3.0, ""pit_in_time"": ""NaT"", ""pit_out_time"": ""NaT"", ""is_pit_in_lap"": false, ""is_pit_out_lap"": false, ""is_pit_lap"": false, ""is_sc_vsc_lap"": false, ""is_valid_lap_time"": true}"
laps,"{""season"": 2026, ""round"": 1, ""session_type"": ""Race"", ""event_name"": ""Australian Grand Prix"", ""driver"": ""LEC"", ""driver_number"": ""16"", ""team"": ""Ferrari"", ""lap_number"": 37, ""lap_time_s"": 83.236, ""compound"": ""HARD"", ""tyre_life"": 12.0, ""stint"": 2, ""track_status"": ""1"", ""position"": 3.0, ""pit_in_time"": ""NaT"", ""pit_out_time"": ""NaT"", ""is_pit_in_lap"": false, ""is_pit_out_lap"": false, ""is_pit_lap"": false, ""is_sc_vsc_lap"": false, ""is_valid_lap_time"": true}"
laps,"{""season"": 2026, ""round"": 1, ""session_type"": ""Race"", ""event_name"": ""Australian Grand Prix"", ""driver"": ""LEC"", ""driver_number"": ""16"", ""team"": ""Ferrari"", ""lap_number"": 38, ""lap_time_s"": 82.579, ""compound"": ""HARD"", ""tyre_life"": 13.0, ""stint"": 2, ""track_status"": ""1"", ""position"": 3.0, ""pit_in_time"": ""NaT"", ""pit_out_time"": ""NaT"", ""is_pit_in_lap"": false, ""is_pit_out_lap"": false, ""is_pit_lap"": false, ""is_sc_vsc_lap"": false, ""is_valid_lap_time"": true}"
laps,"{""season"": 2026, ""round"": 1, ""session_type"": ""Race"", ""event_name"": ""Australian Grand Prix"", ""driver"": ""LEC"", ""driver_number"": ""16"", ""team"": ""Ferrari"", ""lap_number"": 39, ""lap_time_s"": 82.728, ""compound"": ""HARD"", ""tyre_life"": 14.0, ""stint"": 2, ""track_status"": ""1"", ""position"": 3.0, ""pit_in_time"": ""NaT"", ""pit_out_time"": ""NaT"", ""is_pit_in_lap"": false, ""is_pit_out_lap"": false, ""is_pit_lap"": false, ""is_sc_vsc_lap"": false, ""is_valid_lap_time"": true}"
laps,"{""season"": 2026, ""round"": 1, ""session_type"": ""Race"", ""event_name"": ""Australian Grand Prix"", ""driver"": ""LEC"", ""driver_number"": ""16"", ""team"": ""Ferrari"", ""lap_number"": 40, ""lap_time_s"": 82.93, ""compound"": ""HARD"", ""tyre_life"": 15.0, ""stint"": 2, ""track_status"": ""1"", ""position"": 3.0, ""pit_in_time"": ""NaT"", ""pit_out_time"": ""NaT"", ""is_pit_in_lap"": false, ""is_pit_out_lap"": false, ""is_pit_lap"": false, ""is_sc_vsc_lap"": false, ""is_valid_lap_time"": true}"
laps,"{""season"": 2026, ""round"": 1, ""session_type"": ""Race"", ""event_name"": ""Australian Grand Prix"", ""driver"": ""LEC"", ""driver_number"": ""16"", ""team"": ""Ferrari"", ""lap_number"": 41, ""lap_time_s"": 82.995, ""compound"": ""HARD"", ""tyre_life"": 16.0, ""stint"": 2, ""track_status"": ""1"", ""position"": 3.0, ""pit_in_time"": ""NaT"", ""pit_out_time"": ""NaT"", ""is_pit_in_lap"": false, ""is_pit_out_lap"": false, ""is_pit_lap"": false, ""is_sc_vsc_lap"": false, ""is_valid_lap_time"": true}"
laps,"{""season"": 2026, ""round"": 1, ""session_type"": ""Race"", ""event_name"": ""Australian Grand Prix"", ""driver"": ""LEC"", ""driver_number"": ""16"", ""team"": ""Ferrari"", ""lap_number"": 42, ""lap_time_s"": 82.846, ""compound"": ""HARD"", ""tyre_life"": 17.0, ""stint"": 2, ""track_status"": ""1"", ""position"": 3.0, ""pit_in_time"": ""NaT"", ""pit_out_time"": ""NaT"", ""is_pit_in_lap"": false, ""is_pit_out_lap"": false, ""is_pit_lap"": false, ""is_sc_vsc_lap"": false, ""is_valid_lap_time"": true}"
laps,"{""season"": 2026, ""round"": 1, ""session_type"": ""Race"", ""event_name"": ""Australian Grand Prix"", ""driver"": ""LEC"", ""driver_number"": ""16"", ""team"": ""Ferrari"", ""lap_number"": 43, ""lap_time_s"": 82.75, ""compound"": ""HARD"", ""tyre_life"": 18.0, ""stint"": 2, ""track_status"": ""1"", ""position"": 3.0, ""pit_in_time"": ""NaT"", ""pit_out_time"": ""NaT"", ""is_pit_in_lap"": false, ""is_pit_out_lap"": false, ""is_pit_lap"": false, ""is_sc_vsc_lap"": false, ""is_valid_lap_time"": true}"
laps,"{""season"": 2026, ""round"": 1, ""session_type"": ""Race"", ""event_name"": ""Australian Grand Prix"", ""driver"": ""LEC"", ""driver_number"": ""16"", ""team"": ""Ferrari"", ""lap_number"": 44, ""lap_time_s"": 83.094, ""compound"": ""HARD"", ""tyre_life"": 19.0, ""stint"": 2, ""track_status"": ""1"", ""position"": 3.0, ""pit_in_time"": ""NaT"", ""pit_out_time"": ""NaT"", ""is_pit_in_lap"": false, ""is_pit_out_lap"": false, ""is_pit_lap"": false, ""is_sc_vsc_lap"": false, ""is_valid_lap_time"": true}"
laps,"{""season"": 2026, ""round"": 1, ""session_type"": ""Race"", ""event_name"": ""Australian Grand Prix"", ""driver"": ""LEC"", ""driver_number"": ""16"", ""team"": ""Ferrari"", ""lap_number"": 45, ""lap_time_s"": 83.16, ""compound"": ""HARD"", ""tyre_life"": 20.0, ""stint"": 2, ""track_status"": ""1"", ""position"": 3.0, ""pit_in_time"": ""NaT"", ""pit_out_time"": ""NaT"", ""is_pit_in_lap"": false, ""is_pit_out_lap"": false, ""is_pit_lap"": false, ""is_sc_vsc_lap"": false, ""is_valid_lap_time"": true}"
laps,"{""season"": 2026, ""round"": 1, ""session_type"": ""Race"", ""event_name"": ""Australian Grand Prix"", ""driver"": ""LEC"", ""driver_number"": ""16"", ""team"": ""Ferrari"", ""lap_number"": 46, ""lap_time_s"": 82.894, ""compound"": ""HARD"", ""tyre_life"": 21.0, ""stint"": 2, ""track_status"": ""1"", ""position"": 3.0, ""pit_in_time"": ""NaT"", ""pit_out_time"": ""NaT"", ""is_pit_in_lap"": false, ""is_pit_out_lap"": false, ""is_pit_lap"": false, ""is_sc_vsc_lap"": false, ""is_valid_lap_time"": true}"
laps,"{""season"": 2026, ""round"": 1, ""session_type"": ""Race"", ""event_name"": ""Australian Grand Prix"", ""driver"": ""LEC"", ""driver_number"": ""16"", ""team"": ""Ferrari"", ""lap_number"": 47, ""lap_time_s"": 82.952, ""compound"": ""HARD"", ""tyre_life"": 22.0, ""stint"": 2, ""track_status"": ""1"", ""position"": 3.0, ""pit_in_time"": ""NaT"", ""pit_out_time"": ""NaT"", ""is_pit_in_lap"": false, ""is_pit_out_lap"": false, ""is_pit_lap"": false, ""is_sc_vsc_lap"": false, ""is_valid_lap_time"": true}"
laps,"{""season"": 2026, ""round"": 1, ""session_type"": ""Race"", ""event_name"": ""Australian Grand Prix"", ""driver"": ""LEC"", ""driver_number"": ""16"", ""team"": ""Ferrari"", ""lap_number"": 48, ""lap_time_s"": 82.899, ""compound"": ""HARD"", ""tyre_life"": 23.0, ""stint"": 2, ""track_status"": ""1"", ""position"": 3.0, ""pit_in_time"": ""NaT"", ""pit_out_time"": ""NaT"", ""is_pit_in_lap"": false, ""is_pit_out_lap"": false, ""is_pit_lap"": false, ""is_sc_vsc_lap"": false, ""is_valid_lap_time"": true}"
laps,"{""season"": 2026, ""round"": 1, ""session_type"": ""Race"", ""event_name"": ""Australian Grand Prix"", ""driver"": ""LEC"", ""driver_number"": ""16"", ""team"": ""Ferrari"", ""lap_number"": 49, ""lap_time_s"": 83.364, ""compound"": ""HARD"", ""tyre_life"": 24.0, ""stint"": 2, ""track_status"": ""1"", ""position"": 3.0, ""pit_in_time"": ""NaT"", ""pit_out_time"": ""NaT"", ""is_pit_in_lap"": false, ""is_pit_out_lap"": false, ""is_pit_lap"": false, ""is_sc_vsc_lap"": false, ""is_valid_lap_time"": true}"
laps,"{""season"": 2026, ""round"": 1, ""session_type"": ""Race"", ""event_name"": ""Australian Grand Prix"", ""driver"": ""LEC"", ""driver_number"": ""16"", ""team"": ""Ferrari"", ""lap_number"": 50, ""lap_time_s"": 83.2, ""compound"": ""HARD"", ""tyre_life"": 25.0, ""stint"": 2, ""track_status"": ""1"", ""position"": 3.0, ""pit_in_time"": ""NaT"", ""pit_out_time"": ""NaT"", ""is_pit_in_lap"": false, ""is_pit_out_lap"": false, ""is_pit_lap"": false, ""is_sc_vsc_lap"": false, ""is_valid_lap_time"": true}"
laps,"{""season"": 2026, ""round"": 1, ""session_type"": ""Race"", ""event_name"": ""Australian Grand Prix"", ""driver"": ""LEC"", ""driver_number"": ""16"", ""team"": ""Ferrari"", ""lap_number"": 51, ""lap_time_s"": 82.989, ""compound"": ""HARD"", ""tyre_life"": 26.0, ""stint"": 2, ""track_status"": ""1"", ""position"": 3.0, ""pit_in_time"": ""NaT"", ""pit_out_time"": ""NaT"", ""is_pit_in_lap"": false, ""is_pit_out_lap"": false, ""is_pit_lap"": false, ""is_sc_vsc_lap"": false, ""is_valid_lap_time"": true}"
laps,"{""season"": 2026, ""round"": 1, ""session_type"": ""Race"", ""event_name"": ""Australian Grand Prix"", ""driver"": ""LEC"", ""driver_number"": ""16"", ""team"": ""Ferrari"", ""lap_number"": 52, ""lap_time_s"": 83.049, ""compound"": ""HARD"", ""tyre_life"": 27.0, ""stint"": 2, ""track_status"": ""1"", ""position"": 3.0, ""pit_in_time"": ""NaT"", ""pit_out_time"": ""NaT"", ""is_pit_in_lap"": false, ""is_pit_out_lap"": false, ""is_pit_lap"": false, ""is_sc_vsc_lap"": false, ""is_valid_lap_time"": true}"
laps,"{""season"": 2026, ""round"": 1, ""session_type"": ""Race"", ""event_name"": ""Australian Grand Prix"", ""driver"": ""LEC"", ""driver_number"": ""16"", ""team"": ""Ferrari"", ""lap_number"": 53, ""lap_time_s"": 83.014, ""compound"": ""HARD"", ""tyre_life"": 28.0, ""stint"": 2, ""track_status"": ""1"", ""position"": 3.0, ""pit_in_time"": ""NaT"", ""pit_out_time"": ""NaT"", ""is_pit_in_lap"": false, ""is_pit_out_lap"": false, ""is_pit_lap"": false, ""is_sc_vsc_lap"": false, ""is_valid_lap_time"": true}"
laps,"{""season"": 2026, ""round"": 1, ""session_type"": ""Race"", ""event_name"": ""Australian Grand Prix"", ""driver"": ""LEC"", ""driver_number"": ""16"", ""team"": ""Ferrari"", ""lap_number"": 54, ""lap_time_s"": 83.045, ""compound"": ""HARD"", ""tyre_life"": 29.0, ""stint"": 2, ""track_status"": ""1"", ""position"": 3.0, ""pit_in_time"": ""NaT"", ""pit_out_time"": ""NaT"", ""is_pit_in_lap"": false, ""is_pit_out_lap"": false, ""is_pit_lap"": false, ""is_sc_vsc_lap"": false, ""is_valid_lap_time"": true}"
laps,"{""season"": 2026, ""round"": 1, ""session_type"": ""Race"", ""event_name"": ""Australian Grand Prix"", ""driver"": ""LEC"", ""driver_number"": ""16"", ""team"": ""Ferrari"", ""lap_number"": 55, ""lap_time_s"": 82.825, ""compound"": ""HARD"", ""tyre_life"": 30.0, ""stint"": 2, ""track_status"": ""1"", ""position"": 3.0, ""pit_in_time"": ""NaT"", ""pit_out_time"": ""NaT"", ""is_pit_in_lap"": false, ""is_pit_out_lap"": false, ""is_pit_lap"": false, ""is_sc_vsc_lap"": false, ""is_valid_lap_time"": true}"
laps,"{""season"": 2026, ""round"": 1, ""session_type"": ""Race"", ""event_name"": ""Australian Grand Prix"", ""driver"": ""LEC"", ""driver_number"": ""16"", ""team"": ""Ferrari"", ""lap_number"": 56, ""lap_time_s"": 82.965, ""compound"": ""HARD"", ""tyre_life"": 31.0, ""stint"": 2, ""track_status"": ""1"", ""position"": 3.0, ""pit_in_time"": ""NaT"", ""pit_out_time"": ""NaT"", ""is_pit_in_lap"": false, ""is_pit_out_lap"": false, ""is_pit_lap"": false, ""is_sc_vsc_lap"": false, ""is_valid_lap_time"": true}"
laps,"{""season"": 2026, ""round"": 1, ""session_type"": ""Race"", ""event_name"": ""Australian Grand Prix"", ""driver"": ""LEC"", ""driver_number"": ""16"", ""team"": ""Ferrari"", ""lap_number"": 57, ""lap_time_s"": 83.098, ""compound"": ""HARD"", ""tyre_life"": 32.0, ""stint"": 2, ""track_status"": ""1"", ""position"": 3.0, ""pit_in_time"": ""NaT"", ""pit_out_time"": ""NaT"", ""is_pit_in_lap"": false, ""is_pit_out_lap"": false, ""is_pit_lap"": false, ""is_sc_vsc_lap"": false, ""is_valid_lap_time"": true}"
laps,"{""season"": 2026, ""round"": 1, ""session_type"": ""Race"", ""event_name"": ""Australian Grand Prix"", ""driver"": ""LEC"", ""driver_number"": ""16"", ""team"": ""Ferrari"", ""lap_number"": 58, ""lap_time_s"": 83.317, ""compound"": ""HARD"", ""tyre_life"": 33.0, ""stint"": 2, ""track_status"": ""1"", ""position"": 3.0, ""pit_in_time"": ""NaT"", ""pit_out_time"": ""NaT"", ""is_pit_in_lap"": false, ""is_pit_out_lap"": false, ""is_pit_lap"": false, ""is_sc_vsc_lap"": false, ""is_valid_lap_time"": true}"
laps,"{""season"": 2026, ""round"": 1, ""session_type"": ""Race"", ""event_name"": ""Australian Grand Prix"", ""driver"": ""RUS"", ""driver_number"": ""63"", ""team"": ""Mercedes"", ""lap_number"": 1, ""lap_time_s"": 92.694, ""compound"": ""MEDIUM"", ""tyre_life"": 1.0, ""stint"": 1, ""track_status"": ""1"", ""position"": 2.0, ""pit_in_time"": ""NaT"", ""pit_out_time"": ""NaT"", ""is_pit_in_lap"": false, ""is_pit_out_lap"": false, ""is_pit_lap"": false, ""is_sc_vsc_lap"": false, ""is_valid_lap_time"": true}"
laps,"{""season"": 2026, ""round"": 1, ""session_type"": ""Race"", ""event_name"": ""Australian Grand Prix"", ""driver"": ""RUS"", ""driver_number"": ""63"", ""team"": ""Mercedes"", ""lap_number"": 2, ""lap_time_s"": 85.007, ""compound"": ""MEDIUM"", ""tyre_life"": 2.0, ""stint"": 1, ""track_status"": ""1"", ""position"": 1.0, ""pit_in_time"": ""NaT"", ""pit_out_time"": ""NaT"", ""is_pit_in_lap"": false, ""is_pit_out_lap"": false, ""is_pit_lap"": false, ""is_sc_vsc_lap"": false, ""is_valid_lap_time"": true}"
laps,"{""season"": 2026, ""round"": 1, ""session_type"": ""Race"", ""event_name"": ""Australian Grand Prix"", ""driver"": ""RUS"", ""driver_number"": ""63"", ""team"": ""Mercedes"", ""lap_number"": 3, ""lap_time_s"": 86.444, ""compound"": ""MEDIUM"", ""tyre_life"": 3.0, ""stint"": 1, ""track_status"": ""1"", ""position"": 2.0, ""pit_in_time"": ""NaT"", ""pit_out_time"": ""NaT"", ""is_pit_in_lap"": false, ""is_pit_out_lap"": false, ""is_pit_lap"": false, ""is_sc_vsc_lap"": false, ""is_valid_lap_time"": true}"
laps,"{""season"": 2026, ""round"": 1, ""session_type"": ""Race"", ""event_name"": ""Australian Grand Prix"", ""driver"": ""RUS"", ""driver_number"": ""63"", ""team"": ""Mercedes"", ""lap_number"": 4, ""lap_time_s"": 84.789, ""compound"": ""MEDIUM"", ""tyre_life"": 4.0, ""stint"": 1, ""track_status"": ""1"", ""position"": 2.0, ""pit_in_time"": ""NaT"", ""pit_out_time"": ""NaT"", ""is_pit_in_lap"": false, ""is_pit_out_lap"": false, ""is_pit_lap"": false, ""is_sc_vsc_lap"": false, ""is_valid_lap_time"": true}"
laps,"{""season"": 2026, ""round"": 1, ""session_type"": ""Race"", ""event_name"": ""Australian Grand Prix"", ""driver"": ""RUS"", ""driver_number"": ""63"", ""team"": ""Mercedes"", ""lap_number"": 5, ""lap_time_s"": 84.017, ""compound"": ""MEDIUM"", ""tyre_life"": 5.0, ""stint"": 1, ""track_status"": ""1"", ""position"": 2.0, ""pit_in_time"": ""NaT"", ""pit_out_time"": ""NaT"", ""is_pit_in_lap"": false, ""is_pit_out_lap"": false, ""is_pit_lap"": false, ""is_sc_vsc_lap"": false, ""is_valid_lap_time"": true}"
laps,"{""season"": 2026, ""round"": 1, ""session_type"": ""Race"", ""event_name"": ""Australian Grand Prix"", ""driver"": ""RUS"", ""driver_number"": ""63"", ""team"": ""Mercedes"", ""lap_number"": 6, ""lap_time_s"": 84.639, ""compound"": ""MEDIUM"", ""tyre_life"": 6.0, ""stint"": 1, ""track_status"": ""1"", ""position"": 2.0, ""pit_in_time"": ""NaT"", ""pit_out_time"": ""NaT"", ""is_pit_in_lap"": false, ""is_pit_out_lap"": false, ""is_pit_lap"": false, ""is_sc_vsc_lap"": false, ""is_valid_lap_time"": true}"
laps,"{""season"": 2026, ""round"": 1, ""session_type"": ""Race"", ""event_name"": ""Australian Grand Prix"", ""driver"": ""RUS"", ""driver_number"": ""63"", ""team"": ""Mercedes"", ""lap_number"": 7, ""lap_time_s"": 84.099, ""compound"": ""MEDIUM"", ""tyre_life"": 7.0, ""stint"": 1, ""track_status"": ""1"", ""position"": 2.0, ""pit_in_time"": ""NaT"", ""pit_out_time"": ""NaT"", ""is_pit_in_lap"": false, ""is_pit_out_lap"": false, ""is_pit_lap"": false, ""is_sc_vsc_lap"": false, ""is_valid_lap_time"": true}"
laps,"{""season"": 2026, ""round"": 1, ""session_type"": ""Race"", ""event_name"": ""Australian Grand Prix"", ""driver"": ""RUS"", ""driver_number"": ""63"", ""team"": ""Mercedes"", ""lap_number"": 8, ""lap_time_s"": 85.19, ""compound"": ""MEDIUM"", ""tyre_life"": 8.0, ""stint"": 1, ""track_status"": ""1"", ""position"": 2.0, ""pit_in_time"": ""NaT"", ""pit_out_time"": ""NaT"", ""is_pit_in_lap"": false, ""is_pit_out_lap"": false, ""is_pit_lap"": false, ""is_sc_vsc_lap"": false, ""is_valid_lap_time"": true}"
laps,"{""season"": 2026, ""round"": 1, ""session_type"": ""Race"", ""event_name"": ""Australian Grand Prix"", ""driver"": ""RUS"", ""driver_number"": ""63"", ""team"": ""Mercedes"", ""lap_number"": 9, ""lap_time_s"": 85.978, ""compound"": ""MEDIUM"", ""tyre_life"": 9.0, ""stint"": 1, ""track_status"": ""1"", ""position"": 2.0, ""pit_in_time"": ""NaT"", ""pit_out_time"": ""NaT"", ""is_pit_in_lap"": false, ""is_pit_out_lap"": false, ""is_pit_lap"": false, ""is_sc_vsc_lap"": false, ""is_valid_lap_time"": true}"
laps,"{""season"": 2026, ""round"": 1, ""session_type"": ""Race"", ""event_name"": ""Australian Grand Prix"", ""driver"": ""RUS"", ""driver_number"": ""63"", ""team"": ""Mercedes"", ""lap_number"": 10, ""lap_time_s"": 84.112, ""compound"": ""MEDIUM"", ""tyre_life"": 10.0, ""stint"": 1, ""track_status"": ""1"", ""position"": 2.0, ""pit_in_time"": ""NaT"", ""pit_out_time"": ""NaT"", ""is_pit_in_lap"": false, ""is_pit_out_lap"": false, ""is_pit_lap"": false, ""is_sc_vsc_lap"": false, ""is_valid_lap_time"": true}"
laps,"{""season"": 2026, ""round"": 1, ""session_type"": ""Race"", ""event_name"": ""Australian Grand Prix"", ""driver"": ""RUS"", ""driver_number"": ""63"", ""team"": ""Mercedes"", ""lap_number"": 11, ""lap_time_s"": 83.967, ""compound"": ""MEDIUM"", ""tyre_life"": 11.0, ""stint"": 1, ""track_status"": ""1"", ""position"": 2.0, ""pit_in_time"": ""NaT"", ""pit_out_time"": ""NaT"", ""is_pit_in_lap"": false, ""is_pit_out_lap"": false, ""is_pit_lap"": false, ""is_sc_vsc_lap"": false, ""is_valid_lap_time"": true}"
laps,"{""season"": 2026, ""round"": 1, ""session_type"": ""Race"", ""event_name"": ""Australian Grand Prix"", ""driver"": ""RUS"", ""driver_number"": ""63"", ""team"": ""Mercedes"", ""lap_number"": 12, ""lap_time_s"": 125.94, ""compound"": ""MEDIUM"", ""tyre_life"": 12.0, ""stint"": 1, ""track_status"": ""16"", ""position"": 3.0, ""pit_in_time"": ""0 days 01:19:51.153000"", ""pit_out_time"": ""NaT"", ""is_pit_in_lap"": true, ""is_pit_out_lap"": false, ""is_pit_lap"": true, ""is_sc_vsc_lap"": true, ""is_valid_lap_time"": true}"
laps,"{""season"": 2026, ""round"": 1, ""session_type"": ""Race"", ""event_name"": ""Australian Grand Prix"", ""driver"": ""RUS"", ""driver_number"": ""63"", ""team"": ""Mercedes"", ""lap_number"": 13, ""lap_time_s"": 117.659, ""compound"": ""HARD"", ""tyre_life"": 1.0, ""stint"": 2, ""track_status"": ""67"", ""position"": 3.0, ""pit_in_time"": ""NaT"", ""pit_out_time"": ""0 days 01:20:09.298000"", ""is_pit_in_lap"": false, ""is_pit_out_lap"": true, ""is_pit_lap"": true, ""is_sc_vsc_lap"": true, ""is_valid_lap_time"": true}"
laps,"{""season"": 2026, ""round"": 1, ""session_type"": ""Race"", ""event_name"": ""Australian Grand Prix"", ""driver"": ""RUS"", ""driver_number"": ""63"", ""team"": ""Mercedes"", ""lap_number"": 14, ""lap_time_s"": 87.094, ""compound"": ""HARD"", ""tyre_life"": 2.0, ""stint"": 2, ""track_status"": ""71"", ""position"": 3.0, ""pit_in_time"": ""NaT"", ""pit_out_time"": ""NaT"", ""is_pit_in_lap"": false, ""is_pit_out_lap"": false, ""is_pit_lap"": false, ""is_sc_vsc_lap"": true, ""is_valid_lap_time"": true}"
laps,"{""season"": 2026, ""round"": 1, ""session_type"": ""Race"", ""event_name"": ""Australian Grand Prix"", ""driver"": ""RUS"", ""driver_number"": ""63"", ""team"": ""Mercedes"", ""lap_number"": 15, ""lap_time_s"": 82.825, ""compound"": ""HARD"", ""tyre_life"": 3.0, ""stint"": 2, ""track_status"": ""1"", ""position"": 3.0, ""pit_in_time"": ""NaT"", ""pit_out_time"": ""NaT"", ""is_pit_in_lap"": false, ""is_pit_out_lap"": false, ""is_pit_lap"": false, ""is_sc_vsc_lap"": false, ""is_valid_lap_time"": true}"
laps,"{""season"": 2026, ""round"": 1, ""session_type"": ""Race"", ""event_name"": ""Australian Grand Prix"", ""driver"": ""RUS"", ""driver_number"": ""63"", ""team"": ""Mercedes"", ""lap_number"": 16, ""lap_time_s"": 82.923, ""compound"": ""HARD"", ""tyre_life"": 4.0, ""stint"": 2, ""track_status"": ""1"", ""position"": 3.0, ""pit_in_time"": ""NaT"", ""pit_out_time"": ""NaT"", ""is_pit_in_lap"": false, ""is_pit_out_lap"": false, ""is_pit_lap"": false, ""is_sc_vsc_lap"": false, ""is_valid_lap_time"": true}"
laps,"{""season"": 2026, ""round"": 1, ""session_type"": ""Race"", ""event_name"": ""Australian Grand Prix"", ""driver"": ""RUS"", ""driver_number"": ""63"", ""team"": ""Mercedes"", ""lap_number"": 17, ""lap_time_s"": 82.765, ""compound"": ""HARD"", ""tyre_life"": 5.0, ""stint"": 2, ""track_status"": ""1"", ""position"": 3.0, ""pit_in_time"": ""NaT"", ""pit_out_time"": ""NaT"", ""is_pit_in_lap"": false, ""is_pit_out_lap"": false, ""is_pit_lap"": false, ""is_sc_vsc_lap"": false, ""is_valid_lap_time"": true}"
laps,"{""season"": 2026, ""round"": 1, ""session_type"": ""Race"", ""event_name"": ""Australian Grand Prix"", ""driver"": ""RUS"", ""driver_number"": ""63"", ""team"": ""Mercedes"", ""lap_number"": 18, ""lap_time_s"": 88.979, ""compound"": ""HARD"", ""tyre_life"": 6.0, ""stint"": 2, ""track_status"": ""126"", ""position"": 3.0, ""pit_in_time"": ""NaT"", ""pit_out_time"": ""NaT"", ""is_pit_in_lap"": false, ""is_pit_out_lap"": false, ""is_pit_lap"": false, ""is_sc_vsc_lap"": true, ""is_valid_lap_time"": true}"
laps,"{""season"": 2026, ""round"": 1, ""session_type"": ""Race"", ""event_name"": ""Australian Grand Prix"", ""driver"": ""RUS"", ""driver_number"": ""63"", ""team"": ""Mercedes"", ""lap_number"": 19, ""lap_time_s"": 115.257, ""compound"": ""HARD"", ""tyre_life"": 7.0, ""stint"": 2, ""track_status"": ""6"", ""position"": 3.0, ""pit_in_time"": ""NaT"", ""pit_out_time"": ""NaT"", ""is_pit_in_lap"": false, ""is_pit_out_lap"": false, ""is_pit_lap"": false, ""is_sc_vsc_lap"": true, ""is_valid_lap_time"": true}"
laps,"{""season"": 2026, ""round"": 1, ""session_type"": ""Race"", ""event_name"": ""Australian Grand Prix"", ""driver"": ""RUS"", ""driver_number"": ""63"", ""team"": ""Mercedes"", ""lap_number"": 20, ""lap_time_s"": 90.936, ""compound"": ""HARD"", ""tyre_life"": 8.0, ""stint"": 2, ""track_status"": ""671"", ""position"": 3.0, ""pit_in_time"": ""NaT"", ""pit_out_time"": ""NaT"", ""is_pit_in_lap"": false, ""is_pit_out_lap"": false, ""is_pit_lap"": false, ""is_sc_vsc_lap"": true, ""is_valid_lap_time"": true}"
laps,"{""season"": 2026, ""round"": 1, ""session_type"": ""Race"", ""event_name"": ""Australian Grand Prix"", ""driver"": ""RUS"", ""driver_number"": ""63"", ""team"": ""Mercedes"", ""lap_number"": 21, ""lap_time_s"": 82.67, ""compound"": ""HARD"", ""tyre_life"": 9.0, ""stint"": 2, ""track_status"": ""1"", ""position"": 3.0, ""pit_in_time"": ""NaT"", ""pit_out_time"": ""NaT"", ""is_pit_in_lap"": false, ""is_pit_out_lap"": false, ""is_pit_lap"": false, ""is_sc_vsc_lap"": false, ""is_valid_lap_time"": true}"
laps,"{""season"": 2026, ""round"": 1, ""session_type"": ""Race"", ""event_name"": ""Australian Grand Prix"", ""driver"": ""RUS"", ""driver_number"": ""63"", ""team"": ""Mercedes"", ""lap_number"": 22, ""lap_time_s"": 82.892, ""compound"": ""HARD"", ""tyre_life"": 10.0, ""stint"": 2, ""track_status"": ""1"", ""position"": 3.0, ""pit_in_time"": ""NaT"", ""pit_out_time"": ""NaT"", ""is_pit_in_lap"": false, ""is_pit_out_lap"": false, ""is_pit_lap"": false, ""is_sc_vsc_lap"": false, ""is_valid_lap_time"": true}"
laps,"{""season"": 2026, ""round"": 1, ""session_type"": ""Race"", ""event_name"": ""Australian Grand Prix"", ""driver"": ""RUS"", ""driver_number"": ""63"", ""team"": ""Mercedes"", ""lap_number"": 23, ""lap_time_s"": 82.828, ""compound"": ""HARD"", ""tyre_life"": 11.0, ""stint"": 2, ""track_status"": ""1"", ""position"": 3.0, ""pit_in_time"": ""NaT"", ""pit_out_time"": ""NaT"", ""is_pit_in_lap"": false, ""is_pit_out_lap"": false, ""is_pit_lap"": false, ""is_sc_vsc_lap"": false, ""is_valid_lap_time"": true}"
laps,"{""season"": 2026, ""round"": 1, ""session_type"": ""Race"", ""event_name"": ""Australian Grand Prix"", ""driver"": ""RUS"", ""driver_number"": ""63"", ""team"": ""Mercedes"", ""lap_number"": 24, ""lap_time_s"": 83.466, ""compound"": ""HARD"", ""tyre_life"": 12.0, ""stint"": 2, ""track_status"": ""1"", ""position"": 3.0, ""pit_in_time"": ""NaT"", ""pit_out_time"": ""NaT"", ""is_pit_in_lap"": false, ""is_pit_out_lap"": false, ""is_pit_lap"": false, ""is_sc_vsc_lap"": false, ""is_valid_lap_time"": true}"
laps,"{""season"": 2026, ""round"": 1, ""session_type"": ""Race"", ""event_name"": ""Australian Grand Prix"", ""driver"": ""RUS"", ""driver_number"": ""63"", ""team"": ""Mercedes"", ""lap_number"": 25, ""lap_time_s"": 82.879, ""compound"": ""HARD"", ""tyre_life"": 13.0, ""stint"": 2, ""track_status"": ""1"", ""position"": 2.0, ""pit_in_time"": ""NaT"", ""pit_out_time"": ""NaT"", ""is_pit_in_lap"": false, ""is_pit_out_lap"": false, ""is_pit_lap"": false, ""is_sc_vsc_lap"": false, ""is_valid_lap_time"": true}"
laps,"{""season"": 2026, ""round"": 1, ""session_type"": ""Race"", ""event_name"": ""Australian Grand Prix"", ""driver"": ""RUS"", ""driver_number"": ""63"", ""team"": ""Mercedes"", ""lap_number"": 26, ""lap_time_s"": 83.093, ""compound"": ""HARD"", ""tyre_life"": 14.0, ""stint"": 2, ""track_status"": ""1"", ""position"": 2.0, ""pit_in_time"": ""NaT"", ""pit_out_time"": ""NaT"", ""is_pit_in_lap"": false, ""is_pit_out_lap"": false, ""is_pit_lap"": false, ""is_sc_vsc_lap"": false, ""is_valid_lap_time"": true}"
laps,"{""season"": 2026, ""round"": 1, ""session_type"": ""Race"", ""event_name"": ""Australian Grand Prix"", ""driver"": ""RUS"", ""driver_number"": ""63"", ""team"": ""Mercedes"", ""lap_number"": 27, ""lap_time_s"": 83.188, ""compound"": ""HARD"", ""tyre_life"": 15.0, ""stint"": 2, ""track_status"": ""1"", ""position"": 2.0, ""pit_in_time"": ""NaT"", ""pit_out_time"": ""NaT"", ""is_pit_in_lap"": false, ""is_pit_out_lap"": false, ""is_pit_lap"": false, ""is_sc_vsc_lap"": false, ""is_valid_lap_time"": true}"
laps,"{""season"": 2026, ""round"": 1, ""session_type"": ""Race"", ""event_name"": ""Australian Grand Prix"", ""driver"": ""RUS"", ""driver_number"": ""63"", ""team"": ""Mercedes"", ""lap_number"": 28, ""lap_time_s"": 83.39, ""compound"": ""HARD"", ""tyre_life"": 16.0, ""stint"": 2, ""track_status"": ""1"", ""position"": 1.0, ""pit_in_time"": ""NaT"", ""pit_out_time"": ""NaT"", ""is_pit_in_lap"": false, ""is_pit_out_lap"": false, ""is_pit_lap"": false, ""is_sc_vsc_lap"": false, ""is_valid_lap_time"": true}"
laps,"{""season"": 2026, ""round"": 1, ""session_type"": ""Race"", ""event_name"": ""Australian Grand Prix"", ""driver"": ""RUS"", ""driver_number"": ""63"", ""team"": ""Mercedes"", ""lap_number"": 29, ""lap_time_s"": 83.486, ""compound"": ""HARD"", ""tyre_life"": 17.0, ""stint"": 2, ""track_status"": ""1"", ""position"": 1.0, ""pit_in_time"": ""NaT"", ""pit_out_time"": ""NaT"", ""is_pit_in_lap"": false, ""is_pit_out_lap"": false, ""is_pit_lap"": false, ""is_sc_vsc_lap"": false, ""is_valid_lap_time"": true}"
laps,"{""season"": 2026, ""round"": 1, ""session_type"": ""Race"", ""event_name"": ""Australian Grand Prix"", ""driver"": ""RUS"", ""driver_number"": ""63"", ""team"": ""Mercedes"", ""lap_number"": 30, ""lap_time_s"": 83.272, ""compound"": ""HARD"", ""tyre_life"": 18.0, ""stint"": 2, ""track_status"": ""1"", ""position"": 1.0, ""pit_in_time"": ""NaT"", ""pit_out_time"": ""NaT"", ""is_pit_in_lap"": false, ""is_pit_out_lap"": false, ""is_pit_lap"": false, ""is_sc_vsc_lap"": false, ""is_valid_lap_time"": true}"
laps,"{""season"": 2026, ""round"": 1, ""session_type"": ""Race"", ""event_name"": ""Australian Grand Prix"", ""driver"": ""RUS"", ""driver_number"": ""63"", ""team"": ""Mercedes"", ""lap_number"": 31, ""lap_time_s"": 83.147, ""compound"": ""HARD"", ""tyre_life"": 19.0, ""stint"": 2, ""track_status"": ""1"", ""position"": 1.0, ""pit_in_time"": ""NaT"", ""pit_out_time"": ""NaT"", ""is_pit_in_lap"": false, ""is_pit_out_lap"": false, ""is_pit_lap"": false, ""is_sc_vsc_lap"": false, ""is_valid_lap_time"": true}"
laps,"{""season"": 2026, ""round"": 1, ""session_type"": ""Race"", ""event_name"": ""Australian Grand Prix"", ""driver"": ""RUS"", ""driver_number"": ""63"", ""team"": ""Mercedes"", ""lap_number"": 32, ""lap_time_s"": 83.54, ""compound"": ""HARD"", ""tyre_life"": 20.0, ""stint"": 2, ""track_status"": ""1"", ""position"": 1.0, ""pit_in_time"": ""NaT"", ""pit_out_time"": ""NaT"", ""is_pit_in_lap"": false, ""is_pit_out_lap"": false, ""is_pit_lap"": false, ""is_sc_vsc_lap"": false, ""is_valid_lap_time"": true}"
laps,"{""season"": 2026, ""round"": 1, ""session_type"": ""Race"", ""event_name"": ""Australian Grand Prix"", ""driver"": ""RUS"", ""driver_number"": ""63"", ""team"": ""Mercedes"", ""lap_number"": 33, ""lap_time_s"": 83.838, ""compound"": ""HARD"", ""tyre_life"": 21.0, ""stint"": 2, ""track_status"": ""1"", ""position"": 1.0, ""pit_in_time"": ""NaT"", ""pit_out_time"": ""NaT"", ""is_pit_in_lap"": false, ""is_pit_out_lap"": false, ""is_pit_lap"": false, ""is_sc_vsc_lap"": false, ""is_valid_lap_time"": true}"
laps,"{""season"": 2026, ""round"": 1, ""session_type"": ""Race"", ""event_name"": ""Australian Grand Prix"", ""driver"": ""RUS"", ""driver_number"": ""63"", ""team"": ""Mercedes"", ""lap_number"": 34, ""lap_time_s"": 97.592, ""compound"": ""HARD"", ""tyre_life"": 22.0, ""stint"": 2, ""track_status"": ""167"", ""position"": 1.0, ""pit_in_time"": ""NaT"", ""pit_out_time"": ""NaT"", ""is_pit_in_lap"": false, ""is_pit_out_lap"": false, ""is_pit_lap"": false, ""is_sc_vsc_lap"": true, ""is_valid_lap_time"": true}"
laps,"{""season"": 2026, ""round"": 1, ""session_type"": ""Race"", ""event_name"": ""Australian Grand Prix"", ""driver"": ""RUS"", ""driver_number"": ""63"", ""team"": ""Mercedes"", ""lap_number"": 35, ""lap_time_s"": 83.017, ""compound"": ""HARD"", ""tyre_life"": 23.0, ""stint"": 2, ""track_status"": ""1"", ""position"": 1.0, ""pit_in_time"": ""NaT"", ""pit_out_time"": ""NaT"", ""is_pit_in_lap"": false, ""is_pit_out_lap"": false, ""is_pit_lap"": false, ""is_sc_vsc_lap"": false, ""is_valid_lap_time"": true}"
laps,"{""season"": 2026, ""round"": 1, ""session_type"": ""Race"", ""event_name"": ""Australian Grand Prix"", ""driver"": ""RUS"", ""driver_number"": ""63"", ""team"": ""Mercedes"", ""lap_number"": 36, ""lap_time_s"": 82.729, ""compound"": ""HARD"", ""tyre_life"": 24.0, ""stint"": 2, ""track_status"": ""1"", ""position"": 1.0, ""pit_in_time"": ""NaT"", ""pit_out_time"": ""NaT"", ""is_pit_in_lap"": false, ""is_pit_out_lap"": false, ""is_pit_lap"": false, ""is_sc_vsc_lap"": false, ""is_valid_lap_time"": true}"
laps,"{""season"": 2026, ""round"": 1, ""session_type"": ""Race"", ""event_name"": ""Australian Grand Prix"", ""driver"": ""RUS"", ""driver_number"": ""63"", ""team"": ""Mercedes"", ""lap_number"": 37, ""lap_time_s"": 82.839, ""compound"": ""HARD"", ""tyre_life"": 25.0, ""stint"": 2, ""track_status"": ""1"", ""position"": 1.0, ""pit_in_time"": ""NaT"", ""pit_out_time"": ""NaT"", ""is_pit_in_lap"": false, ""is_pit_out_lap"": false, ""is_pit_lap"": false, ""is_sc_vsc_lap"": false, ""is_valid_lap_time"": true}"
laps,"{""season"": 2026, ""round"": 1, ""session_type"": ""Race"", ""event_name"": ""Australian Grand Prix"", ""driver"": ""RUS"", ""driver_number"": ""63"", ""team"": ""Mercedes"", ""lap_number"": 38, ""lap_time_s"": 82.863, ""compound"": ""HARD"", ""tyre_life"": 26.0, ""stint"": 2, ""track_status"": ""1"", ""position"": 1.0, ""pit_in_time"": ""NaT"", ""pit_out_time"": ""NaT"", ""is_pit_in_lap"": false, ""is_pit_out_lap"": false, ""is_pit_lap"": false, ""is_sc_vsc_lap"": false, ""is_valid_lap_time"": true}"
laps,"{""season"": 2026, ""round"": 1, ""session_type"": ""Race"", ""event_name"": ""Australian Grand Prix"", ""driver"": ""RUS"", ""driver_number"": ""63"", ""team"": ""Mercedes"", ""lap_number"": 39, ""lap_time_s"": 82.738, ""compound"": ""HARD"", ""tyre_life"": 27.0, ""stint"": 2, ""track_status"": ""1"", ""position"": 1.0, ""pit_in_time"": ""NaT"", ""pit_out_time"": ""NaT"", ""is_pit_in_lap"": false, ""is_pit_out_lap"": false, ""is_pit_lap"": false, ""is_sc_vsc_lap"": false, ""is_valid_lap_time"": true}"
laps,"{""season"": 2026, ""round"": 1, ""session_type"": ""Race"", ""event_name"": ""Australian Grand Prix"", ""driver"": ""RUS"", ""driver_number"": ""63"", ""team"": ""Mercedes"", ""lap_number"": 40, ""lap_time_s"": 82.915, ""compound"": ""HARD"", ""tyre_life"": 28.0, ""stint"": 2, ""track_status"": ""1"", ""position"": 1.0, ""pit_in_time"": ""NaT"", ""pit_out_time"": ""NaT"", ""is_pit_in_lap"": false, ""is_pit_out_lap"": false, ""is_pit_lap"": false, ""is_sc_vsc_lap"": false, ""is_valid_lap_time"": true}"
laps,"{""season"": 2026, ""round"": 1, ""session_type"": ""Race"", ""event_name"": ""Australian Grand Prix"", ""driver"": ""RUS"", ""driver_number"": ""63"", ""team"": ""Mercedes"", ""lap_number"": 41, ""lap_time_s"": 83.073, ""compound"": ""HARD"", ""tyre_life"": 29.0, ""stint"": 2, ""track_status"": ""1"", ""position"": 1.0, ""pit_in_time"": ""NaT"", ""pit_out_time"": ""NaT"", ""is_pit_in_lap"": false, ""is_pit_out_lap"": false, ""is_pit_lap"": false, ""is_sc_vsc_lap"": false, ""is_valid_lap_time"": true}"
laps,"{""season"": 2026, ""round"": 1, ""session_type"": ""Race"", ""event_name"": ""Australian Grand Prix"", ""driver"": ""RUS"", ""driver_number"": ""63"", ""team"": ""Mercedes"", ""lap_number"": 42, ""lap_time_s"": 83.054, ""compound"": ""HARD"", ""tyre_life"": 30.0, ""stint"": 2, ""track_status"": ""1"", ""position"": 1.0, ""pit_in_time"": ""NaT"", ""pit_out_time"": ""NaT"", ""is_pit_in_lap"": false, ""is_pit_out_lap"": false, ""is_pit_lap"": false, ""is_sc_vsc_lap"": false, ""is_valid_lap_time"": true}"
laps,"{""season"": 2026, ""round"": 1, ""session_type"": ""Race"", ""event_name"": ""Australian Grand Prix"", ""driver"": ""RUS"", ""driver_number"": ""63"", ""team"": ""Mercedes"", ""lap_number"": 43, ""lap_time_s"": 82.893, ""compound"": ""HARD"", ""tyre_life"": 31.0, ""stint"": 2, ""track_status"": ""1"", ""position"": 1.0, ""pit_in_time"": ""NaT"", ""pit_out_time"": ""NaT"", ""is_pit_in_lap"": false, ""is_pit_out_lap"": false, ""is_pit_lap"": false, ""is_sc_vsc_lap"": false, ""is_valid_lap_time"": true}"
laps,"{""season"": 2026, ""round"": 1, ""session_type"": ""Race"", ""event_name"": ""Australian Grand Prix"", ""driver"": ""RUS"", ""driver_number"": ""63"", ""team"": ""Mercedes"", ""lap_number"": 44, ""lap_time_s"": 82.856, ""compound"": ""HARD"", ""tyre_life"": 32.0, ""stint"": 2, ""track_status"": ""1"", ""position"": 1.0, ""pit_in_time"": ""NaT"", ""pit_out_time"": ""NaT"", ""is_pit_in_lap"": false, ""is_pit_out_lap"": false, ""is_pit_lap"": false, ""is_sc_vsc_lap"": false, ""is_valid_lap_time"": true}"
laps,"{""season"": 2026, ""round"": 1, ""session_type"": ""Race"", ""event_name"": ""Australian Grand Prix"", ""driver"": ""RUS"", ""driver_number"": ""63"", ""team"": ""Mercedes"", ""lap_number"": 45, ""lap_time_s"": 83.477, ""compound"": ""HARD"", ""tyre_life"": 33.0, ""stint"": 2, ""track_status"": ""1"", ""position"": 1.0, ""pit_in_time"": ""NaT"", ""pit_out_time"": ""NaT"", ""is_pit_in_lap"": false, ""is_pit_out_lap"": false, ""is_pit_lap"": false, ""is_sc_vsc_lap"": false, ""is_valid_lap_time"": true}"
laps,"{""season"": 2026, ""round"": 1, ""session_type"": ""Race"", ""event_name"": ""Australian Grand Prix"", ""driver"": ""RUS"", ""driver_number"": ""63"", ""team"": ""Mercedes"", ""lap_number"": 46, ""lap_time_s"": 83.751, ""compound"": ""HARD"", ""tyre_life"": 34.0, ""stint"": 2, ""track_status"": ""1"", ""position"": 1.0, ""pit_in_time"": ""NaT"", ""pit_out_time"": ""NaT"", ""is_pit_in_lap"": false, ""is_pit_out_lap"": false, ""is_pit_lap"": false, ""is_sc_vsc_lap"": false, ""is_valid_lap_time"": true}"
laps,"{""season"": 2026, ""round"": 1, ""session_type"": ""Race"", ""event_name"": ""Australian Grand Prix"", ""driver"": ""RUS"", ""driver_number"": ""63"", ""team"": ""Mercedes"", ""lap_number"": 47, ""lap_time_s"": 83.033, ""compound"": ""HARD"", ""tyre_life"": 35.0, ""stint"": 2, ""track_status"": ""1"", ""position"": 1.0, ""pit_in_time"": ""NaT"", ""pit_out_time"": ""NaT"", ""is_pit_in_lap"": false, ""is_pit_out_lap"": false, ""is_pit_lap"": false, ""is_sc_vsc_lap"": false, ""is_valid_lap_time"": true}"
laps,"{""season"": 2026, ""round"": 1, ""session_type"": ""Race"", ""event_name"": ""Australian Grand Prix"", ""driver"": ""RUS"", ""driver_number"": ""63"", ""team"": ""Mercedes"", ""lap_number"": 48, ""lap_time_s"": 83.034, ""compound"": ""HARD"", ""tyre_life"": 36.0, ""stint"": 2, ""track_status"": ""1"", ""position"": 1.0, ""pit_in_time"": ""NaT"", ""pit_out_time"": ""NaT"", ""is_pit_in_lap"": false, ""is_pit_out_lap"": false, ""is_pit_lap"": false, ""is_sc_vsc_lap"": false, ""is_valid_lap_time"": true}"
laps,"{""season"": 2026, ""round"": 1, ""session_type"": ""Race"", ""event_name"": ""Australian Grand Prix"", ""driver"": ""RUS"", ""driver_number"": ""63"", ""team"": ""Mercedes"", ""lap_number"": 49, ""lap_time_s"": 82.844, ""compound"": ""HARD"", ""tyre_life"": 37.0, ""stint"": 2, ""track_status"": ""1"", ""position"": 1.0, ""pit_in_time"": ""NaT"", ""pit_out_time"": ""NaT"", ""is_pit_in_lap"": false, ""is_pit_out_lap"": false, ""is_pit_lap"": false, ""is_sc_vsc_lap"": false, ""is_valid_lap_time"": true}"
laps,"{""season"": 2026, ""round"": 1, ""session_type"": ""Race"", ""event_name"": ""Australian Grand Prix"", ""driver"": ""RUS"", ""driver_number"": ""63"", ""team"": ""Mercedes"", ""lap_number"": 50, ""lap_time_s"": 83.087, ""compound"": ""HARD"", ""tyre_life"": 38.0, ""stint"": 2, ""track_status"": ""1"", ""position"": 1.0, ""pit_in_time"": ""NaT"", ""pit_out_time"": ""NaT"", ""is_pit_in_lap"": false, ""is_pit_out_lap"": false, ""is_pit_lap"": false, ""is_sc_vsc_lap"": false, ""is_valid_lap_time"": true}"
laps,"{""season"": 2026, ""round"": 1, ""session_type"": ""Race"", ""event_name"": ""Australian Grand Prix"", ""driver"": ""RUS"", ""driver_number"": ""63"", ""team"": ""Mercedes"", ""lap_number"": 51, ""lap_time_s"": 82.762, ""compound"": ""HARD"", ""tyre_life"": 39.0, ""stint"": 2, ""track_status"": ""1"", ""position"": 1.0, ""pit_in_time"": ""NaT"", ""pit_out_time"": ""NaT"", ""is_pit_in_lap"": false, ""is_pit_out_lap"": false, ""is_pit_lap"": false, ""is_sc_vsc_lap"": false, ""is_valid_lap_time"": true}"
laps,"{""season"": 2026, ""round"": 1, ""session_type"": ""Race"", ""event_name"": ""Australian Grand Prix"", ""driver"": ""RUS"", ""driver_number"": ""63"", ""team"": ""Mercedes"", ""lap_number"": 52, ""lap_time_s"": 83.106, ""compound"": ""HARD"", ""tyre_life"": 40.0, ""stint"": 2, ""track_status"": ""1"", ""position"": 1.0, ""pit_in_time"": ""NaT"", ""pit_out_time"": ""NaT"", ""is_pit_in_lap"": false, ""is_pit_out_lap"": false, ""is_pit_lap"": false, ""is_sc_vsc_lap"": false, ""is_valid_lap_time"": true}"
laps,"{""season"": 2026, ""round"": 1, ""session_type"": ""Race"", ""event_name"": ""Australian Grand Prix"", ""driver"": ""RUS"", ""driver_number"": ""63"", ""team"": ""Mercedes"", ""lap_number"": 53, ""lap_time_s"": 83.069, ""compound"": ""HARD"", ""tyre_life"": 41.0, ""stint"": 2, ""track_status"": ""1"", ""position"": 1.0, ""pit_in_time"": ""NaT"", ""pit_out_time"": ""NaT"", ""is_pit_in_lap"": false, ""is_pit_out_lap"": false, ""is_pit_lap"": false, ""is_sc_vsc_lap"": false, ""is_valid_lap_time"": true}"
laps,"{""season"": 2026, ""round"": 1, ""session_type"": ""Race"", ""event_name"": ""Australian Grand Prix"", ""driver"": ""RUS"", ""driver_number"": ""63"", ""team"": ""Mercedes"", ""lap_number"": 54, ""lap_time_s"": 83.1, ""compound"": ""HARD"", ""tyre_life"": 42.0, ""stint"": 2, ""track_status"": ""1"", ""position"": 1.0, ""pit_in_time"": ""NaT"", ""pit_out_time"": ""NaT"", ""is_pit_in_lap"": false, ""is_pit_out_lap"": false, ""is_pit_lap"": false, ""is_sc_vsc_lap"": false, ""is_valid_lap_time"": true}"
laps,"{""season"": 2026, ""round"": 1, ""session_type"": ""Race"", ""event_name"": ""Australian Grand Prix"", ""driver"": ""RUS"", ""driver_number"": ""63"", ""team"": ""Mercedes"", ""lap_number"": 55, ""lap_time_s"": 82.67, ""compound"": ""HARD"", ""tyre_life"": 43.0, ""stint"": 2, ""track_status"": ""1"", ""position"": 1.0, ""pit_in_time"": ""NaT"", ""pit_out_time"": ""NaT"", ""is_pit_in_lap"": false, ""is_pit_out_lap"": false, ""is_pit_lap"": false, ""is_sc_vsc_lap"": false, ""is_valid_lap_time"": true}"
laps,"{""season"": 2026, ""round"": 1, ""session_type"": ""Race"", ""event_name"": ""Australian Grand Prix"", ""driver"": ""RUS"", ""driver_number"": ""63"", ""team"": ""Mercedes"", ""lap_number"": 56, ""lap_time_s"": 82.757, ""compound"": ""HARD"", ""tyre_life"": 44.0, ""stint"": 2, ""track_status"": ""1"", ""position"": 1.0, ""pit_in_time"": ""NaT"", ""pit_out_time"": ""NaT"", ""is_pit_in_lap"": false, ""is_pit_out_lap"": false, ""is_pit_lap"": false, ""is_sc_vsc_lap"": false, ""is_valid_lap_time"": true}"
laps,"{""season"": 2026, ""round"": 1, ""session_type"": ""Race"", ""event_name"": ""Australian Grand Prix"", ""driver"": ""RUS"", ""driver_number"": ""63"", ""team"": ""Mercedes"", ""lap_number"": 57, ""lap_time_s"": 83.188, ""compound"": ""HARD"", ""tyre_life"": 45.0, ""stint"": 2, ""track_status"": ""1"", ""position"": 1.0, ""pit_in_time"": ""NaT"", ""pit_out_time"": ""NaT"", ""is_pit_in_lap"": false, ""is_pit_out_lap"": false, ""is_pit_lap"": false, ""is_sc_vsc_lap"": false, ""is_valid_lap_time"": true}"
laps,"{""season"": 2026, ""round"": 1, ""session_type"": ""Race"", ""event_name"": ""Australian Grand Prix"", ""driver"": ""RUS"", ""driver_number"": ""63"", ""team"": ""Mercedes"", ""lap_number"": 58, ""lap_time_s"": 83.351, ""compound"": ""HARD"", ""tyre_life"": 46.0, ""stint"": 2, ""track_status"": ""1"", ""position"": 1.0, ""pit_in_time"": ""NaT"", ""pit_out_time"": ""NaT"", ""is_pit_in_lap"": false, ""is_pit_out_lap"": false, ""is_pit_lap"": false, ""is_sc_vsc_lap"": false, ""is_valid_lap_time"": true}"
laps_filtered,"{""season"": 2026, ""round"": 1, ""session_type"": ""Race"", ""event_name"": ""Australian Grand Prix"", ""driver"": ""LEC"", ""driver_number"": ""16"", ""team"": ""Ferrari"", ""lap_number"": 1, ""lap_time_s"": 91.929, ""compound"": ""MEDIUM"", ""tyre_life"": 1.0, ""stint"": 1, ""track_status"": ""1"", ""position"": 1.0, ""pit_in_time"": ""NaT"", ""pit_out_time"": ""NaT"", ""is_pit_in_lap"": false, ""is_pit_out_lap"": false, ""is_pit_lap"": false, ""is_sc_vsc_lap"": false, ""is_valid_lap_time"": true, ""filter_reason_list"": [], ""include_for_lap_time_plot"": true, ""include_for_delta_plot"": true, ""include_for_fit"": true, ""filter_reason"": null}"
laps_filtered,"{""season"": 2026, ""round"": 1, ""session_type"": ""Race"", ""event_name"": ""Australian Grand Prix"", ""driver"": ""LEC"", ""driver_number"": ""16"", ""team"": ""Ferrari"", ""lap_number"": 2, ""lap_time_s"": 86.212, ""compound"": ""MEDIUM"", ""tyre_life"": 2.0, ""stint"": 1, ""track_status"": ""1"", ""position"": 2.0, ""pit_in_time"": ""NaT"", ""pit_out_time"": ""NaT"", ""is_pit_in_lap"": false, ""is_pit_out_lap"": false, ""is_pit_lap"": false, ""is_sc_vsc_lap"": false, ""is_valid_lap_time"": true, ""filter_reason_list"": [], ""include_for_lap_time_plot"": true, ""include_for_delta_plot"": true, ""include_for_fit"": true, ""filter_reason"": null}"
laps_filtered,"{""season"": 2026, ""round"": 1, ""session_type"": ""Race"", ""event_name"": ""Australian Grand Prix"", ""driver"": ""LEC"", ""driver_number"": ""16"", ""team"": ""Ferrari"", ""lap_number"": 3, ""lap_time_s"": 85.453, ""compound"": ""MEDIUM"", ""tyre_life"": 3.0, ""stint"": 1, ""track_status"": ""1"", ""position"": 1.0, ""pit_in_time"": ""NaT"", ""pit_out_time"": ""NaT"", ""is_pit_in_lap"": false, ""is_pit_out_lap"": false, ""is_pit_lap"": false, ""is_sc_vsc_lap"": false, ""is_valid_lap_time"": true, ""filter_reason_list"": [], ""include_for_lap_time_plot"": true, ""include_for_delta_plot"": true, ""include_for_fit"": true, ""filter_reason"": null}"
laps_filtered,"{""season"": 2026, ""round"": 1, ""session_type"": ""Race"", ""event_name"": ""Australian Grand Prix"", ""driver"": ""LEC"", ""driver_number"": ""16"", ""team"": ""Ferrari"", ""lap_number"": 4, ""lap_time_s"": 84.553, ""compound"": ""MEDIUM"", ""tyre_life"": 4.0, ""stint"": 1, ""track_status"": ""1"", ""position"": 1.0, ""pit_in_time"": ""NaT"", ""pit_out_time"": ""NaT"", ""is_pit_in_lap"": false, ""is_pit_out_lap"": false, ""is_pit_lap"": false, ""is_sc_vsc_lap"": false, ""is_valid_lap_time"": true, ""filter_reason_list"": [], ""include_for_lap_time_plot"": true, ""include_for_delta_plot"": true, ""include_for_fit"": true, ""filter_reason"": null}"
laps_filtered,"{""season"": 2026, ""round"": 1, ""session_type"": ""Race"", ""event_name"": ""Australian Grand Prix"", ""driver"": ""LEC"", ""driver_number"": ""16"", ""team"": ""Ferrari"", ""lap_number"": 5, ""lap_time_s"": 83.981, ""compound"": ""MEDIUM"", ""tyre_life"": 5.0, ""stint"": 1, ""track_status"": ""1"", ""position"": 1.0, ""pit_in_time"": ""NaT"", ""pit_out_time"": ""NaT"", ""is_pit_in_lap"": false, ""is_pit_out_lap"": false, ""is_pit_lap"": false, ""is_sc_vsc_lap"": false, ""is_valid_lap_time"": true, ""filter_reason_list"": [], ""include_for_lap_time_plot"": true, ""include_for_delta_plot"": true, ""include_for_fit"": true, ""filter_reason"": null}"
laps_filtered,"{""season"": 2026, ""round"": 1, ""session_type"": ""Race"", ""event_name"": ""Australian Grand Prix"", ""driver"": ""LEC"", ""driver_number"": ""16"", ""team"": ""Ferrari"", ""lap_number"": 6, ""lap_time_s"": 84.822, ""compound"": ""MEDIUM"", ""tyre_life"": 6.0, ""stint"": 1, ""track_status"": ""1"", ""position"": 1.0, ""pit_in_time"": ""NaT"", ""pit_out_time"": ""NaT"", ""is_pit_in_lap"": false, ""is_pit_out_lap"": false, ""is_pit_lap"": false, ""is_sc_vsc_lap"": false, ""is_valid_lap_time"": true, ""filter_reason_list"": [], ""include_for_lap_time_plot"": true, ""include_for_delta_plot"": true, ""include_for_fit"": true, ""filter_reason"": null}"
laps_filtered,"{""season"": 2026, ""round"": 1, ""session_type"": ""Race"", ""event_name"": ""Australian Grand Prix"", ""driver"": ""LEC"", ""driver_number"": ""16"", ""team"": ""Ferrari"", ""lap_number"": 7, ""lap_time_s"": 84.034, ""compound"": ""MEDIUM"", ""tyre_life"": 7.0, ""stint"": 1, ""track_status"": ""1"", ""position"": 1.0, ""pit_in_time"": ""NaT"", ""pit_out_time"": ""NaT"", ""is_pit_in_lap"": false, ""is_pit_out_lap"": false, ""is_pit_lap"": false, ""is_sc_vsc_lap"": false, ""is_valid_lap_time"": true, ""filter_reason_list"": [], ""include_for_lap_time_plot"": true, ""include_for_delta_plot"": true, ""include_for_fit"": true, ""filter_reason"": null}"
laps_filtered,"{""season"": 2026, ""round"": 1, ""session_type"": ""Race"", ""event_name"": ""Australian Grand Prix"", ""driver"": ""LEC"", ""driver_number"": ""16"", ""team"": ""Ferrari"", ""lap_number"": 8, ""lap_time_s"": 85.563, ""compound"": ""MEDIUM"", ""tyre_life"": 8.0, ""stint"": 1, ""track_status"": ""1"", ""position"": 1.0, ""pit_in_time"": ""NaT"", ""pit_out_time"": ""NaT"", ""is_pit_in_lap"": false, ""is_pit_out_lap"": false, ""is_pit_lap"": false, ""is_sc_vsc_lap"": false, ""is_valid_lap_time"": true, ""filter_reason_list"": [], ""include_for_lap_time_plot"": true, ""include_for_delta_plot"": true, ""include_for_fit"": true, ""filter_reason"": null}"
laps_filtered,"{""season"": 2026, ""round"": 1, ""session_type"": ""Race"", ""event_name"": ""Australian Grand Prix"", ""driver"": ""LEC"", ""driver_number"": ""16"", ""team"": ""Ferrari"", ""lap_number"": 9, ""lap_time_s"": 85.602, ""compound"": ""MEDIUM"", ""tyre_life"": 9.0, ""stint"": 1, ""track_status"": ""1"", ""position"": 1.0, ""pit_in_time"": ""NaT"", ""pit_out_time"": ""NaT"", ""is_pit_in_lap"": false, ""is_pit_out_lap"": false, ""is_pit_lap"": false, ""is_sc_vsc_lap"": false, ""is_valid_lap_time"": true, ""filter_reason_list"": [], ""include_for_lap_time_plot"": true, ""include_for_delta_plot"": true, ""include_for_fit"": true, ""filter_reason"": null}"
laps_filtered,"{""season"": 2026, ""round"": 1, ""session_type"": ""Race"", ""event_name"": ""Australian Grand Prix"", ""driver"": ""LEC"", ""driver_number"": ""16"", ""team"": ""Ferrari"", ""lap_number"": 10, ""lap_time_s"": 83.977, ""compound"": ""MEDIUM"", ""tyre_life"": 10.0, ""stint"": 1, ""track_status"": ""1"", ""position"": 1.0, ""pit_in_time"": ""NaT"", ""pit_out_time"": ""NaT"", ""is_pit_in_lap"": false, ""is_pit_out_lap"": false, ""is_pit_lap"": false, ""is_sc_vsc_lap"": false, ""is_valid_lap_time"": true, ""filter_reason_list"": [], ""include_for_lap_time_plot"": true, ""include_for_delta_plot"": true, ""include_for_fit"": true, ""filter_reason"": null}"
laps_filtered,"{""season"": 2026, ""round"": 1, ""session_type"": ""Race"", ""event_name"": ""Australian Grand Prix"", ""driver"": ""LEC"", ""driver_number"": ""16"", ""team"": ""Ferrari"", ""lap_number"": 11, ""lap_time_s"": 83.798, ""compound"": ""MEDIUM"", ""tyre_life"": 11.0, ""stint"": 1, ""track_status"": ""1"", ""position"": 1.0, ""pit_in_time"": ""NaT"", ""pit_out_time"": ""NaT"", ""is_pit_in_lap"": false, ""is_pit_out_lap"": false, ""is_pit_lap"": false, ""is_sc_vsc_lap"": false, ""is_valid_lap_time"": true, ""filter_reason_list"": [], ""include_for_lap_time_plot"": true, ""include_for_delta_plot"": true, ""include_for_fit"": true, ""filter_reason"": null}"
laps_filtered,"{""season"": 2026, ""round"": 1, ""session_type"": ""Race"", ""event_name"": ""Australian Grand Prix"", ""driver"": ""LEC"", ""driver_number"": ""16"", ""team"": ""Ferrari"", ""lap_number"": 12, ""lap_time_s"": 114.008, ""compound"": ""MEDIUM"", ""tyre_life"": 12.0, ""stint"": 1, ""track_status"": ""16"", ""position"": 1.0, ""pit_in_time"": ""NaT"", ""pit_out_time"": ""NaT"", ""is_pit_in_lap"": false, ""is_pit_out_lap"": false, ""is_pit_lap"": false, ""is_sc_vsc_lap"": true, ""is_valid_lap_time"": true, ""filter_reason_list"": [], ""include_for_lap_time_plot"": true, ""include_for_delta_plot"": true, ""include_for_fit"": true, ""filter_reason"": null}"
laps_filtered,"{""season"": 2026, ""round"": 1, ""session_type"": ""Race"", ""event_name"": ""Australian Grand Prix"", ""driver"": ""LEC"", ""driver_number"": ""16"", ""team"": ""Ferrari"", ""lap_number"": 13, ""lap_time_s"": 115.178, ""compound"": ""MEDIUM"", ""tyre_life"": 13.0, ""stint"": 1, ""track_status"": ""6"", ""position"": 1.0, ""pit_in_time"": ""NaT"", ""pit_out_time"": ""NaT"", ""is_pit_in_lap"": false, ""is_pit_out_lap"": false, ""is_pit_lap"": false, ""is_sc_vsc_lap"": true, ""is_valid_lap_time"": true, ""filter_reason_list"": [], ""include_for_lap_time_plot"": true, ""include_for_delta_plot"": true, ""include_for_fit"": true, ""filter_reason"": null}"
laps_filtered,"{""season"": 2026, ""round"": 1, ""session_type"": ""Race"", ""event_name"": ""Australian Grand Prix"", ""driver"": ""LEC"", ""driver_number"": ""16"", ""team"": ""Ferrari"", ""lap_number"": 14, ""lap_time_s"": 90.489, ""compound"": ""MEDIUM"", ""tyre_life"": 14.0, ""stint"": 1, ""track_status"": ""671"", ""position"": 1.0, ""pit_in_time"": ""NaT"", ""pit_out_time"": ""NaT"", ""is_pit_in_lap"": false, ""is_pit_out_lap"": false, ""is_pit_lap"": false, ""is_sc_vsc_lap"": true, ""is_valid_lap_time"": true, ""filter_reason_list"": [], ""include_for_lap_time_plot"": true, ""include_for_delta_plot"": true, ""include_for_fit"": true, ""filter_reason"": null}"
laps_filtered,"{""season"": 2026, ""round"": 1, ""session_type"": ""Race"", ""event_name"": ""Australian Grand Prix"", ""driver"": ""LEC"", ""driver_number"": ""16"", ""team"": ""Ferrari"", ""lap_number"": 15, ""lap_time_s"": 83.765, ""compound"": ""MEDIUM"", ""tyre_life"": 15.0, ""stint"": 1, ""track_status"": ""1"", ""position"": 1.0, ""pit_in_time"": ""NaT"", ""pit_out_time"": ""NaT"", ""is_pit_in_lap"": false, ""is_pit_out_lap"": false, ""is_pit_lap"": false, ""is_sc_vsc_lap"": false, ""is_valid_lap_time"": true, ""filter_reason_list"": [], ""include_for_lap_time_plot"": true, ""include_for_delta_plot"": true, ""include_for_fit"": true, ""filter_reason"": null}"
laps_filtered,"{""season"": 2026, ""round"": 1, ""session_type"": ""Race"", ""event_name"": ""Australian Grand Prix"", ""driver"": ""LEC"", ""driver_number"": ""16"", ""team"": ""Ferrari"", ""lap_number"": 16, ""lap_time_s"": 83.511, ""compound"": ""MEDIUM"", ""tyre_life"": 16.0, ""stint"": 1, ""track_status"": ""1"", ""position"": 1.0, ""pit_in_time"": ""NaT"", ""pit_out_time"": ""NaT"", ""is_pit_in_lap"": false, ""is_pit_out_lap"": false, ""is_pit_lap"": false, ""is_sc_vsc_lap"": false, ""is_valid_lap_time"": true, ""filter_reason_list"": [], ""include_for_lap_time_plot"": true, ""include_for_delta_plot"": true, ""include_for_fit"": true, ""filter_reason"": null}"
laps_filtered,"{""season"": 2026, ""round"": 1, ""session_type"": ""Race"", ""event_name"": ""Australian Grand Prix"", ""driver"": ""LEC"", ""driver_number"": ""16"", ""team"": ""Ferrari"", ""lap_number"": 17, ""lap_time_s"": 84.356, ""compound"": ""MEDIUM"", ""tyre_life"": 17.0, ""stint"": 1, ""track_status"": ""1"", ""position"": 1.0, ""pit_in_time"": ""NaT"", ""pit_out_time"": ""NaT"", ""is_pit_in_lap"": false, ""is_pit_out_lap"": false, ""is_pit_lap"": false, ""is_sc_vsc_lap"": false, ""is_valid_lap_time"": true, ""filter_reason_list"": [], ""include_for_lap_time_plot"": true, ""include_for_delta_plot"": true, ""include_for_fit"": true, ""filter_reason"": null}"
laps_filtered,"{""season"": 2026, ""round"": 1, ""session_type"": ""Race"", ""event_name"": ""Australian Grand Prix"", ""driver"": ""LEC"", ""driver_number"": ""16"", ""team"": ""Ferrari"", ""lap_number"": 18, ""lap_time_s"": 89.602, ""compound"": ""MEDIUM"", ""tyre_life"": 18.0, ""stint"": 1, ""track_status"": ""126"", ""position"": 1.0, ""pit_in_time"": ""NaT"", ""pit_out_time"": ""NaT"", ""is_pit_in_lap"": false, ""is_pit_out_lap"": false, ""is_pit_lap"": false, ""is_sc_vsc_lap"": true, ""is_valid_lap_time"": true, ""filter_reason_list"": [], ""include_for_lap_time_plot"": true, ""include_for_delta_plot"": true, ""include_for_fit"": true, ""filter_reason"": null}"
laps_filtered,"{""season"": 2026, ""round"": 1, ""session_type"": ""Race"", ""event_name"": ""Australian Grand Prix"", ""driver"": ""LEC"", ""driver_number"": ""16"", ""team"": ""Ferrari"", ""lap_number"": 19, ""lap_time_s"": 113.653, ""compound"": ""MEDIUM"", ""tyre_life"": 19.0, ""stint"": 1, ""track_status"": ""6"", ""position"": 1.0, ""pit_in_time"": ""NaT"", ""pit_out_time"": ""NaT"", ""is_pit_in_lap"": false, ""is_pit_out_lap"": false, ""is_pit_lap"": false, ""is_sc_vsc_lap"": true, ""is_valid_lap_time"": true, ""filter_reason_list"": [], ""include_for_lap_time_plot"": true, ""include_for_delta_plot"": true, ""include_for_fit"": true, ""filter_reason"": null}"
laps_filtered,"{""season"": 2026, ""round"": 1, ""session_type"": ""Race"", ""event_name"": ""Australian Grand Prix"", ""driver"": ""LEC"", ""driver_number"": ""16"", ""team"": ""Ferrari"", ""lap_number"": 20, ""lap_time_s"": 93.183, ""compound"": ""MEDIUM"", ""tyre_life"": 20.0, ""stint"": 1, ""track_status"": ""671"", ""position"": 1.0, ""pit_in_time"": ""NaT"", ""pit_out_time"": ""NaT"", ""is_pit_in_lap"": false, ""is_pit_out_lap"": false, ""is_pit_lap"": false, ""is_sc_vsc_lap"": true, ""is_valid_lap_time"": true, ""filter_reason_list"": [], ""include_for_lap_time_plot"": true, ""include_for_delta_plot"": true, ""include_for_fit"": true, ""filter_reason"": null}"
laps_filtered,"{""season"": 2026, ""round"": 1, ""session_type"": ""Race"", ""event_name"": ""Australian Grand Prix"", ""driver"": ""LEC"", ""driver_number"": ""16"", ""team"": ""Ferrari"", ""lap_number"": 21, ""lap_time_s"": 83.322, ""compound"": ""MEDIUM"", ""tyre_life"": 21.0, ""stint"": 1, ""track_status"": ""1"", ""position"": 1.0, ""pit_in_time"": ""NaT"", ""pit_out_time"": ""NaT"", ""is_pit_in_lap"": false, ""is_pit_out_lap"": false, ""is_pit_lap"": false, ""is_sc_vsc_lap"": false, ""is_valid_lap_time"": true, ""filter_reason_list"": [], ""include_for_lap_time_plot"": true, ""include_for_delta_plot"": true, ""include_for_fit"": true, ""filter_reason"": null}"
laps_filtered,"{""season"": 2026, ""round"": 1, ""session_type"": ""Race"", ""event_name"": ""Australian Grand Prix"", ""driver"": ""LEC"", ""driver_number"": ""16"", ""team"": ""Ferrari"", ""lap_number"": 22, ""lap_time_s"": 83.416, ""compound"": ""MEDIUM"", ""tyre_life"": 22.0, ""stint"": 1, ""track_status"": ""1"", ""position"": 1.0, ""pit_in_time"": ""NaT"", ""pit_out_time"": ""NaT"", ""is_pit_in_lap"": false, ""is_pit_out_lap"": false, ""is_pit_lap"": false, ""is_sc_vsc_lap"": false, ""is_valid_lap_time"": true, ""filter_reason_list"": [], ""include_for_lap_time_plot"": true, ""include_for_delta_plot"": true, ""include_for_fit"": true, ""filter_reason"": null}"
laps_filtered,"{""season"": 2026, ""round"": 1, ""session_type"": ""Race"", ""event_name"": ""Australian Grand Prix"", ""driver"": ""LEC"", ""driver_number"": ""16"", ""team"": ""Ferrari"", ""lap_number"": 23, ""lap_time_s"": 83.476, ""compound"": ""MEDIUM"", ""tyre_life"": 23.0, ""stint"": 1, ""track_status"": ""1"", ""position"": 1.0, ""pit_in_time"": ""NaT"", ""pit_out_time"": ""NaT"", ""is_pit_in_lap"": false, ""is_pit_out_lap"": false, ""is_pit_lap"": false, ""is_sc_vsc_lap"": false, ""is_valid_lap_time"": true, ""filter_reason_list"": [], ""include_for_lap_time_plot"": true, ""include_for_delta_plot"": true, ""include_for_fit"": true, ""filter_reason"": null}"
laps_filtered,"{""season"": 2026, ""round"": 1, ""session_type"": ""Race"", ""event_name"": ""Australian Grand Prix"", ""driver"": ""LEC"", ""driver_number"": ""16"", ""team"": ""Ferrari"", ""lap_number"": 24, ""lap_time_s"": 83.66, ""compound"": ""MEDIUM"", ""tyre_life"": 24.0, ""stint"": 1, ""track_status"": ""1"", ""position"": 1.0, ""pit_in_time"": ""NaT"", ""pit_out_time"": ""NaT"", ""is_pit_in_lap"": false, ""is_pit_out_lap"": false, ""is_pit_lap"": false, ""is_sc_vsc_lap"": false, ""is_valid_lap_time"": true, ""filter_reason_list"": [], ""include_for_lap_time_plot"": true, ""include_for_delta_plot"": true, ""include_for_fit"": true, ""filter_reason"": null}"
laps_filtered,"{""season"": 2026, ""round"": 1, ""session_type"": ""Race"", ""event_name"": ""Australian Grand Prix"", ""driver"": ""LEC"", ""driver_number"": ""16"", ""team"": ""Ferrari"", ""lap_number"": 25, ""lap_time_s"": 97.834, ""compound"": ""MEDIUM"", ""tyre_life"": 25.0, ""stint"": 1, ""track_status"": ""1"", ""position"": 4.0, ""pit_in_time"": ""0 days 01:39:23.741000"", ""pit_out_time"": ""NaT"", ""is_pit_in_lap"": true, ""is_pit_out_lap"": false, ""is_pit_lap"": true, ""is_sc_vsc_lap"": false, ""is_valid_lap_time"": true, ""filter_reason_list"": [""pit_lap""], ""include_for_lap_time_plot"": false, ""include_for_delta_plot"": false, ""include_for_fit"": false, ""filter_reason"": ""pit_lap""}"
laps_filtered,"{""season"": 2026, ""round"": 1, ""session_type"": ""Race"", ""event_name"": ""Australian Grand Prix"", ""driver"": ""LEC"", ""driver_number"": ""16"", ""team"": ""Ferrari"", ""lap_number"": 26, ""lap_time_s"": 89.317, ""compound"": ""HARD"", ""tyre_life"": 1.0, ""stint"": 2, ""track_status"": ""1"", ""position"": 4.0, ""pit_in_time"": ""NaT"", ""pit_out_time"": ""0 days 01:39:41.666000"", ""is_pit_in_lap"": false, ""is_pit_out_lap"": true, ""is_pit_lap"": true, ""is_sc_vsc_lap"": false, ""is_valid_lap_time"": true, ""filter_reason_list"": [""pit_lap""], ""include_for_lap_time_plot"": false, ""include_for_delta_plot"": false, ""include_for_fit"": false, ""filter_reason"": ""pit_lap""}"
laps_filtered,"{""season"": 2026, ""round"": 1, ""session_type"": ""Race"", ""event_name"": ""Australian Grand Prix"", ""driver"": ""LEC"", ""driver_number"": ""16"", ""team"": ""Ferrari"", ""lap_number"": 27, ""lap_time_s"": 83.106, ""compound"": ""HARD"", ""tyre_life"": 2.0, ""stint"": 2, ""track_status"": ""1"", ""position"": 4.0, ""pit_in_time"": ""NaT"", ""pit_out_time"": ""NaT"", ""is_pit_in_lap"": false, ""is_pit_out_lap"": false, ""is_pit_lap"": false, ""is_sc_vsc_lap"": false, ""is_valid_lap_time"": true, ""filter_reason_list"": [], ""include_for_lap_time_plot"": true, ""include_for_delta_plot"": true, ""include_for_fit"": true, ""filter_reason"": null}"
laps_filtered,"{""season"": 2026, ""round"": 1, ""session_type"": ""Race"", ""event_name"": ""Australian Grand Prix"", ""driver"": ""LEC"", ""driver_number"": ""16"", ""team"": ""Ferrari"", ""lap_number"": 28, ""lap_time_s"": 83.089, ""compound"": ""HARD"", ""tyre_life"": 3.0, ""stint"": 2, ""track_status"": ""1"", ""position"": 3.0, ""pit_in_time"": ""NaT"", ""pit_out_time"": ""NaT"", ""is_pit_in_lap"": false, ""is_pit_out_lap"": false, ""is_pit_lap"": false, ""is_sc_vsc_lap"": false, ""is_valid_lap_time"": true, ""filter_reason_list"": [], ""include_for_lap_time_plot"": true, ""include_for_delta_plot"": true, ""include_for_fit"": true, ""filter_reason"": null}"
laps_filtered,"{""season"": 2026, ""round"": 1, ""session_type"": ""Race"", ""event_name"": ""Australian Grand Prix"", ""driver"": ""LEC"", ""driver_number"": ""16"", ""team"": ""Ferrari"", ""lap_number"": 29, ""lap_time_s"": 82.987, ""compound"": ""HARD"", ""tyre_life"": 4.0, ""stint"": 2, ""track_status"": ""1"", ""position"": 3.0, ""pit_in_time"": ""NaT"", ""pit_out_time"": ""NaT"", ""is_pit_in_lap"": false, ""is_pit_out_lap"": false, ""is_pit_lap"": false, ""is_sc_vsc_lap"": false, ""is_valid_lap_time"": true, ""filter_reason_list"": [], ""include_for_lap_time_plot"": true, ""include_for_delta_plot"": true, ""include_for_fit"": true, ""filter_reason"": null}"
laps_filtered,"{""season"": 2026, ""round"": 1, ""session_type"": ""Race"", ""event_name"": ""Australian Grand Prix"", ""driver"": ""LEC"", ""driver_number"": ""16"", ""team"": ""Ferrari"", ""lap_number"": 30, ""lap_time_s"": 83.026, ""compound"": ""HARD"", ""tyre_life"": 5.0, ""stint"": 2, ""track_status"": ""1"", ""position"": 3.0, ""pit_in_time"": ""NaT"", ""pit_out_time"": ""NaT"", ""is_pit_in_lap"": false, ""is_pit_out_lap"": false, ""is_pit_lap"": false, ""is_sc_vsc_lap"": false, ""is_valid_lap_time"": true, ""filter_reason_list"": [], ""include_for_lap_time_plot"": true, ""include_for_delta_plot"": true, ""include_for_fit"": true, ""filter_reason"": null}"
laps_filtered,"{""season"": 2026, ""round"": 1, ""session_type"": ""Race"", ""event_name"": ""Australian Grand Prix"", ""driver"": ""LEC"", ""driver_number"": ""16"", ""team"": ""Ferrari"", ""lap_number"": 31, ""lap_time_s"": 82.934, ""compound"": ""HARD"", ""tyre_life"": 6.0, ""stint"": 2, ""track_status"": ""1"", ""position"": 3.0, ""pit_in_time"": ""NaT"", ""pit_out_time"": ""NaT"", ""is_pit_in_lap"": false, ""is_pit_out_lap"": false, ""is_pit_lap"": false, ""is_sc_vsc_lap"": false, ""is_valid_lap_time"": true, ""filter_reason_list"": [], ""include_for_lap_time_plot"": true, ""include_for_delta_plot"": true, ""include_for_fit"": true, ""filter_reason"": null}"
laps_filtered,"{""season"": 2026, ""round"": 1, ""session_type"": ""Race"", ""event_name"": ""Australian Grand Prix"", ""driver"": ""LEC"", ""driver_number"": ""16"", ""team"": ""Ferrari"", ""lap_number"": 32, ""lap_time_s"": 82.947, ""compound"": ""HARD"", ""tyre_life"": 7.0, ""stint"": 2, ""track_status"": ""1"", ""position"": 3.0, ""pit_in_time"": ""NaT"", ""pit_out_time"": ""NaT"", ""is_pit_in_lap"": false, ""is_pit_out_lap"": false, ""is_pit_lap"": false, ""is_sc_vsc_lap"": false, ""is_valid_lap_time"": true, ""filter_reason_list"": [], ""include_for_lap_time_plot"": true, ""include_for_delta_plot"": true, ""include_for_fit"": true, ""filter_reason"": null}"
laps_filtered,"{""season"": 2026, ""round"": 1, ""session_type"": ""Race"", ""event_name"": ""Australian Grand Prix"", ""driver"": ""LEC"", ""driver_number"": ""16"", ""team"": ""Ferrari"", ""lap_number"": 33, ""lap_time_s"": 83.174, ""compound"": ""HARD"", ""tyre_life"": 8.0, ""stint"": 2, ""track_status"": ""1"", ""position"": 3.0, ""pit_in_time"": ""NaT"", ""pit_out_time"": ""NaT"", ""is_pit_in_lap"": false, ""is_pit_out_lap"": false, ""is_pit_lap"": false, ""is_sc_vsc_lap"": false, ""is_valid_lap_time"": true, ""filter_reason_list"": [], ""include_for_lap_time_plot"": true, ""include_for_delta_plot"": true, ""include_for_fit"": true, ""filter_reason"": null}"
laps_filtered,"{""season"": 2026, ""round"": 1, ""session_type"": ""Race"", ""event_name"": ""Australian Grand Prix"", ""driver"": ""LEC"", ""driver_number"": ""16"", ""team"": ""Ferrari"", ""lap_number"": 34, ""lap_time_s"": 98.516, ""compound"": ""HARD"", ""tyre_life"": 9.0, ""stint"": 2, ""track_status"": ""167"", ""position"": 3.0, ""pit_in_time"": ""NaT"", ""pit_out_time"": ""NaT"", ""is_pit_in_lap"": false, ""is_pit_out_lap"": false, ""is_pit_lap"": false, ""is_sc_vsc_lap"": true, ""is_valid_lap_time"": true, ""filter_reason_list"": [], ""include_for_lap_time_plot"": true, ""include_for_delta_plot"": true, ""include_for_fit"": true, ""filter_reason"": null}"
laps_filtered,"{""season"": 2026, ""round"": 1, ""session_type"": ""Race"", ""event_name"": ""Australian Grand Prix"", ""driver"": ""LEC"", ""driver_number"": ""16"", ""team"": ""Ferrari"", ""lap_number"": 35, ""lap_time_s"": 83.542, ""compound"": ""HARD"", ""tyre_life"": 10.0, ""stint"": 2, ""track_status"": ""1"", ""position"": 3.0, ""pit_in_time"": ""NaT"", ""pit_out_time"": ""NaT"", ""is_pit_in_lap"": false, ""is_pit_out_lap"": false, ""is_pit_lap"": false, ""is_sc_vsc_lap"": false, ""is_valid_lap_time"": true, ""filter_reason_list"": [], ""include_for_lap_time_plot"": true, ""include_for_delta_plot"": true, ""include_for_fit"": true, ""filter_reason"": null}"
laps_filtered,"{""season"": 2026, ""round"": 1, ""session_type"": ""Race"", ""event_name"": ""Australian Grand Prix"", ""driver"": ""LEC"", ""driver_number"": ""16"", ""team"": ""Ferrari"", ""lap_number"": 36, ""lap_time_s"": 84.376, ""compound"": ""HARD"", ""tyre_life"": 11.0, ""stint"": 2, ""track_status"": ""1"", ""position"": 3.0, ""pit_in_time"": ""NaT"", ""pit_out_time"": ""NaT"", ""is_pit_in_lap"": false, ""is_pit_out_lap"": false, ""is_pit_lap"": false, ""is_sc_vsc_lap"": false, ""is_valid_lap_time"": true, ""filter_reason_list"": [], ""include_for_lap_time_plot"": true, ""include_for_delta_plot"": true, ""include_for_fit"": true, ""filter_reason"": null}"
laps_filtered,"{""season"": 2026, ""round"": 1, ""session_type"": ""Race"", ""event_name"": ""Australian Grand Prix"", ""driver"": ""LEC"", ""driver_number"": ""16"", ""team"": ""Ferrari"", ""lap_number"": 37, ""lap_time_s"": 83.236, ""compound"": ""HARD"", ""tyre_life"": 12.0, ""stint"": 2, ""track_status"": ""1"", ""position"": 3.0, ""pit_in_time"": ""NaT"", ""pit_out_time"": ""NaT"", ""is_pit_in_lap"": false, ""is_pit_out_lap"": false, ""is_pit_lap"": false, ""is_sc_vsc_lap"": false, ""is_valid_lap_time"": true, ""filter_reason_list"": [], ""include_for_lap_time_plot"": true, ""include_for_delta_plot"": true, ""include_for_fit"": true, ""filter_reason"": null}"
laps_filtered,"{""season"": 2026, ""round"": 1, ""session_type"": ""Race"", ""event_name"": ""Australian Grand Prix"", ""driver"": ""LEC"", ""driver_number"": ""16"", ""team"": ""Ferrari"", ""lap_number"": 38, ""lap_time_s"": 82.579, ""compound"": ""HARD"", ""tyre_life"": 13.0, ""stint"": 2, ""track_status"": ""1"", ""position"": 3.0, ""pit_in_time"": ""NaT"", ""pit_out_time"": ""NaT"", ""is_pit_in_lap"": false, ""is_pit_out_lap"": false, ""is_pit_lap"": false, ""is_sc_vsc_lap"": false, ""is_valid_lap_time"": true, ""filter_reason_list"": [], ""include_for_lap_time_plot"": true, ""include_for_delta_plot"": true, ""include_for_fit"": true, ""filter_reason"": null}"
laps_filtered,"{""season"": 2026, ""round"": 1, ""session_type"": ""Race"", ""event_name"": ""Australian Grand Prix"", ""driver"": ""LEC"", ""driver_number"": ""16"", ""team"": ""Ferrari"", ""lap_number"": 39, ""lap_time_s"": 82.728, ""compound"": ""HARD"", ""tyre_life"": 14.0, ""stint"": 2, ""track_status"": ""1"", ""position"": 3.0, ""pit_in_time"": ""NaT"", ""pit_out_time"": ""NaT"", ""is_pit_in_lap"": false, ""is_pit_out_lap"": false, ""is_pit_lap"": false, ""is_sc_vsc_lap"": false, ""is_valid_lap_time"": true, ""filter_reason_list"": [], ""include_for_lap_time_plot"": true, ""include_for_delta_plot"": true, ""include_for_fit"": true, ""filter_reason"": null}"
laps_filtered,"{""season"": 2026, ""round"": 1, ""session_type"": ""Race"", ""event_name"": ""Australian Grand Prix"", ""driver"": ""LEC"", ""driver_number"": ""16"", ""team"": ""Ferrari"", ""lap_number"": 40, ""lap_time_s"": 82.93, ""compound"": ""HARD"", ""tyre_life"": 15.0, ""stint"": 2, ""track_status"": ""1"", ""position"": 3.0, ""pit_in_time"": ""NaT"", ""pit_out_time"": ""NaT"", ""is_pit_in_lap"": false, ""is_pit_out_lap"": false, ""is_pit_lap"": false, ""is_sc_vsc_lap"": false, ""is_valid_lap_time"": true, ""filter_reason_list"": [], ""include_for_lap_time_plot"": true, ""include_for_delta_plot"": true, ""include_for_fit"": true, ""filter_reason"": null}"
laps_filtered,"{""season"": 2026, ""round"": 1, ""session_type"": ""Race"", ""event_name"": ""Australian Grand Prix"", ""driver"": ""LEC"", ""driver_number"": ""16"", ""team"": ""Ferrari"", ""lap_number"": 41, ""lap_time_s"": 82.995, ""compound"": ""HARD"", ""tyre_life"": 16.0, ""stint"": 2, ""track_status"": ""1"", ""position"": 3.0, ""pit_in_time"": ""NaT"", ""pit_out_time"": ""NaT"", ""is_pit_in_lap"": false, ""is_pit_out_lap"": false, ""is_pit_lap"": false, ""is_sc_vsc_lap"": false, ""is_valid_lap_time"": true, ""filter_reason_list"": [], ""include_for_lap_time_plot"": true, ""include_for_delta_plot"": true, ""include_for_fit"": true, ""filter_reason"": null}"
laps_filtered,"{""season"": 2026, ""round"": 1, ""session_type"": ""Race"", ""event_name"": ""Australian Grand Prix"", ""driver"": ""LEC"", ""driver_number"": ""16"", ""team"": ""Ferrari"", ""lap_number"": 42, ""lap_time_s"": 82.846, ""compound"": ""HARD"", ""tyre_life"": 17.0, ""stint"": 2, ""track_status"": ""1"", ""position"": 3.0, ""pit_in_time"": ""NaT"", ""pit_out_time"": ""NaT"", ""is_pit_in_lap"": false, ""is_pit_out_lap"": false, ""is_pit_lap"": false, ""is_sc_vsc_lap"": false, ""is_valid_lap_time"": true, ""filter_reason_list"": [], ""include_for_lap_time_plot"": true, ""include_for_delta_plot"": true, ""include_for_fit"": true, ""filter_reason"": null}"
laps_filtered,"{""season"": 2026, ""round"": 1, ""session_type"": ""Race"", ""event_name"": ""Australian Grand Prix"", ""driver"": ""LEC"", ""driver_number"": ""16"", ""team"": ""Ferrari"", ""lap_number"": 43, ""lap_time_s"": 82.75, ""compound"": ""HARD"", ""tyre_life"": 18.0, ""stint"": 2, ""track_status"": ""1"", ""position"": 3.0, ""pit_in_time"": ""NaT"", ""pit_out_time"": ""NaT"", ""is_pit_in_lap"": false, ""is_pit_out_lap"": false, ""is_pit_lap"": false, ""is_sc_vsc_lap"": false, ""is_valid_lap_time"": true, ""filter_reason_list"": [], ""include_for_lap_time_plot"": true, ""include_for_delta_plot"": true, ""include_for_fit"": true, ""filter_reason"": null}"
laps_filtered,"{""season"": 2026, ""round"": 1, ""session_type"": ""Race"", ""event_name"": ""Australian Grand Prix"", ""driver"": ""LEC"", ""driver_number"": ""16"", ""team"": ""Ferrari"", ""lap_number"": 44, ""lap_time_s"": 83.094, ""compound"": ""HARD"", ""tyre_life"": 19.0, ""stint"": 2, ""track_status"": ""1"", ""position"": 3.0, ""pit_in_time"": ""NaT"", ""pit_out_time"": ""NaT"", ""is_pit_in_lap"": false, ""is_pit_out_lap"": false, ""is_pit_lap"": false, ""is_sc_vsc_lap"": false, ""is_valid_lap_time"": true, ""filter_reason_list"": [], ""include_for_lap_time_plot"": true, ""include_for_delta_plot"": true, ""include_for_fit"": true, ""filter_reason"": null}"
laps_filtered,"{""season"": 2026, ""round"": 1, ""session_type"": ""Race"", ""event_name"": ""Australian Grand Prix"", ""driver"": ""LEC"", ""driver_number"": ""16"", ""team"": ""Ferrari"", ""lap_number"": 45, ""lap_time_s"": 83.16, ""compound"": ""HARD"", ""tyre_life"": 20.0, ""stint"": 2, ""track_status"": ""1"", ""position"": 3.0, ""pit_in_time"": ""NaT"", ""pit_out_time"": ""NaT"", ""is_pit_in_lap"": false, ""is_pit_out_lap"": false, ""is_pit_lap"": false, ""is_sc_vsc_lap"": false, ""is_valid_lap_time"": true, ""filter_reason_list"": [], ""include_for_lap_time_plot"": true, ""include_for_delta_plot"": true, ""include_for_fit"": true, ""filter_reason"": null}"
laps_filtered,"{""season"": 2026, ""round"": 1, ""session_type"": ""Race"", ""event_name"": ""Australian Grand Prix"", ""driver"": ""LEC"", ""driver_number"": ""16"", ""team"": ""Ferrari"", ""lap_number"": 46, ""lap_time_s"": 82.894, ""compound"": ""HARD"", ""tyre_life"": 21.0, ""stint"": 2, ""track_status"": ""1"", ""position"": 3.0, ""pit_in_time"": ""NaT"", ""pit_out_time"": ""NaT"", ""is_pit_in_lap"": false, ""is_pit_out_lap"": false, ""is_pit_lap"": false, ""is_sc_vsc_lap"": false, ""is_valid_lap_time"": true, ""filter_reason_list"": [], ""include_for_lap_time_plot"": true, ""include_for_delta_plot"": true, ""include_for_fit"": true, ""filter_reason"": null}"
laps_filtered,"{""season"": 2026, ""round"": 1, ""session_type"": ""Race"", ""event_name"": ""Australian Grand Prix"", ""driver"": ""LEC"", ""driver_number"": ""16"", ""team"": ""Ferrari"", ""lap_number"": 47, ""lap_time_s"": 82.952, ""compound"": ""HARD"", ""tyre_life"": 22.0, ""stint"": 2, ""track_status"": ""1"", ""position"": 3.0, ""pit_in_time"": ""NaT"", ""pit_out_time"": ""NaT"", ""is_pit_in_lap"": false, ""is_pit_out_lap"": false, ""is_pit_lap"": false, ""is_sc_vsc_lap"": false, ""is_valid_lap_time"": true, ""filter_reason_list"": [], ""include_for_lap_time_plot"": true, ""include_for_delta_plot"": true, ""include_for_fit"": true, ""filter_reason"": null}"
laps_filtered,"{""season"": 2026, ""round"": 1, ""session_type"": ""Race"", ""event_name"": ""Australian Grand Prix"", ""driver"": ""LEC"", ""driver_number"": ""16"", ""team"": ""Ferrari"", ""lap_number"": 48, ""lap_time_s"": 82.899, ""compound"": ""HARD"", ""tyre_life"": 23.0, ""stint"": 2, ""track_status"": ""1"", ""position"": 3.0, ""pit_in_time"": ""NaT"", ""pit_out_time"": ""NaT"", ""is_pit_in_lap"": false, ""is_pit_out_lap"": false, ""is_pit_lap"": false, ""is_sc_vsc_lap"": false, ""is_valid_lap_time"": true, ""filter_reason_list"": [], ""include_for_lap_time_plot"": true, ""include_for_delta_plot"": true, ""include_for_fit"": true, ""filter_reason"": null}"
laps_filtered,"{""season"": 2026, ""round"": 1, ""session_type"": ""Race"", ""event_name"": ""Australian Grand Prix"", ""driver"": ""LEC"", ""driver_number"": ""16"", ""team"": ""Ferrari"", ""lap_number"": 49, ""lap_time_s"": 83.364, ""compound"": ""HARD"", ""tyre_life"": 24.0, ""stint"": 2, ""track_status"": ""1"", ""position"": 3.0, ""pit_in_time"": ""NaT"", ""pit_out_time"": ""NaT"", ""is_pit_in_lap"": false, ""is_pit_out_lap"": false, ""is_pit_lap"": false, ""is_sc_vsc_lap"": false, ""is_valid_lap_time"": true, ""filter_reason_list"": [], ""include_for_lap_time_plot"": true, ""include_for_delta_plot"": true, ""include_for_fit"": true, ""filter_reason"": null}"
laps_filtered,"{""season"": 2026, ""round"": 1, ""session_type"": ""Race"", ""event_name"": ""Australian Grand Prix"", ""driver"": ""LEC"", ""driver_number"": ""16"", ""team"": ""Ferrari"", ""lap_number"": 50, ""lap_time_s"": 83.2, ""compound"": ""HARD"", ""tyre_life"": 25.0, ""stint"": 2, ""track_status"": ""1"", ""position"": 3.0, ""pit_in_time"": ""NaT"", ""pit_out_time"": ""NaT"", ""is_pit_in_lap"": false, ""is_pit_out_lap"": false, ""is_pit_lap"": false, ""is_sc_vsc_lap"": false, ""is_valid_lap_time"": true, ""filter_reason_list"": [], ""include_for_lap_time_plot"": true, ""include_for_delta_plot"": true, ""include_for_fit"": true, ""filter_reason"": null}"
laps_filtered,"{""season"": 2026, ""round"": 1, ""session_type"": ""Race"", ""event_name"": ""Australian Grand Prix"", ""driver"": ""LEC"", ""driver_number"": ""16"", ""team"": ""Ferrari"", ""lap_number"": 51, ""lap_time_s"": 82.989, ""compound"": ""HARD"", ""tyre_life"": 26.0, ""stint"": 2, ""track_status"": ""1"", ""position"": 3.0, ""pit_in_time"": ""NaT"", ""pit_out_time"": ""NaT"", ""is_pit_in_lap"": false, ""is_pit_out_lap"": false, ""is_pit_lap"": false, ""is_sc_vsc_lap"": false, ""is_valid_lap_time"": true, ""filter_reason_list"": [], ""include_for_lap_time_plot"": true, ""include_for_delta_plot"": true, ""include_for_fit"": true, ""filter_reason"": null}"
laps_filtered,"{""season"": 2026, ""round"": 1, ""session_type"": ""Race"", ""event_name"": ""Australian Grand Prix"", ""driver"": ""LEC"", ""driver_number"": ""16"", ""team"": ""Ferrari"", ""lap_number"": 52, ""lap_time_s"": 83.049, ""compound"": ""HARD"", ""tyre_life"": 27.0, ""stint"": 2, ""track_status"": ""1"", ""position"": 3.0, ""pit_in_time"": ""NaT"", ""pit_out_time"": ""NaT"", ""is_pit_in_lap"": false, ""is_pit_out_lap"": false, ""is_pit_lap"": false, ""is_sc_vsc_lap"": false, ""is_valid_lap_time"": true, ""filter_reason_list"": [], ""include_for_lap_time_plot"": true, ""include_for_delta_plot"": true, ""include_for_fit"": true, ""filter_reason"": null}"
laps_filtered,"{""season"": 2026, ""round"": 1, ""session_type"": ""Race"", ""event_name"": ""Australian Grand Prix"", ""driver"": ""LEC"", ""driver_number"": ""16"", ""team"": ""Ferrari"", ""lap_number"": 53, ""lap_time_s"": 83.014, ""compound"": ""HARD"", ""tyre_life"": 28.0, ""stint"": 2, ""track_status"": ""1"", ""position"": 3.0, ""pit_in_time"": ""NaT"", ""pit_out_time"": ""NaT"", ""is_pit_in_lap"": false, ""is_pit_out_lap"": false, ""is_pit_lap"": false, ""is_sc_vsc_lap"": false, ""is_valid_lap_time"": true, ""filter_reason_list"": [], ""include_for_lap_time_plot"": true, ""include_for_delta_plot"": true, ""include_for_fit"": true, ""filter_reason"": null}"
laps_filtered,"{""season"": 2026, ""round"": 1, ""session_type"": ""Race"", ""event_name"": ""Australian Grand Prix"", ""driver"": ""LEC"", ""driver_number"": ""16"", ""team"": ""Ferrari"", ""lap_number"": 54, ""lap_time_s"": 83.045, ""compound"": ""HARD"", ""tyre_life"": 29.0, ""stint"": 2, ""track_status"": ""1"", ""position"": 3.0, ""pit_in_time"": ""NaT"", ""pit_out_time"": ""NaT"", ""is_pit_in_lap"": false, ""is_pit_out_lap"": false, ""is_pit_lap"": false, ""is_sc_vsc_lap"": false, ""is_valid_lap_time"": true, ""filter_reason_list"": [], ""include_for_lap_time_plot"": true, ""include_for_delta_plot"": true, ""include_for_fit"": true, ""filter_reason"": null}"
laps_filtered,"{""season"": 2026, ""round"": 1, ""session_type"": ""Race"", ""event_name"": ""Australian Grand Prix"", ""driver"": ""LEC"", ""driver_number"": ""16"", ""team"": ""Ferrari"", ""lap_number"": 55, ""lap_time_s"": 82.825, ""compound"": ""HARD"", ""tyre_life"": 30.0, ""stint"": 2, ""track_status"": ""1"", ""position"": 3.0, ""pit_in_time"": ""NaT"", ""pit_out_time"": ""NaT"", ""is_pit_in_lap"": false, ""is_pit_out_lap"": false, ""is_pit_lap"": false, ""is_sc_vsc_lap"": false, ""is_valid_lap_time"": true, ""filter_reason_list"": [], ""include_for_lap_time_plot"": true, ""include_for_delta_plot"": true, ""include_for_fit"": true, ""filter_reason"": null}"
laps_filtered,"{""season"": 2026, ""round"": 1, ""session_type"": ""Race"", ""event_name"": ""Australian Grand Prix"", ""driver"": ""LEC"", ""driver_number"": ""16"", ""team"": ""Ferrari"", ""lap_number"": 56, ""lap_time_s"": 82.965, ""compound"": ""HARD"", ""tyre_life"": 31.0, ""stint"": 2, ""track_status"": ""1"", ""position"": 3.0, ""pit_in_time"": ""NaT"", ""pit_out_time"": ""NaT"", ""is_pit_in_lap"": false, ""is_pit_out_lap"": false, ""is_pit_lap"": false, ""is_sc_vsc_lap"": false, ""is_valid_lap_time"": true, ""filter_reason_list"": [], ""include_for_lap_time_plot"": true, ""include_for_delta_plot"": true, ""include_for_fit"": true, ""filter_reason"": null}"
laps_filtered,"{""season"": 2026, ""round"": 1, ""session_type"": ""Race"", ""event_name"": ""Australian Grand Prix"", ""driver"": ""LEC"", ""driver_number"": ""16"", ""team"": ""Ferrari"", ""lap_number"": 57, ""lap_time_s"": 83.098, ""compound"": ""HARD"", ""tyre_life"": 32.0, ""stint"": 2, ""track_status"": ""1"", ""position"": 3.0, ""pit_in_time"": ""NaT"", ""pit_out_time"": ""NaT"", ""is_pit_in_lap"": false, ""is_pit_out_lap"": false, ""is_pit_lap"": false, ""is_sc_vsc_lap"": false, ""is_valid_lap_time"": true, ""filter_reason_list"": [], ""include_for_lap_time_plot"": true, ""include_for_delta_plot"": true, ""include_for_fit"": true, ""filter_reason"": null}"
laps_filtered,"{""season"": 2026, ""round"": 1, ""session_type"": ""Race"", ""event_name"": ""Australian Grand Prix"", ""driver"": ""LEC"", ""driver_number"": ""16"", ""team"": ""Ferrari"", ""lap_number"": 58, ""lap_time_s"": 83.317, ""compound"": ""HARD"", ""tyre_life"": 33.0, ""stint"": 2, ""track_status"": ""1"", ""position"": 3.0, ""pit_in_time"": ""NaT"", ""pit_out_time"": ""NaT"", ""is_pit_in_lap"": false, ""is_pit_out_lap"": false, ""is_pit_lap"": false, ""is_sc_vsc_lap"": false, ""is_valid_lap_time"": true, ""filter_reason_list"": [], ""include_for_lap_time_plot"": true, ""include_for_delta_plot"": true, ""include_for_fit"": true, ""filter_reason"": null}"
laps_filtered,"{""season"": 2026, ""round"": 1, ""session_type"": ""Race"", ""event_name"": ""Australian Grand Prix"", ""driver"": ""RUS"", ""driver_number"": ""63"", ""team"": ""Mercedes"", ""lap_number"": 1, ""lap_time_s"": 92.694, ""compound"": ""MEDIUM"", ""tyre_life"": 1.0, ""stint"": 1, ""track_status"": ""1"", ""position"": 2.0, ""pit_in_time"": ""NaT"", ""pit_out_time"": ""NaT"", ""is_pit_in_lap"": false, ""is_pit_out_lap"": false, ""is_pit_lap"": false, ""is_sc_vsc_lap"": false, ""is_valid_lap_time"": true, ""filter_reason_list"": [], ""include_for_lap_time_plot"": true, ""include_for_delta_plot"": true, ""include_for_fit"": true, ""filter_reason"": null}"
laps_filtered,"{""season"": 2026, ""round"": 1, ""session_type"": ""Race"", ""event_name"": ""Australian Grand Prix"", ""driver"": ""RUS"", ""driver_number"": ""63"", ""team"": ""Mercedes"", ""lap_number"": 2, ""lap_time_s"": 85.007, ""compound"": ""MEDIUM"", ""tyre_life"": 2.0, ""stint"": 1, ""track_status"": ""1"", ""position"": 1.0, ""pit_in_time"": ""NaT"", ""pit_out_time"": ""NaT"", ""is_pit_in_lap"": false, ""is_pit_out_lap"": false, ""is_pit_lap"": false, ""is_sc_vsc_lap"": false, ""is_valid_lap_time"": true, ""filter_reason_list"": [], ""include_for_lap_time_plot"": true, ""include_for_delta_plot"": true, ""include_for_fit"": true, ""filter_reason"": null}"
laps_filtered,"{""season"": 2026, ""round"": 1, ""session_type"": ""Race"", ""event_name"": ""Australian Grand Prix"", ""driver"": ""RUS"", ""driver_number"": ""63"", ""team"": ""Mercedes"", ""lap_number"": 3, ""lap_time_s"": 86.444, ""compound"": ""MEDIUM"", ""tyre_life"": 3.0, ""stint"": 1, ""track_status"": ""1"", ""position"": 2.0, ""pit_in_time"": ""NaT"", ""pit_out_time"": ""NaT"", ""is_pit_in_lap"": false, ""is_pit_out_lap"": false, ""is_pit_lap"": false, ""is_sc_vsc_lap"": false, ""is_valid_lap_time"": true, ""filter_reason_list"": [], ""include_for_lap_time_plot"": true, ""include_for_delta_plot"": true, ""include_for_fit"": true, ""filter_reason"": null}"
laps_filtered,"{""season"": 2026, ""round"": 1, ""session_type"": ""Race"", ""event_name"": ""Australian Grand Prix"", ""driver"": ""RUS"", ""driver_number"": ""63"", ""team"": ""Mercedes"", ""lap_number"": 4, ""lap_time_s"": 84.789, ""compound"": ""MEDIUM"", ""tyre_life"": 4.0, ""stint"": 1, ""track_status"": ""1"", ""position"": 2.0, ""pit_in_time"": ""NaT"", ""pit_out_time"": ""NaT"", ""is_pit_in_lap"": false, ""is_pit_out_lap"": false, ""is_pit_lap"": false, ""is_sc_vsc_lap"": false, ""is_valid_lap_time"": true, ""filter_reason_list"": [], ""include_for_lap_time_plot"": true, ""include_for_delta_plot"": true, ""include_for_fit"": true, ""filter_reason"": null}"
laps_filtered,"{""season"": 2026, ""round"": 1, ""session_type"": ""Race"", ""event_name"": ""Australian Grand Prix"", ""driver"": ""RUS"", ""driver_number"": ""63"", ""team"": ""Mercedes"", ""lap_number"": 5, ""lap_time_s"": 84.017, ""compound"": ""MEDIUM"", ""tyre_life"": 5.0, ""stint"": 1, ""track_status"": ""1"", ""position"": 2.0, ""pit_in_time"": ""NaT"", ""pit_out_time"": ""NaT"", ""is_pit_in_lap"": false, ""is_pit_out_lap"": false, ""is_pit_lap"": false, ""is_sc_vsc_lap"": false, ""is_valid_lap_time"": true, ""filter_reason_list"": [], ""include_for_lap_time_plot"": true, ""include_for_delta_plot"": true, ""include_for_fit"": true, ""filter_reason"": null}"
laps_filtered,"{""season"": 2026, ""round"": 1, ""session_type"": ""Race"", ""event_name"": ""Australian Grand Prix"", ""driver"": ""RUS"", ""driver_number"": ""63"", ""team"": ""Mercedes"", ""lap_number"": 6, ""lap_time_s"": 84.639, ""compound"": ""MEDIUM"", ""tyre_life"": 6.0, ""stint"": 1, ""track_status"": ""1"", ""position"": 2.0, ""pit_in_time"": ""NaT"", ""pit_out_time"": ""NaT"", ""is_pit_in_lap"": false, ""is_pit_out_lap"": false, ""is_pit_lap"": false, ""is_sc_vsc_lap"": false, ""is_valid_lap_time"": true, ""filter_reason_list"": [], ""include_for_lap_time_plot"": true, ""include_for_delta_plot"": true, ""include_for_fit"": true, ""filter_reason"": null}"
laps_filtered,"{""season"": 2026, ""round"": 1, ""session_type"": ""Race"", ""event_name"": ""Australian Grand Prix"", ""driver"": ""RUS"", ""driver_number"": ""63"", ""team"": ""Mercedes"", ""lap_number"": 7, ""lap_time_s"": 84.099, ""compound"": ""MEDIUM"", ""tyre_life"": 7.0, ""stint"": 1, ""track_status"": ""1"", ""position"": 2.0, ""pit_in_time"": ""NaT"", ""pit_out_time"": ""NaT"", ""is_pit_in_lap"": false, ""is_pit_out_lap"": false, ""is_pit_lap"": false, ""is_sc_vsc_lap"": false, ""is_valid_lap_time"": true, ""filter_reason_list"": [], ""include_for_lap_time_plot"": true, ""include_for_delta_plot"": true, ""include_for_fit"": true, ""filter_reason"": null}"
laps_filtered,"{""season"": 2026, ""round"": 1, ""session_type"": ""Race"", ""event_name"": ""Australian Grand Prix"", ""driver"": ""RUS"", ""driver_number"": ""63"", ""team"": ""Mercedes"", ""lap_number"": 8, ""lap_time_s"": 85.19, ""compound"": ""MEDIUM"", ""tyre_life"": 8.0, ""stint"": 1, ""track_status"": ""1"", ""position"": 2.0, ""pit_in_time"": ""NaT"", ""pit_out_time"": ""NaT"", ""is_pit_in_lap"": false, ""is_pit_out_lap"": false, ""is_pit_lap"": false, ""is_sc_vsc_lap"": false, ""is_valid_lap_time"": true, ""filter_reason_list"": [], ""include_for_lap_time_plot"": true, ""include_for_delta_plot"": true, ""include_for_fit"": true, ""filter_reason"": null}"
laps_filtered,"{""season"": 2026, ""round"": 1, ""session_type"": ""Race"", ""event_name"": ""Australian Grand Prix"", ""driver"": ""RUS"", ""driver_number"": ""63"", ""team"": ""Mercedes"", ""lap_number"": 9, ""lap_time_s"": 85.978, ""compound"": ""MEDIUM"", ""tyre_life"": 9.0, ""stint"": 1, ""track_status"": ""1"", ""position"": 2.0, ""pit_in_time"": ""NaT"", ""pit_out_time"": ""NaT"", ""is_pit_in_lap"": false, ""is_pit_out_lap"": false, ""is_pit_lap"": false, ""is_sc_vsc_lap"": false, ""is_valid_lap_time"": true, ""filter_reason_list"": [], ""include_for_lap_time_plot"": true, ""include_for_delta_plot"": true, ""include_for_fit"": true, ""filter_reason"": null}"
laps_filtered,"{""season"": 2026, ""round"": 1, ""session_type"": ""Race"", ""event_name"": ""Australian Grand Prix"", ""driver"": ""RUS"", ""driver_number"": ""63"", ""team"": ""Mercedes"", ""lap_number"": 10, ""lap_time_s"": 84.112, ""compound"": ""MEDIUM"", ""tyre_life"": 10.0, ""stint"": 1, ""track_status"": ""1"", ""position"": 2.0, ""pit_in_time"": ""NaT"", ""pit_out_time"": ""NaT"", ""is_pit_in_lap"": false, ""is_pit_out_lap"": false, ""is_pit_lap"": false, ""is_sc_vsc_lap"": false, ""is_valid_lap_time"": true, ""filter_reason_list"": [], ""include_for_lap_time_plot"": true, ""include_for_delta_plot"": true, ""include_for_fit"": true, ""filter_reason"": null}"
laps_filtered,"{""season"": 2026, ""round"": 1, ""session_type"": ""Race"", ""event_name"": ""Australian Grand Prix"", ""driver"": ""RUS"", ""driver_number"": ""63"", ""team"": ""Mercedes"", ""lap_number"": 11, ""lap_time_s"": 83.967, ""compound"": ""MEDIUM"", ""tyre_life"": 11.0, ""stint"": 1, ""track_status"": ""1"", ""position"": 2.0, ""pit_in_time"": ""NaT"", ""pit_out_time"": ""NaT"", ""is_pit_in_lap"": false, ""is_pit_out_lap"": false, ""is_pit_lap"": false, ""is_sc_vsc_lap"": false, ""is_valid_lap_time"": true, ""filter_reason_list"": [], ""include_for_lap_time_plot"": true, ""include_for_delta_plot"": true, ""include_for_fit"": true, ""filter_reason"": null}"
laps_filtered,"{""season"": 2026, ""round"": 1, ""session_type"": ""Race"", ""event_name"": ""Australian Grand Prix"", ""driver"": ""RUS"", ""driver_number"": ""63"", ""team"": ""Mercedes"", ""lap_number"": 12, ""lap_time_s"": 125.94, ""compound"": ""MEDIUM"", ""tyre_life"": 12.0, ""stint"": 1, ""track_status"": ""16"", ""position"": 3.0, ""pit_in_time"": ""0 days 01:19:51.153000"", ""pit_out_time"": ""NaT"", ""is_pit_in_lap"": true, ""is_pit_out_lap"": false, ""is_pit_lap"": true, ""is_sc_vsc_lap"": true, ""is_valid_lap_time"": true, ""filter_reason_list"": [""pit_lap""], ""include_for_lap_time_plot"": false, ""include_for_delta_plot"": false, ""include_for_fit"": false, ""filter_reason"": ""pit_lap""}"
laps_filtered,"{""season"": 2026, ""round"": 1, ""session_type"": ""Race"", ""event_name"": ""Australian Grand Prix"", ""driver"": ""RUS"", ""driver_number"": ""63"", ""team"": ""Mercedes"", ""lap_number"": 13, ""lap_time_s"": 117.659, ""compound"": ""HARD"", ""tyre_life"": 1.0, ""stint"": 2, ""track_status"": ""67"", ""position"": 3.0, ""pit_in_time"": ""NaT"", ""pit_out_time"": ""0 days 01:20:09.298000"", ""is_pit_in_lap"": false, ""is_pit_out_lap"": true, ""is_pit_lap"": true, ""is_sc_vsc_lap"": true, ""is_valid_lap_time"": true, ""filter_reason_list"": [""pit_lap""], ""include_for_lap_time_plot"": false, ""include_for_delta_plot"": false, ""include_for_fit"": false, ""filter_reason"": ""pit_lap""}"
laps_filtered,"{""season"": 2026, ""round"": 1, ""session_type"": ""Race"", ""event_name"": ""Australian Grand Prix"", ""driver"": ""RUS"", ""driver_number"": ""63"", ""team"": ""Mercedes"", ""lap_number"": 14, ""lap_time_s"": 87.094, ""compound"": ""HARD"", ""tyre_life"": 2.0, ""stint"": 2, ""track_status"": ""71"", ""position"": 3.0, ""pit_in_time"": ""NaT"", ""pit_out_time"": ""NaT"", ""is_pit_in_lap"": false, ""is_pit_out_lap"": false, ""is_pit_lap"": false, ""is_sc_vsc_lap"": true, ""is_valid_lap_time"": true, ""filter_reason_list"": [], ""include_for_lap_time_plot"": true, ""include_for_delta_plot"": true, ""include_for_fit"": true, ""filter_reason"": null}"
laps_filtered,"{""season"": 2026, ""round"": 1, ""session_type"": ""Race"", ""event_name"": ""Australian Grand Prix"", ""driver"": ""RUS"", ""driver_number"": ""63"", ""team"": ""Mercedes"", ""lap_number"": 15, ""lap_time_s"": 82.825, ""compound"": ""HARD"", ""tyre_life"": 3.0, ""stint"": 2, ""track_status"": ""1"", ""position"": 3.0, ""pit_in_time"": ""NaT"", ""pit_out_time"": ""NaT"", ""is_pit_in_lap"": false, ""is_pit_out_lap"": false, ""is_pit_lap"": false, ""is_sc_vsc_lap"": false, ""is_valid_lap_time"": true, ""filter_reason_list"": [], ""include_for_lap_time_plot"": true, ""include_for_delta_plot"": true, ""include_for_fit"": true, ""filter_reason"": null}"
laps_filtered,"{""season"": 2026, ""round"": 1, ""session_type"": ""Race"", ""event_name"": ""Australian Grand Prix"", ""driver"": ""RUS"", ""driver_number"": ""63"", ""team"": ""Mercedes"", ""lap_number"": 16, ""lap_time_s"": 82.923, ""compound"": ""HARD"", ""tyre_life"": 4.0, ""stint"": 2, ""track_status"": ""1"", ""position"": 3.0, ""pit_in_time"": ""NaT"", ""pit_out_time"": ""NaT"", ""is_pit_in_lap"": false, ""is_pit_out_lap"": false, ""is_pit_lap"": false, ""is_sc_vsc_lap"": false, ""is_valid_lap_time"": true, ""filter_reason_list"": [], ""include_for_lap_time_plot"": true, ""include_for_delta_plot"": true, ""include_for_fit"": true, ""filter_reason"": null}"
laps_filtered,"{""season"": 2026, ""round"": 1, ""session_type"": ""Race"", ""event_name"": ""Australian Grand Prix"", ""driver"": ""RUS"", ""driver_number"": ""63"", ""team"": ""Mercedes"", ""lap_number"": 17, ""lap_time_s"": 82.765, ""compound"": ""HARD"", ""tyre_life"": 5.0, ""stint"": 2, ""track_status"": ""1"", ""position"": 3.0, ""pit_in_time"": ""NaT"", ""pit_out_time"": ""NaT"", ""is_pit_in_lap"": false, ""is_pit_out_lap"": false, ""is_pit_lap"": false, ""is_sc_vsc_lap"": false, ""is_valid_lap_time"": true, ""filter_reason_list"": [], ""include_for_lap_time_plot"": true, ""include_for_delta_plot"": true, ""include_for_fit"": true, ""filter_reason"": null}"
laps_filtered,"{""season"": 2026, ""round"": 1, ""session_type"": ""Race"", ""event_name"": ""Australian Grand Prix"", ""driver"": ""RUS"", ""driver_number"": ""63"", ""team"": ""Mercedes"", ""lap_number"": 18, ""lap_time_s"": 88.979, ""compound"": ""HARD"", ""tyre_life"": 6.0, ""stint"": 2, ""track_status"": ""126"", ""position"": 3.0, ""pit_in_time"": ""NaT"", ""pit_out_time"": ""NaT"", ""is_pit_in_lap"": false, ""is_pit_out_lap"": false, ""is_pit_lap"": false, ""is_sc_vsc_lap"": true, ""is_valid_lap_time"": true, ""filter_reason_list"": [], ""include_for_lap_time_plot"": true, ""include_for_delta_plot"": true, ""include_for_fit"": true, ""filter_reason"": null}"
laps_filtered,"{""season"": 2026, ""round"": 1, ""session_type"": ""Race"", ""event_name"": ""Australian Grand Prix"", ""driver"": ""RUS"", ""driver_number"": ""63"", ""team"": ""Mercedes"", ""lap_number"": 19, ""lap_time_s"": 115.257, ""compound"": ""HARD"", ""tyre_life"": 7.0, ""stint"": 2, ""track_status"": ""6"", ""position"": 3.0, ""pit_in_time"": ""NaT"", ""pit_out_time"": ""NaT"", ""is_pit_in_lap"": false, ""is_pit_out_lap"": false, ""is_pit_lap"": false, ""is_sc_vsc_lap"": true, ""is_valid_lap_time"": true, ""filter_reason_list"": [], ""include_for_lap_time_plot"": true, ""include_for_delta_plot"": true, ""include_for_fit"": true, ""filter_reason"": null}"
laps_filtered,"{""season"": 2026, ""round"": 1, ""session_type"": ""Race"", ""event_name"": ""Australian Grand Prix"", ""driver"": ""RUS"", ""driver_number"": ""63"", ""team"": ""Mercedes"", ""lap_number"": 20, ""lap_time_s"": 90.936, ""compound"": ""HARD"", ""tyre_life"": 8.0, ""stint"": 2, ""track_status"": ""671"", ""position"": 3.0, ""pit_in_time"": ""NaT"", ""pit_out_time"": ""NaT"", ""is_pit_in_lap"": false, ""is_pit_out_lap"": false, ""is_pit_lap"": false, ""is_sc_vsc_lap"": true, ""is_valid_lap_time"": true, ""filter_reason_list"": [], ""include_for_lap_time_plot"": true, ""include_for_delta_plot"": true, ""include_for_fit"": true, ""filter_reason"": null}"
laps_filtered,"{""season"": 2026, ""round"": 1, ""session_type"": ""Race"", ""event_name"": ""Australian Grand Prix"", ""driver"": ""RUS"", ""driver_number"": ""63"", ""team"": ""Mercedes"", ""lap_number"": 21, ""lap_time_s"": 82.67, ""compound"": ""HARD"", ""tyre_life"": 9.0, ""stint"": 2, ""track_status"": ""1"", ""position"": 3.0, ""pit_in_time"": ""NaT"", ""pit_out_time"": ""NaT"", ""is_pit_in_lap"": false, ""is_pit_out_lap"": false, ""is_pit_lap"": false, ""is_sc_vsc_lap"": false, ""is_valid_lap_time"": true, ""filter_reason_list"": [], ""include_for_lap_time_plot"": true, ""include_for_delta_plot"": true, ""include_for_fit"": true, ""filter_reason"": null}"
laps_filtered,"{""season"": 2026, ""round"": 1, ""session_type"": ""Race"", ""event_name"": ""Australian Grand Prix"", ""driver"": ""RUS"", ""driver_number"": ""63"", ""team"": ""Mercedes"", ""lap_number"": 22, ""lap_time_s"": 82.892, ""compound"": ""HARD"", ""tyre_life"": 10.0, ""stint"": 2, ""track_status"": ""1"", ""position"": 3.0, ""pit_in_time"": ""NaT"", ""pit_out_time"": ""NaT"", ""is_pit_in_lap"": false, ""is_pit_out_lap"": false, ""is_pit_lap"": false, ""is_sc_vsc_lap"": false, ""is_valid_lap_time"": true, ""filter_reason_list"": [], ""include_for_lap_time_plot"": true, ""include_for_delta_plot"": true, ""include_for_fit"": true, ""filter_reason"": null}"
laps_filtered,"{""season"": 2026, ""round"": 1, ""session_type"": ""Race"", ""event_name"": ""Australian Grand Prix"", ""driver"": ""RUS"", ""driver_number"": ""63"", ""team"": ""Mercedes"", ""lap_number"": 23, ""lap_time_s"": 82.828, ""compound"": ""HARD"", ""tyre_life"": 11.0, ""stint"": 2, ""track_status"": ""1"", ""position"": 3.0, ""pit_in_time"": ""NaT"", ""pit_out_time"": ""NaT"", ""is_pit_in_lap"": false, ""is_pit_out_lap"": false, ""is_pit_lap"": false, ""is_sc_vsc_lap"": false, ""is_valid_lap_time"": true, ""filter_reason_list"": [], ""include_for_lap_time_plot"": true, ""include_for_delta_plot"": true, ""include_for_fit"": true, ""filter_reason"": null}"
laps_filtered,"{""season"": 2026, ""round"": 1, ""session_type"": ""Race"", ""event_name"": ""Australian Grand Prix"", ""driver"": ""RUS"", ""driver_number"": ""63"", ""team"": ""Mercedes"", ""lap_number"": 24, ""lap_time_s"": 83.466, ""compound"": ""HARD"", ""tyre_life"": 12.0, ""stint"": 2, ""track_status"": ""1"", ""position"": 3.0, ""pit_in_time"": ""NaT"", ""pit_out_time"": ""NaT"", ""is_pit_in_lap"": false, ""is_pit_out_lap"": false, ""is_pit_lap"": false, ""is_sc_vsc_lap"": false, ""is_valid_lap_time"": true, ""filter_reason_list"": [], ""include_for_lap_time_plot"": true, ""include_for_delta_plot"": true, ""include_for_fit"": true, ""filter_reason"": null}"
laps_filtered,"{""season"": 2026, ""round"": 1, ""session_type"": ""Race"", ""event_name"": ""Australian Grand Prix"", ""driver"": ""RUS"", ""driver_number"": ""63"", ""team"": ""Mercedes"", ""lap_number"": 25, ""lap_time_s"": 82.879, ""compound"": ""HARD"", ""tyre_life"": 13.0, ""stint"": 2, ""track_status"": ""1"", ""position"": 2.0, ""pit_in_time"": ""NaT"", ""pit_out_time"": ""NaT"", ""is_pit_in_lap"": false, ""is_pit_out_lap"": false, ""is_pit_lap"": false, ""is_sc_vsc_lap"": false, ""is_valid_lap_time"": true, ""filter_reason_list"": [], ""include_for_lap_time_plot"": true, ""include_for_delta_plot"": true, ""include_for_fit"": true, ""filter_reason"": null}"
laps_filtered,"{""season"": 2026, ""round"": 1, ""session_type"": ""Race"", ""event_name"": ""Australian Grand Prix"", ""driver"": ""RUS"", ""driver_number"": ""63"", ""team"": ""Mercedes"", ""lap_number"": 26, ""lap_time_s"": 83.093, ""compound"": ""HARD"", ""tyre_life"": 14.0, ""stint"": 2, ""track_status"": ""1"", ""position"": 2.0, ""pit_in_time"": ""NaT"", ""pit_out_time"": ""NaT"", ""is_pit_in_lap"": false, ""is_pit_out_lap"": false, ""is_pit_lap"": false, ""is_sc_vsc_lap"": false, ""is_valid_lap_time"": true, ""filter_reason_list"": [], ""include_for_lap_time_plot"": true, ""include_for_delta_plot"": true, ""include_for_fit"": true, ""filter_reason"": null}"
laps_filtered,"{""season"": 2026, ""round"": 1, ""session_type"": ""Race"", ""event_name"": ""Australian Grand Prix"", ""driver"": ""RUS"", ""driver_number"": ""63"", ""team"": ""Mercedes"", ""lap_number"": 27, ""lap_time_s"": 83.188, ""compound"": ""HARD"", ""tyre_life"": 15.0, ""stint"": 2, ""track_status"": ""1"", ""position"": 2.0, ""pit_in_time"": ""NaT"", ""pit_out_time"": ""NaT"", ""is_pit_in_lap"": false, ""is_pit_out_lap"": false, ""is_pit_lap"": false, ""is_sc_vsc_lap"": false, ""is_valid_lap_time"": true, ""filter_reason_list"": [], ""include_for_lap_time_plot"": true, ""include_for_delta_plot"": true, ""include_for_fit"": true, ""filter_reason"": null}"
laps_filtered,"{""season"": 2026, ""round"": 1, ""session_type"": ""Race"", ""event_name"": ""Australian Grand Prix"", ""driver"": ""RUS"", ""driver_number"": ""63"", ""team"": ""Mercedes"", ""lap_number"": 28, ""lap_time_s"": 83.39, ""compound"": ""HARD"", ""tyre_life"": 16.0, ""stint"": 2, ""track_status"": ""1"", ""position"": 1.0, ""pit_in_time"": ""NaT"", ""pit_out_time"": ""NaT"", ""is_pit_in_lap"": false, ""is_pit_out_lap"": false, ""is_pit_lap"": false, ""is_sc_vsc_lap"": false, ""is_valid_lap_time"": true, ""filter_reason_list"": [], ""include_for_lap_time_plot"": true, ""include_for_delta_plot"": true, ""include_for_fit"": true, ""filter_reason"": null}"
laps_filtered,"{""season"": 2026, ""round"": 1, ""session_type"": ""Race"", ""event_name"": ""Australian Grand Prix"", ""driver"": ""RUS"", ""driver_number"": ""63"", ""team"": ""Mercedes"", ""lap_number"": 29, ""lap_time_s"": 83.486, ""compound"": ""HARD"", ""tyre_life"": 17.0, ""stint"": 2, ""track_status"": ""1"", ""position"": 1.0, ""pit_in_time"": ""NaT"", ""pit_out_time"": ""NaT"", ""is_pit_in_lap"": false, ""is_pit_out_lap"": false, ""is_pit_lap"": false, ""is_sc_vsc_lap"": false, ""is_valid_lap_time"": true, ""filter_reason_list"": [], ""include_for_lap_time_plot"": true, ""include_for_delta_plot"": true, ""include_for_fit"": true, ""filter_reason"": null}"
laps_filtered,"{""season"": 2026, ""round"": 1, ""session_type"": ""Race"", ""event_name"": ""Australian Grand Prix"", ""driver"": ""RUS"", ""driver_number"": ""63"", ""team"": ""Mercedes"", ""lap_number"": 30, ""lap_time_s"": 83.272, ""compound"": ""HARD"", ""tyre_life"": 18.0, ""stint"": 2, ""track_status"": ""1"", ""position"": 1.0, ""pit_in_time"": ""NaT"", ""pit_out_time"": ""NaT"", ""is_pit_in_lap"": false, ""is_pit_out_lap"": false, ""is_pit_lap"": false, ""is_sc_vsc_lap"": false, ""is_valid_lap_time"": true, ""filter_reason_list"": [], ""include_for_lap_time_plot"": true, ""include_for_delta_plot"": true, ""include_for_fit"": true, ""filter_reason"": null}"
laps_filtered,"{""season"": 2026, ""round"": 1, ""session_type"": ""Race"", ""event_name"": ""Australian Grand Prix"", ""driver"": ""RUS"", ""driver_number"": ""63"", ""team"": ""Mercedes"", ""lap_number"": 31, ""lap_time_s"": 83.147, ""compound"": ""HARD"", ""tyre_life"": 19.0, ""stint"": 2, ""track_status"": ""1"", ""position"": 1.0, ""pit_in_time"": ""NaT"", ""pit_out_time"": ""NaT"", ""is_pit_in_lap"": false, ""is_pit_out_lap"": false, ""is_pit_lap"": false, ""is_sc_vsc_lap"": false, ""is_valid_lap_time"": true, ""filter_reason_list"": [], ""include_for_lap_time_plot"": true, ""include_for_delta_plot"": true, ""include_for_fit"": true, ""filter_reason"": null}"
laps_filtered,"{""season"": 2026, ""round"": 1, ""session_type"": ""Race"", ""event_name"": ""Australian Grand Prix"", ""driver"": ""RUS"", ""driver_number"": ""63"", ""team"": ""Mercedes"", ""lap_number"": 32, ""lap_time_s"": 83.54, ""compound"": ""HARD"", ""tyre_life"": 20.0, ""stint"": 2, ""track_status"": ""1"", ""position"": 1.0, ""pit_in_time"": ""NaT"", ""pit_out_time"": ""NaT"", ""is_pit_in_lap"": false, ""is_pit_out_lap"": false, ""is_pit_lap"": false, ""is_sc_vsc_lap"": false, ""is_valid_lap_time"": true, ""filter_reason_list"": [], ""include_for_lap_time_plot"": true, ""include_for_delta_plot"": true, ""include_for_fit"": true, ""filter_reason"": null}"
laps_filtered,"{""season"": 2026, ""round"": 1, ""session_type"": ""Race"", ""event_name"": ""Australian Grand Prix"", ""driver"": ""RUS"", ""driver_number"": ""63"", ""team"": ""Mercedes"", ""lap_number"": 33, ""lap_time_s"": 83.838, ""compound"": ""HARD"", ""tyre_life"": 21.0, ""stint"": 2, ""track_status"": ""1"", ""position"": 1.0, ""pit_in_time"": ""NaT"", ""pit_out_time"": ""NaT"", ""is_pit_in_lap"": false, ""is_pit_out_lap"": false, ""is_pit_lap"": false, ""is_sc_vsc_lap"": false, ""is_valid_lap_time"": true, ""filter_reason_list"": [], ""include_for_lap_time_plot"": true, ""include_for_delta_plot"": true, ""include_for_fit"": true, ""filter_reason"": null}"
laps_filtered,"{""season"": 2026, ""round"": 1, ""session_type"": ""Race"", ""event_name"": ""Australian Grand Prix"", ""driver"": ""RUS"", ""driver_number"": ""63"", ""team"": ""Mercedes"", ""lap_number"": 34, ""lap_time_s"": 97.592, ""compound"": ""HARD"", ""tyre_life"": 22.0, ""stint"": 2, ""track_status"": ""167"", ""position"": 1.0, ""pit_in_time"": ""NaT"", ""pit_out_time"": ""NaT"", ""is_pit_in_lap"": false, ""is_pit_out_lap"": false, ""is_pit_lap"": false, ""is_sc_vsc_lap"": true, ""is_valid_lap_time"": true, ""filter_reason_list"": [], ""include_for_lap_time_plot"": true, ""include_for_delta_plot"": true, ""include_for_fit"": true, ""filter_reason"": null}"
laps_filtered,"{""season"": 2026, ""round"": 1, ""session_type"": ""Race"", ""event_name"": ""Australian Grand Prix"", ""driver"": ""RUS"", ""driver_number"": ""63"", ""team"": ""Mercedes"", ""lap_number"": 35, ""lap_time_s"": 83.017, ""compound"": ""HARD"", ""tyre_life"": 23.0, ""stint"": 2, ""track_status"": ""1"", ""position"": 1.0, ""pit_in_time"": ""NaT"", ""pit_out_time"": ""NaT"", ""is_pit_in_lap"": false, ""is_pit_out_lap"": false, ""is_pit_lap"": false, ""is_sc_vsc_lap"": false, ""is_valid_lap_time"": true, ""filter_reason_list"": [], ""include_for_lap_time_plot"": true, ""include_for_delta_plot"": true, ""include_for_fit"": true, ""filter_reason"": null}"
laps_filtered,"{""season"": 2026, ""round"": 1, ""session_type"": ""Race"", ""event_name"": ""Australian Grand Prix"", ""driver"": ""RUS"", ""driver_number"": ""63"", ""team"": ""Mercedes"", ""lap_number"": 36, ""lap_time_s"": 82.729, ""compound"": ""HARD"", ""tyre_life"": 24.0, ""stint"": 2, ""track_status"": ""1"", ""position"": 1.0, ""pit_in_time"": ""NaT"", ""pit_out_time"": ""NaT"", ""is_pit_in_lap"": false, ""is_pit_out_lap"": false, ""is_pit_lap"": false, ""is_sc_vsc_lap"": false, ""is_valid_lap_time"": true, ""filter_reason_list"": [], ""include_for_lap_time_plot"": true, ""include_for_delta_plot"": true, ""include_for_fit"": true, ""filter_reason"": null}"
laps_filtered,"{""season"": 2026, ""round"": 1, ""session_type"": ""Race"", ""event_name"": ""Australian Grand Prix"", ""driver"": ""RUS"", ""driver_number"": ""63"", ""team"": ""Mercedes"", ""lap_number"": 37, ""lap_time_s"": 82.839, ""compound"": ""HARD"", ""tyre_life"": 25.0, ""stint"": 2, ""track_status"": ""1"", ""position"": 1.0, ""pit_in_time"": ""NaT"", ""pit_out_time"": ""NaT"", ""is_pit_in_lap"": false, ""is_pit_out_lap"": false, ""is_pit_lap"": false, ""is_sc_vsc_lap"": false, ""is_valid_lap_time"": true, ""filter_reason_list"": [], ""include_for_lap_time_plot"": true, ""include_for_delta_plot"": true, ""include_for_fit"": true, ""filter_reason"": null}"
laps_filtered,"{""season"": 2026, ""round"": 1, ""session_type"": ""Race"", ""event_name"": ""Australian Grand Prix"", ""driver"": ""RUS"", ""driver_number"": ""63"", ""team"": ""Mercedes"", ""lap_number"": 38, ""lap_time_s"": 82.863, ""compound"": ""HARD"", ""tyre_life"": 26.0, ""stint"": 2, ""track_status"": ""1"", ""position"": 1.0, ""pit_in_time"": ""NaT"", ""pit_out_time"": ""NaT"", ""is_pit_in_lap"": false, ""is_pit_out_lap"": false, ""is_pit_lap"": false, ""is_sc_vsc_lap"": false, ""is_valid_lap_time"": true, ""filter_reason_list"": [], ""include_for_lap_time_plot"": true, ""include_for_delta_plot"": true, ""include_for_fit"": true, ""filter_reason"": null}"
laps_filtered,"{""season"": 2026, ""round"": 1, ""session_type"": ""Race"", ""event_name"": ""Australian Grand Prix"", ""driver"": ""RUS"", ""driver_number"": ""63"", ""team"": ""Mercedes"", ""lap_number"": 39, ""lap_time_s"": 82.738, ""compound"": ""HARD"", ""tyre_life"": 27.0, ""stint"": 2, ""track_status"": ""1"", ""position"": 1.0, ""pit_in_time"": ""NaT"", ""pit_out_time"": ""NaT"", ""is_pit_in_lap"": false, ""is_pit_out_lap"": false, ""is_pit_lap"": false, ""is_sc_vsc_lap"": false, ""is_valid_lap_time"": true, ""filter_reason_list"": [], ""include_for_lap_time_plot"": true, ""include_for_delta_plot"": true, ""include_for_fit"": true, ""filter_reason"": null}"
laps_filtered,"{""season"": 2026, ""round"": 1, ""session_type"": ""Race"", ""event_name"": ""Australian Grand Prix"", ""driver"": ""RUS"", ""driver_number"": ""63"", ""team"": ""Mercedes"", ""lap_number"": 40, ""lap_time_s"": 82.915, ""compound"": ""HARD"", ""tyre_life"": 28.0, ""stint"": 2, ""track_status"": ""1"", ""position"": 1.0, ""pit_in_time"": ""NaT"", ""pit_out_time"": ""NaT"", ""is_pit_in_lap"": false, ""is_pit_out_lap"": false, ""is_pit_lap"": false, ""is_sc_vsc_lap"": false, ""is_valid_lap_time"": true, ""filter_reason_list"": [], ""include_for_lap_time_plot"": true, ""include_for_delta_plot"": true, ""include_for_fit"": true, ""filter_reason"": null}"
laps_filtered,"{""season"": 2026, ""round"": 1, ""session_type"": ""Race"", ""event_name"": ""Australian Grand Prix"", ""driver"": ""RUS"", ""driver_number"": ""63"", ""team"": ""Mercedes"", ""lap_number"": 41, ""lap_time_s"": 83.073, ""compound"": ""HARD"", ""tyre_life"": 29.0, ""stint"": 2, ""track_status"": ""1"", ""position"": 1.0, ""pit_in_time"": ""NaT"", ""pit_out_time"": ""NaT"", ""is_pit_in_lap"": false, ""is_pit_out_lap"": false, ""is_pit_lap"": false, ""is_sc_vsc_lap"": false, ""is_valid_lap_time"": true, ""filter_reason_list"": [], ""include_for_lap_time_plot"": true, ""include_for_delta_plot"": true, ""include_for_fit"": true, ""filter_reason"": null}"
laps_filtered,"{""season"": 2026, ""round"": 1, ""session_type"": ""Race"", ""event_name"": ""Australian Grand Prix"", ""driver"": ""RUS"", ""driver_number"": ""63"", ""team"": ""Mercedes"", ""lap_number"": 42, ""lap_time_s"": 83.054, ""compound"": ""HARD"", ""tyre_life"": 30.0, ""stint"": 2, ""track_status"": ""1"", ""position"": 1.0, ""pit_in_time"": ""NaT"", ""pit_out_time"": ""NaT"", ""is_pit_in_lap"": false, ""is_pit_out_lap"": false, ""is_pit_lap"": false, ""is_sc_vsc_lap"": false, ""is_valid_lap_time"": true, ""filter_reason_list"": [], ""include_for_lap_time_plot"": true, ""include_for_delta_plot"": true, ""include_for_fit"": true, ""filter_reason"": null}"
laps_filtered,"{""season"": 2026, ""round"": 1, ""session_type"": ""Race"", ""event_name"": ""Australian Grand Prix"", ""driver"": ""RUS"", ""driver_number"": ""63"", ""team"": ""Mercedes"", ""lap_number"": 43, ""lap_time_s"": 82.893, ""compound"": ""HARD"", ""tyre_life"": 31.0, ""stint"": 2, ""track_status"": ""1"", ""position"": 1.0, ""pit_in_time"": ""NaT"", ""pit_out_time"": ""NaT"", ""is_pit_in_lap"": false, ""is_pit_out_lap"": false, ""is_pit_lap"": false, ""is_sc_vsc_lap"": false, ""is_valid_lap_time"": true, ""filter_reason_list"": [], ""include_for_lap_time_plot"": true, ""include_for_delta_plot"": true, ""include_for_fit"": true, ""filter_reason"": null}"
laps_filtered,"{""season"": 2026, ""round"": 1, ""session_type"": ""Race"", ""event_name"": ""Australian Grand Prix"", ""driver"": ""RUS"", ""driver_number"": ""63"", ""team"": ""Mercedes"", ""lap_number"": 44, ""lap_time_s"": 82.856, ""compound"": ""HARD"", ""tyre_life"": 32.0, ""stint"": 2, ""track_status"": ""1"", ""position"": 1.0, ""pit_in_time"": ""NaT"", ""pit_out_time"": ""NaT"", ""is_pit_in_lap"": false, ""is_pit_out_lap"": false, ""is_pit_lap"": false, ""is_sc_vsc_lap"": false, ""is_valid_lap_time"": true, ""filter_reason_list"": [], ""include_for_lap_time_plot"": true, ""include_for_delta_plot"": true, ""include_for_fit"": true, ""filter_reason"": null}"
laps_filtered,"{""season"": 2026, ""round"": 1, ""session_type"": ""Race"", ""event_name"": ""Australian Grand Prix"", ""driver"": ""RUS"", ""driver_number"": ""63"", ""team"": ""Mercedes"", ""lap_number"": 45, ""lap_time_s"": 83.477, ""compound"": ""HARD"", ""tyre_life"": 33.0, ""stint"": 2, ""track_status"": ""1"", ""position"": 1.0, ""pit_in_time"": ""NaT"", ""pit_out_time"": ""NaT"", ""is_pit_in_lap"": false, ""is_pit_out_lap"": false, ""is_pit_lap"": false, ""is_sc_vsc_lap"": false, ""is_valid_lap_time"": true, ""filter_reason_list"": [], ""include_for_lap_time_plot"": true, ""include_for_delta_plot"": true, ""include_for_fit"": true, ""filter_reason"": null}"
laps_filtered,"{""season"": 2026, ""round"": 1, ""session_type"": ""Race"", ""event_name"": ""Australian Grand Prix"", ""driver"": ""RUS"", ""driver_number"": ""63"", ""team"": ""Mercedes"", ""lap_number"": 46, ""lap_time_s"": 83.751, ""compound"": ""HARD"", ""tyre_life"": 34.0, ""stint"": 2, ""track_status"": ""1"", ""position"": 1.0, ""pit_in_time"": ""NaT"", ""pit_out_time"": ""NaT"", ""is_pit_in_lap"": false, ""is_pit_out_lap"": false, ""is_pit_lap"": false, ""is_sc_vsc_lap"": false, ""is_valid_lap_time"": true, ""filter_reason_list"": [], ""include_for_lap_time_plot"": true, ""include_for_delta_plot"": true, ""include_for_fit"": true, ""filter_reason"": null}"
laps_filtered,"{""season"": 2026, ""round"": 1, ""session_type"": ""Race"", ""event_name"": ""Australian Grand Prix"", ""driver"": ""RUS"", ""driver_number"": ""63"", ""team"": ""Mercedes"", ""lap_number"": 47, ""lap_time_s"": 83.033, ""compound"": ""HARD"", ""tyre_life"": 35.0, ""stint"": 2, ""track_status"": ""1"", ""position"": 1.0, ""pit_in_time"": ""NaT"", ""pit_out_time"": ""NaT"", ""is_pit_in_lap"": false, ""is_pit_out_lap"": false, ""is_pit_lap"": false, ""is_sc_vsc_lap"": false, ""is_valid_lap_time"": true, ""filter_reason_list"": [], ""include_for_lap_time_plot"": true, ""include_for_delta_plot"": true, ""include_for_fit"": true, ""filter_reason"": null}"
laps_filtered,"{""season"": 2026, ""round"": 1, ""session_type"": ""Race"", ""event_name"": ""Australian Grand Prix"", ""driver"": ""RUS"", ""driver_number"": ""63"", ""team"": ""Mercedes"", ""lap_number"": 48, ""lap_time_s"": 83.034, ""compound"": ""HARD"", ""tyre_life"": 36.0, ""stint"": 2, ""track_status"": ""1"", ""position"": 1.0, ""pit_in_time"": ""NaT"", ""pit_out_time"": ""NaT"", ""is_pit_in_lap"": false, ""is_pit_out_lap"": false, ""is_pit_lap"": false, ""is_sc_vsc_lap"": false, ""is_valid_lap_time"": true, ""filter_reason_list"": [], ""include_for_lap_time_plot"": true, ""include_for_delta_plot"": true, ""include_for_fit"": true, ""filter_reason"": null}"
laps_filtered,"{""season"": 2026, ""round"": 1, ""session_type"": ""Race"", ""event_name"": ""Australian Grand Prix"", ""driver"": ""RUS"", ""driver_number"": ""63"", ""team"": ""Mercedes"", ""lap_number"": 49, ""lap_time_s"": 82.844, ""compound"": ""HARD"", ""tyre_life"": 37.0, ""stint"": 2, ""track_status"": ""1"", ""position"": 1.0, ""pit_in_time"": ""NaT"", ""pit_out_time"": ""NaT"", ""is_pit_in_lap"": false, ""is_pit_out_lap"": false, ""is_pit_lap"": false, ""is_sc_vsc_lap"": false, ""is_valid_lap_time"": true, ""filter_reason_list"": [], ""include_for_lap_time_plot"": true, ""include_for_delta_plot"": true, ""include_for_fit"": true, ""filter_reason"": null}"
laps_filtered,"{""season"": 2026, ""round"": 1, ""session_type"": ""Race"", ""event_name"": ""Australian Grand Prix"", ""driver"": ""RUS"", ""driver_number"": ""63"", ""team"": ""Mercedes"", ""lap_number"": 50, ""lap_time_s"": 83.087, ""compound"": ""HARD"", ""tyre_life"": 38.0, ""stint"": 2, ""track_status"": ""1"", ""position"": 1.0, ""pit_in_time"": ""NaT"", ""pit_out_time"": ""NaT"", ""is_pit_in_lap"": false, ""is_pit_out_lap"": false, ""is_pit_lap"": false, ""is_sc_vsc_lap"": false, ""is_valid_lap_time"": true, ""filter_reason_list"": [], ""include_for_lap_time_plot"": true, ""include_for_delta_plot"": true, ""include_for_fit"": true, ""filter_reason"": null}"
laps_filtered,"{""season"": 2026, ""round"": 1, ""session_type"": ""Race"", ""event_name"": ""Australian Grand Prix"", ""driver"": ""RUS"", ""driver_number"": ""63"", ""team"": ""Mercedes"", ""lap_number"": 51, ""lap_time_s"": 82.762, ""compound"": ""HARD"", ""tyre_life"": 39.0, ""stint"": 2, ""track_status"": ""1"", ""position"": 1.0, ""pit_in_time"": ""NaT"", ""pit_out_time"": ""NaT"", ""is_pit_in_lap"": false, ""is_pit_out_lap"": false, ""is_pit_lap"": false, ""is_sc_vsc_lap"": false, ""is_valid_lap_time"": true, ""filter_reason_list"": [], ""include_for_lap_time_plot"": true, ""include_for_delta_plot"": true, ""include_for_fit"": true, ""filter_reason"": null}"
laps_filtered,"{""season"": 2026, ""round"": 1, ""session_type"": ""Race"", ""event_name"": ""Australian Grand Prix"", ""driver"": ""RUS"", ""driver_number"": ""63"", ""team"": ""Mercedes"", ""lap_number"": 52, ""lap_time_s"": 83.106, ""compound"": ""HARD"", ""tyre_life"": 40.0, ""stint"": 2, ""track_status"": ""1"", ""position"": 1.0, ""pit_in_time"": ""NaT"", ""pit_out_time"": ""NaT"", ""is_pit_in_lap"": false, ""is_pit_out_lap"": false, ""is_pit_lap"": false, ""is_sc_vsc_lap"": false, ""is_valid_lap_time"": true, ""filter_reason_list"": [], ""include_for_lap_time_plot"": true, ""include_for_delta_plot"": true, ""include_for_fit"": true, ""filter_reason"": null}"
laps_filtered,"{""season"": 2026, ""round"": 1, ""session_type"": ""Race"", ""event_name"": ""Australian Grand Prix"", ""driver"": ""RUS"", ""driver_number"": ""63"", ""team"": ""Mercedes"", ""lap_number"": 53, ""lap_time_s"": 83.069, ""compound"": ""HARD"", ""tyre_life"": 41.0, ""stint"": 2, ""track_status"": ""1"", ""position"": 1.0, ""pit_in_time"": ""NaT"", ""pit_out_time"": ""NaT"", ""is_pit_in_lap"": false, ""is_pit_out_lap"": false, ""is_pit_lap"": false, ""is_sc_vsc_lap"": false, ""is_valid_lap_time"": true, ""filter_reason_list"": [], ""include_for_lap_time_plot"": true, ""include_for_delta_plot"": true, ""include_for_fit"": true, ""filter_reason"": null}"
laps_filtered,"{""season"": 2026, ""round"": 1, ""session_type"": ""Race"", ""event_name"": ""Australian Grand Prix"", ""driver"": ""RUS"", ""driver_number"": ""63"", ""team"": ""Mercedes"", ""lap_number"": 54, ""lap_time_s"": 83.1, ""compound"": ""HARD"", ""tyre_life"": 42.0, ""stint"": 2, ""track_status"": ""1"", ""position"": 1.0, ""pit_in_time"": ""NaT"", ""pit_out_time"": ""NaT"", ""is_pit_in_lap"": false, ""is_pit_out_lap"": false, ""is_pit_lap"": false, ""is_sc_vsc_lap"": false, ""is_valid_lap_time"": true, ""filter_reason_list"": [], ""include_for_lap_time_plot"": true, ""include_for_delta_plot"": true, ""include_for_fit"": true, ""filter_reason"": null}"
laps_filtered,"{""season"": 2026, ""round"": 1, ""session_type"": ""Race"", ""event_name"": ""Australian Grand Prix"", ""driver"": ""RUS"", ""driver_number"": ""63"", ""team"": ""Mercedes"", ""lap_number"": 55, ""lap_time_s"": 82.67, ""compound"": ""HARD"", ""tyre_life"": 43.0, ""stint"": 2, ""track_status"": ""1"", ""position"": 1.0, ""pit_in_time"": ""NaT"", ""pit_out_time"": ""NaT"", ""is_pit_in_lap"": false, ""is_pit_out_lap"": false, ""is_pit_lap"": false, ""is_sc_vsc_lap"": false, ""is_valid_lap_time"": true, ""filter_reason_list"": [], ""include_for_lap_time_plot"": true, ""include_for_delta_plot"": true, ""include_for_fit"": true, ""filter_reason"": null}"
laps_filtered,"{""season"": 2026, ""round"": 1, ""session_type"": ""Race"", ""event_name"": ""Australian Grand Prix"", ""driver"": ""RUS"", ""driver_number"": ""63"", ""team"": ""Mercedes"", ""lap_number"": 56, ""lap_time_s"": 82.757, ""compound"": ""HARD"", ""tyre_life"": 44.0, ""stint"": 2, ""track_status"": ""1"", ""position"": 1.0, ""pit_in_time"": ""NaT"", ""pit_out_time"": ""NaT"", ""is_pit_in_lap"": false, ""is_pit_out_lap"": false, ""is_pit_lap"": false, ""is_sc_vsc_lap"": false, ""is_valid_lap_time"": true, ""filter_reason_list"": [], ""include_for_lap_time_plot"": true, ""include_for_delta_plot"": true, ""include_for_fit"": true, ""filter_reason"": null}"
laps_filtered,"{""season"": 2026, ""round"": 1, ""session_type"": ""Race"", ""event_name"": ""Australian Grand Prix"", ""driver"": ""RUS"", ""driver_number"": ""63"", ""team"": ""Mercedes"", ""lap_number"": 57, ""lap_time_s"": 83.188, ""compound"": ""HARD"", ""tyre_life"": 45.0, ""stint"": 2, ""track_status"": ""1"", ""position"": 1.0, ""pit_in_time"": ""NaT"", ""pit_out_time"": ""NaT"", ""is_pit_in_lap"": false, ""is_pit_out_lap"": false, ""is_pit_lap"": false, ""is_sc_vsc_lap"": false, ""is_valid_lap_time"": true, ""filter_reason_list"": [], ""include_for_lap_time_plot"": true, ""include_for_delta_plot"": true, ""include_for_fit"": true, ""filter_reason"": null}"
laps_filtered,"{""season"": 2026, ""round"": 1, ""session_type"": ""Race"", ""event_name"": ""Australian Grand Prix"", ""driver"": ""RUS"", ""driver_number"": ""63"", ""team"": ""Mercedes"", ""lap_number"": 58, ""lap_time_s"": 83.351, ""compound"": ""HARD"", ""tyre_life"": 46.0, ""stint"": 2, ""track_status"": ""1"", ""position"": 1.0, ""pit_in_time"": ""NaT"", ""pit_out_time"": ""NaT"", ""is_pit_in_lap"": false, ""is_pit_out_lap"": false, ""is_pit_lap"": false, ""is_sc_vsc_lap"": false, ""is_valid_lap_time"": true, ""filter_reason_list"": [], ""include_for_lap_time_plot"": true, ""include_for_delta_plot"": true, ""include_for_fit"": true, ""filter_reason"": null}"
delta_laps,"{""lap_number"": 1, ""driver_a"": ""RUS"", ""driver_b"": ""LEC"", ""lap_time_a_s"": 92.694, ""lap_time_b_s"": 91.929, ""lap_delta_s"": 0.7650000000000006, ""cum_time_a_s"": 92.694, ""cum_time_b_s"": 91.929, ""cum_delta_s"": 0.7650000000000006, ""valid_for_delta"": true, ""exclude_reason"": null}"
delta_laps,"{""lap_number"": 2, ""driver_a"": ""RUS"", ""driver_b"": ""LEC"", ""lap_time_a_s"": 85.007, ""lap_time_b_s"": 86.212, ""lap_delta_s"": -1.2049999999999983, ""cum_time_a_s"": 177.70100000000002, ""cum_time_b_s"": 178.14100000000002, ""cum_delta_s"": -0.4399999999999977, ""valid_for_delta"": true, ""exclude_reason"": null}"
delta_laps,"{""lap_number"": 3, ""driver_a"": ""RUS"", ""driver_b"": ""LEC"", ""lap_time_a_s"": 86.444, ""lap_time_b_s"": 85.453, ""lap_delta_s"": 0.9909999999999997, ""cum_time_a_s"": 264.14500000000004, ""cum_time_b_s"": 263.59400000000005, ""cum_delta_s"": 0.5509999999999877, ""valid_for_delta"": true, ""exclude_reason"": null}"
delta_laps,"{""lap_number"": 4, ""driver_a"": ""RUS"", ""driver_b"": ""LEC"", ""lap_time_a_s"": 84.789, ""lap_time_b_s"": 84.553, ""lap_delta_s"": 0.2360000000000042, ""cum_time_a_s"": 348.934, ""cum_time_b_s"": 348.14700000000005, ""cum_delta_s"": 0.7869999999999777, ""valid_for_delta"": true, ""exclude_reason"": null}"
delta_laps,"{""lap_number"": 5, ""driver_a"": ""RUS"", ""driver_b"": ""LEC"", ""lap_time_a_s"": 84.017, ""lap_time_b_s"": 83.981, ""lap_delta_s"": 0.036000000000001364, ""cum_time_a_s"": 432.951, ""cum_time_b_s"": 432.12800000000004, ""cum_delta_s"": 0.8229999999999791, ""valid_for_delta"": true, ""exclude_reason"": null}"
delta_laps,"{""lap_number"": 6, ""driver_a"": ""RUS"", ""driver_b"": ""LEC"", ""lap_time_a_s"": 84.639, ""lap_time_b_s"": 84.822, ""lap_delta_s"": -0.18300000000000693, ""cum_time_a_s"": 517.59, ""cum_time_b_s"": 516.95, ""cum_delta_s"": 0.6399999999999864, ""valid_for_delta"": true, ""exclude_reason"": null}"
delta_laps,"{""lap_number"": 7, ""driver_a"": ""RUS"", ""driver_b"": ""LEC"", ""lap_time_a_s"": 84.099, ""lap_time_b_s"": 84.034, ""lap_delta_s"": 0.06499999999999773, ""cum_time_a_s"": 601.6890000000001, ""cum_time_b_s"": 600.984, ""cum_delta_s"": 0.7050000000000409, ""valid_for_delta"": true, ""exclude_reason"": null}"
delta_laps,"{""lap_number"": 8, ""driver_a"": ""RUS"", ""driver_b"": ""LEC"", ""lap_time_a_s"": 85.19, ""lap_time_b_s"": 85.563, ""lap_delta_s"": -0.37300000000000466, ""cum_time_a_s"": 686.8790000000001, ""cum_time_b_s"": 686.547, ""cum_delta_s"": 0.3320000000001073, ""valid_for_delta"": true, ""exclude_reason"": null}"
delta_laps,"{""lap_number"": 9, ""driver_a"": ""RUS"", ""driver_b"": ""LEC"", ""lap_time_a_s"": 85.978, ""lap_time_b_s"": 85.602, ""lap_delta_s"": 0.37599999999999056, ""cum_time_a_s"": 772.8570000000001, ""cum_time_b_s"": 772.149, ""cum_delta_s"": 0.7080000000000837, ""valid_for_delta"": true, ""exclude_reason"": null}"
delta_laps,"{""lap_number"": 10, ""driver_a"": ""RUS"", ""driver_b"": ""LEC"", ""lap_time_a_s"": 84.112, ""lap_time_b_s"": 83.977, ""lap_delta_s"": 0.1349999999999909, ""cum_time_a_s"": 856.969, ""cum_time_b_s"": 856.126, ""cum_delta_s"": 0.8430000000000746, ""valid_for_delta"": true, ""exclude_reason"": null}"
delta_laps,"{""lap_number"": 11, ""driver_a"": ""RUS"", ""driver_b"": ""LEC"", ""lap_time_a_s"": 83.967, ""lap_time_b_s"": 83.798, ""lap_delta_s"": 0.16899999999999693, ""cum_time_a_s"": 940.936, ""cum_time_b_s"": 939.924, ""cum_delta_s"": 1.0120000000000573, ""valid_for_delta"": true, ""exclude_reason"": null}"
delta_laps,"{""lap_number"": 12, ""driver_a"": ""RUS"", ""driver_b"": ""LEC"", ""lap_time_a_s"": 125.94, ""lap_time_b_s"": 114.008, ""lap_delta_s"": 11.932000000000002, ""cum_time_a_s"": 1066.876, ""cum_time_b_s"": 1053.932, ""cum_delta_s"": 12.94399999999996, ""valid_for_delta"": false, ""exclude_reason"": ""driver_a_pit_lap""}"
delta_laps,"{""lap_number"": 13, ""driver_a"": ""RUS"", ""driver_b"": ""LEC"", ""lap_time_a_s"": 117.659, ""lap_time_b_s"": 115.178, ""lap_delta_s"": 2.4810000000000088, ""cum_time_a_s"": 1184.535, ""cum_time_b_s"": 1169.1100000000001, ""cum_delta_s"": 15.424999999999955, ""valid_for_delta"": false, ""exclude_reason"": ""driver_a_pit_lap""}"
delta_laps,"{""lap_number"": 14, ""driver_a"": ""RUS"", ""driver_b"": ""LEC"", ""lap_time_a_s"": 87.094, ""lap_time_b_s"": 90.489, ""lap_delta_s"": -3.3950000000000102, ""cum_time_a_s"": 1271.6290000000001, ""cum_time_b_s"": 1259.5990000000002, ""cum_delta_s"": 12.029999999999973, ""valid_for_delta"": true, ""exclude_reason"": null}"
delta_laps,"{""lap_number"": 15, ""driver_a"": ""RUS"", ""driver_b"": ""LEC"", ""lap_time_a_s"": 82.825, ""lap_time_b_s"": 83.765, ""lap_delta_s"": -0.9399999999999977, ""cum_time_a_s"": 1354.4540000000002, ""cum_time_b_s"": 1343.3640000000003, ""cum_delta_s"": 11.089999999999918, ""valid_for_delta"": true, ""exclude_reason"": null}"
delta_laps,"{""lap_number"": 16, ""driver_a"": ""RUS"", ""driver_b"": ""LEC"", ""lap_time_a_s"": 82.923, ""lap_time_b_s"": 83.511, ""lap_delta_s"": -0.5879999999999939, ""cum_time_a_s"": 1437.3770000000002, ""cum_time_b_s"": 1426.8750000000002, ""cum_delta_s"": 10.501999999999953, ""valid_for_delta"": true, ""exclude_reason"": null}"
delta_laps,"{""lap_number"": 17, ""driver_a"": ""RUS"", ""driver_b"": ""LEC"", ""lap_time_a_s"": 82.765, ""lap_time_b_s"": 84.356, ""lap_delta_s"": -1.590999999999994, ""cum_time_a_s"": 1520.1420000000003, ""cum_time_b_s"": 1511.2310000000002, ""cum_delta_s"": 8.911000000000058, ""valid_for_delta"": true, ""exclude_reason"": null}"
delta_laps,"{""lap_number"": 18, ""driver_a"": ""RUS"", ""driver_b"": ""LEC"", ""lap_time_a_s"": 88.979, ""lap_time_b_s"": 89.602, ""lap_delta_s"": -0.6230000000000047, ""cum_time_a_s"": 1609.1210000000003, ""cum_time_b_s"": 1600.8330000000003, ""cum_delta_s"": 8.288000000000011, ""valid_for_delta"": true, ""exclude_reason"": null}"
delta_laps,"{""lap_number"": 19, ""driver_a"": ""RUS"", ""driver_b"": ""LEC"", ""lap_time_a_s"": 115.257, ""lap_time_b_s"": 113.653, ""lap_delta_s"": 1.6039999999999992, ""cum_time_a_s"": 1724.3780000000004, ""cum_time_b_s"": 1714.4860000000003, ""cum_delta_s"": 9.892000000000053, ""valid_for_delta"": true, ""exclude_reason"": null}"
delta_laps,"{""lap_number"": 20, ""driver_a"": ""RUS"", ""driver_b"": ""LEC"", ""lap_time_a_s"": 90.936, ""lap_time_b_s"": 93.183, ""lap_delta_s"": -2.247, ""cum_time_a_s"": 1815.3140000000003, ""cum_time_b_s"": 1807.6690000000003, ""cum_delta_s"": 7.644999999999982, ""valid_for_delta"": true, ""exclude_reason"": null}"
delta_laps,"{""lap_number"": 21, ""driver_a"": ""RUS"", ""driver_b"": ""LEC"", ""lap_time_a_s"": 82.67, ""lap_time_b_s"": 83.322, ""lap_delta_s"": -0.652000000000001, ""cum_time_a_s"": 1897.9840000000004, ""cum_time_b_s"": 1890.9910000000004, ""cum_delta_s"": 6.992999999999938, ""valid_for_delta"": true, ""exclude_reason"": null}"
delta_laps,"{""lap_number"": 22, ""driver_a"": ""RUS"", ""driver_b"": ""LEC"", ""lap_time_a_s"": 82.892, ""lap_time_b_s"": 83.416, ""lap_delta_s"": -0.5240000000000009, ""cum_time_a_s"": 1980.8760000000004, ""cum_time_b_s"": 1974.4070000000004, ""cum_delta_s"": 6.469000000000051, ""valid_for_delta"": true, ""exclude_reason"": null}"
delta_laps,"{""lap_number"": 23, ""driver_a"": ""RUS"", ""driver_b"": ""LEC"", ""lap_time_a_s"": 82.828, ""lap_time_b_s"": 83.476, ""lap_delta_s"": -0.6479999999999961, ""cum_time_a_s"": 2063.7040000000006, ""cum_time_b_s"": 2057.8830000000003, ""cum_delta_s"": 5.821000000000367, ""valid_for_delta"": true, ""exclude_reason"": null}"
delta_laps,"{""lap_number"": 24, ""driver_a"": ""RUS"", ""driver_b"": ""LEC"", ""lap_time_a_s"": 83.466, ""lap_time_b_s"": 83.66, ""lap_delta_s"": -0.19400000000000261, ""cum_time_a_s"": 2147.1700000000005, ""cum_time_b_s"": 2141.543, ""cum_delta_s"": 5.6270000000004075, ""valid_for_delta"": true, ""exclude_reason"": null}"
delta_laps,"{""lap_number"": 25, ""driver_a"": ""RUS"", ""driver_b"": ""LEC"", ""lap_time_a_s"": 82.879, ""lap_time_b_s"": 97.834, ""lap_delta_s"": -14.954999999999998, ""cum_time_a_s"": 2230.0490000000004, ""cum_time_b_s"": 2239.377, ""cum_delta_s"": -9.32799999999952, ""valid_for_delta"": false, ""exclude_reason"": ""driver_b_pit_lap""}"
delta_laps,"{""lap_number"": 26, ""driver_a"": ""RUS"", ""driver_b"": ""LEC"", ""lap_time_a_s"": 83.093, ""lap_time_b_s"": 89.317, ""lap_delta_s"": -6.2239999999999895, ""cum_time_a_s"": 2313.1420000000003, ""cum_time_b_s"": 2328.694, ""cum_delta_s"": -15.55199999999968, ""valid_for_delta"": false, ""exclude_reason"": ""driver_b_pit_lap""}"
delta_laps,"{""lap_number"": 27, ""driver_a"": ""RUS"", ""driver_b"": ""LEC"", ""lap_time_a_s"": 83.188, ""lap_time_b_s"": 83.106, ""lap_delta_s"": 0.08200000000000784, ""cum_time_a_s"": 2396.3300000000004, ""cum_time_b_s"": 2411.8, ""cum_delta_s"": -15.4699999999998, ""valid_for_delta"": true, ""exclude_reason"": null}"
delta_laps,"{""lap_number"": 28, ""driver_a"": ""RUS"", ""driver_b"": ""LEC"", ""lap_time_a_s"": 83.39, ""lap_time_b_s"": 83.089, ""lap_delta_s"": 0.30100000000000193, ""cum_time_a_s"": 2479.7200000000003, ""cum_time_b_s"": 2494.889, ""cum_delta_s"": -15.168999999999869, ""valid_for_delta"": true, ""exclude_reason"": null}"
delta_laps,"{""lap_number"": 29, ""driver_a"": ""RUS"", ""driver_b"": ""LEC"", ""lap_time_a_s"": 83.486, ""lap_time_b_s"": 82.987, ""lap_delta_s"": 0.49900000000000944, ""cum_time_a_s"": 2563.206, ""cum_time_b_s"": 2577.876, ""cum_delta_s"": -14.670000000000073, ""valid_for_delta"": true, ""exclude_reason"": null}"
delta_laps,"{""lap_number"": 30, ""driver_a"": ""RUS"", ""driver_b"": ""LEC"", ""lap_time_a_s"": 83.272, ""lap_time_b_s"": 83.026, ""lap_delta_s"": 0.24600000000000932, ""cum_time_a_s"": 2646.478, ""cum_time_b_s"": 2660.902, ""cum_delta_s"": -14.423999999999978, ""valid_for_delta"": true, ""exclude_reason"": null}"
delta_laps,"{""lap_number"": 31, ""driver_a"": ""RUS"", ""driver_b"": ""LEC"", ""lap_time_a_s"": 83.147, ""lap_time_b_s"": 82.934, ""lap_delta_s"": 0.21300000000000807, ""cum_time_a_s"": 2729.625, ""cum_time_b_s"": 2743.8360000000002, ""cum_delta_s"": -14.21100000000024, ""valid_for_delta"": true, ""exclude_reason"": null}"
delta_laps,"{""lap_number"": 32, ""driver_a"": ""RUS"", ""driver_b"": ""LEC"", ""lap_time_a_s"": 83.54, ""lap_time_b_s"": 82.947, ""lap_delta_s"": 0.5930000000000035, ""cum_time_a_s"": 2813.165, ""cum_time_b_s"": 2826.7830000000004, ""cum_delta_s"": -13.618000000000393, ""valid_for_delta"": true, ""exclude_reason"": null}"
delta_laps,"{""lap_number"": 33, ""driver_a"": ""RUS"", ""driver_b"": ""LEC"", ""lap_time_a_s"": 83.838, ""lap_time_b_s"": 83.174, ""lap_delta_s"": 0.6639999999999873, ""cum_time_a_s"": 2897.003, ""cum_time_b_s"": 2909.9570000000003, ""cum_delta_s"": -12.954000000000178, ""valid_for_delta"": true, ""exclude_reason"": null}"
delta_laps,"{""lap_number"": 34, ""driver_a"": ""RUS"", ""driver_b"": ""LEC"", ""lap_time_a_s"": 97.592, ""lap_time_b_s"": 98.516, ""lap_delta_s"": -0.9240000000000066, ""cum_time_a_s"": 2994.5950000000003, ""cum_time_b_s"": 3008.4730000000004, ""cum_delta_s"": -13.878000000000156, ""valid_for_delta"": true, ""exclude_reason"": null}"
delta_laps,"{""lap_number"": 35, ""driver_a"": ""RUS"", ""driver_b"": ""LEC"", ""lap_time_a_s"": 83.017, ""lap_time_b_s"": 83.542, ""lap_delta_s"": -0.5250000000000057, ""cum_time_a_s"": 3077.612, ""cum_time_b_s"": 3092.0150000000003, ""cum_delta_s"": -14.403000000000247, ""valid_for_delta"": true, ""exclude_reason"": null}"
delta_laps,"{""lap_number"": 36, ""driver_a"": ""RUS"", ""driver_b"": ""LEC"", ""lap_time_a_s"": 82.729, ""lap_time_b_s"": 84.376, ""lap_delta_s"": -1.6470000000000056, ""cum_time_a_s"": 3160.341, ""cum_time_b_s"": 3176.3910000000005, ""cum_delta_s"": -16.050000000000637, ""valid_for_delta"": true, ""exclude_reason"": null}"
delta_laps,"{""lap_number"": 37, ""driver_a"": ""RUS"", ""driver_b"": ""LEC"", ""lap_time_a_s"": 82.839, ""lap_time_b_s"": 83.236, ""lap_delta_s"": -0.39700000000000557, ""cum_time_a_s"": 3243.18, ""cum_time_b_s"": 3259.6270000000004, ""cum_delta_s"": -16.44700000000057, ""valid_for_delta"": true, ""exclude_reason"": null}"
delta_laps,"{""lap_number"": 38, ""driver_a"": ""RUS"", ""driver_b"": ""LEC"", ""lap_time_a_s"": 82.863, ""lap_time_b_s"": 82.579, ""lap_delta_s"": 0.284000000000006, ""cum_time_a_s"": 3326.0429999999997, ""cum_time_b_s"": 3342.2060000000006, ""cum_delta_s"": -16.16300000000092, ""valid_for_delta"": true, ""exclude_reason"": null}"
delta_laps,"{""lap_number"": 39, ""driver_a"": ""RUS"", ""driver_b"": ""LEC"", ""lap_time_a_s"": 82.738, ""lap_time_b_s"": 82.728, ""lap_delta_s"": 0.010000000000005116, ""cum_time_a_s"": 3408.7809999999995, ""cum_time_b_s"": 3424.9340000000007, ""cum_delta_s"": -16.153000000001157, ""valid_for_delta"": true, ""exclude_reason"": null}"
delta_laps,"{""lap_number"": 40, ""driver_a"": ""RUS"", ""driver_b"": ""LEC"", ""lap_time_a_s"": 82.915, ""lap_time_b_s"": 82.93, ""lap_delta_s"": -0.015000000000000568, ""cum_time_a_s"": 3491.6959999999995, ""cum_time_b_s"": 3507.8640000000005, ""cum_delta_s"": -16.16800000000103, ""valid_for_delta"": true, ""exclude_reason"": null}"
delta_laps,"{""lap_number"": 41, ""driver_a"": ""RUS"", ""driver_b"": ""LEC"", ""lap_time_a_s"": 83.073, ""lap_time_b_s"": 82.995, ""lap_delta_s"": 0.07799999999998875, ""cum_time_a_s"": 3574.7689999999993, ""cum_time_b_s"": 3590.8590000000004, ""cum_delta_s"": -16.090000000001055, ""valid_for_delta"": true, ""exclude_reason"": null}"
delta_laps,"{""lap_number"": 42, ""driver_a"": ""RUS"", ""driver_b"": ""LEC"", ""lap_time_a_s"": 83.054, ""lap_time_b_s"": 82.846, ""lap_delta_s"": 0.2079999999999984, ""cum_time_a_s"": 3657.8229999999994, ""cum_time_b_s"": 3673.7050000000004, ""cum_delta_s"": -15.882000000000971, ""valid_for_delta"": true, ""exclude_reason"": null}"
delta_laps,"{""lap_number"": 43, ""driver_a"": ""RUS"", ""driver_b"": ""LEC"", ""lap_time_a_s"": 82.893, ""lap_time_b_s"": 82.75, ""lap_delta_s"": 0.14300000000000068, ""cum_time_a_s"": 3740.7159999999994, ""cum_time_b_s"": 3756.4550000000004, ""cum_delta_s"": -15.739000000000942, ""valid_for_delta"": true, ""exclude_reason"": null}"
delta_laps,"{""lap_number"": 44, ""driver_a"": ""RUS"", ""driver_b"": ""LEC"", ""lap_time_a_s"": 82.856, ""lap_time_b_s"": 83.094, ""lap_delta_s"": -0.23799999999999955, ""cum_time_a_s"": 3823.571999999999, ""cum_time_b_s"": 3839.5490000000004, ""cum_delta_s"": -15.977000000001226, ""valid_for_delta"": true, ""exclude_reason"": null}"
delta_laps,"{""lap_number"": 45, ""driver_a"": ""RUS"", ""driver_b"": ""LEC"", ""lap_time_a_s"": 83.477, ""lap_time_b_s"": 83.16, ""lap_delta_s"": 0.3170000000000073, ""cum_time_a_s"": 3907.048999999999, ""cum_time_b_s"": 3922.7090000000003, ""cum_delta_s"": -15.660000000001219, ""valid_for_delta"": true, ""exclude_reason"": null}"
delta_laps,"{""lap_number"": 46, ""driver_a"": ""RUS"", ""driver_b"": ""LEC"", ""lap_time_a_s"": 83.751, ""lap_time_b_s"": 82.894, ""lap_delta_s"": 0.8569999999999993, ""cum_time_a_s"": 3990.7999999999993, ""cum_time_b_s"": 4005.603, ""cum_delta_s"": -14.803000000000793, ""valid_for_delta"": true, ""exclude_reason"": null}"
delta_laps,"{""lap_number"": 47, ""driver_a"": ""RUS"", ""driver_b"": ""LEC"", ""lap_time_a_s"": 83.033, ""lap_time_b_s"": 82.952, ""lap_delta_s"": 0.08100000000000307, ""cum_time_a_s"": 4073.832999999999, ""cum_time_b_s"": 4088.5550000000003, ""cum_delta_s"": -14.722000000001117, ""valid_for_delta"": true, ""exclude_reason"": null}"
delta_laps,"{""lap_number"": 48, ""driver_a"": ""RUS"", ""driver_b"": ""LEC"", ""lap_time_a_s"": 83.034, ""lap_time_b_s"": 82.899, ""lap_delta_s"": 0.13500000000000512, ""cum_time_a_s"": 4156.866999999999, ""cum_time_b_s"": 4171.454000000001, ""cum_delta_s"": -14.587000000001353, ""valid_for_delta"": true, ""exclude_reason"": null}"
delta_laps,"{""lap_number"": 49, ""driver_a"": ""RUS"", ""driver_b"": ""LEC"", ""lap_time_a_s"": 82.844, ""lap_time_b_s"": 83.364, ""lap_delta_s"": -0.5200000000000102, ""cum_time_a_s"": 4239.710999999999, ""cum_time_b_s"": 4254.818, ""cum_delta_s"": -15.10700000000088, ""valid_for_delta"": true, ""exclude_reason"": null}"
delta_laps,"{""lap_number"": 50, ""driver_a"": ""RUS"", ""driver_b"": ""LEC"", ""lap_time_a_s"": 83.087, ""lap_time_b_s"": 83.2, ""lap_delta_s"": -0.11299999999999955, ""cum_time_a_s"": 4322.798, ""cum_time_b_s"": 4338.018, ""cum_delta_s"": -15.220000000000255, ""valid_for_delta"": true, ""exclude_reason"": null}"
delta_laps,"{""lap_number"": 51, ""driver_a"": ""RUS"", ""driver_b"": ""LEC"", ""lap_time_a_s"": 82.762, ""lap_time_b_s"": 82.989, ""lap_delta_s"": -0.22700000000000387, ""cum_time_a_s"": 4405.5599999999995, ""cum_time_b_s"": 4421.007, ""cum_delta_s"": -15.447000000000116, ""valid_for_delta"": true, ""exclude_reason"": null}"
delta_laps,"{""lap_number"": 52, ""driver_a"": ""RUS"", ""driver_b"": ""LEC"", ""lap_time_a_s"": 83.106, ""lap_time_b_s"": 83.049, ""lap_delta_s"": 0.05699999999998795, ""cum_time_a_s"": 4488.665999999999, ""cum_time_b_s"": 4504.056, ""cum_delta_s"": -15.390000000000327, ""valid_for_delta"": true, ""exclude_reason"": null}"
delta_laps,"{""lap_number"": 53, ""driver_a"": ""RUS"", ""driver_b"": ""LEC"", ""lap_time_a_s"": 83.069, ""lap_time_b_s"": 83.014, ""lap_delta_s"": 0.05500000000000682, ""cum_time_a_s"": 4571.735, ""cum_time_b_s"": 4587.07, ""cum_delta_s"": -15.335000000000036, ""valid_for_delta"": true, ""exclude_reason"": null}"
delta_laps,"{""lap_number"": 54, ""driver_a"": ""RUS"", ""driver_b"": ""LEC"", ""lap_time_a_s"": 83.1, ""lap_time_b_s"": 83.045, ""lap_delta_s"": 0.05499999999999261, ""cum_time_a_s"": 4654.835, ""cum_time_b_s"": 4670.115, ""cum_delta_s"": -15.279999999999745, ""valid_for_delta"": true, ""exclude_reason"": null}"
delta_laps,"{""lap_number"": 55, ""driver_a"": ""RUS"", ""driver_b"": ""LEC"", ""lap_time_a_s"": 82.67, ""lap_time_b_s"": 82.825, ""lap_delta_s"": -0.15500000000000114, ""cum_time_a_s"": 4737.505, ""cum_time_b_s"": 4752.94, ""cum_delta_s"": -15.43499999999949, ""valid_for_delta"": true, ""exclude_reason"": null}"
delta_laps,"{""lap_number"": 56, ""driver_a"": ""RUS"", ""driver_b"": ""LEC"", ""lap_time_a_s"": 82.757, ""lap_time_b_s"": 82.965, ""lap_delta_s"": -0.2079999999999984, ""cum_time_a_s"": 4820.262, ""cum_time_b_s"": 4835.905, ""cum_delta_s"": -15.643000000000029, ""valid_for_delta"": true, ""exclude_reason"": null}"
delta_laps,"{""lap_number"": 57, ""driver_a"": ""RUS"", ""driver_b"": ""LEC"", ""lap_time_a_s"": 83.188, ""lap_time_b_s"": 83.098, ""lap_delta_s"": 0.09000000000000341, ""cum_time_a_s"": 4903.45, ""cum_time_b_s"": 4919.003, ""cum_delta_s"": -15.552999999999884, ""valid_for_delta"": true, ""exclude_reason"": null}"
delta_laps,"{""lap_number"": 58, ""driver_a"": ""RUS"", ""driver_b"": ""LEC"", ""lap_time_a_s"": 83.351, ""lap_time_b_s"": 83.317, ""lap_delta_s"": 0.034000000000006025, ""cum_time_a_s"": 4986.8009999999995, ""cum_time_b_s"": 5002.32, ""cum_delta_s"": -15.519000000000233, ""valid_for_delta"": true, ""exclude_reason"": null}"
telemetry_compare,"{""driver_a"": ""RUS"", ""driver_b"": ""LEC"", ""lap_a"": 1, ""lap_b"": 1, ""distance_m"": 0.0, ""speed_a"": 0.0, ""speed_b"": 0.0, ""throttle_a"": 28.0, ""throttle_b"": 30.0, ""brake_a"": 1.0, ""brake_b"": 1.0, ""delta_speed"": 0.0, ""faster_driver_segment"": null}"
telemetry_compare,"{""driver_a"": ""RUS"", ""driver_b"": ""LEC"", ""lap_a"": 1, ""lap_b"": 1, ""distance_m"": 5.0, ""speed_a"": 25.214793445899055, ""speed_b"": 13.457440704425723, ""throttle_a"": 21.0, ""throttle_b"": 30.47268347170564, ""brake_a"": 0.0, ""brake_b"": 0.0, ""delta_speed"": 11.757352741473332, ""faster_driver_segment"": ""RUS""}"
telemetry_compare,"{""driver_a"": ""RUS"", ""driver_b"": ""LEC"", ""lap_a"": 1, ""lap_b"": 1, ""distance_m"": 10.0, ""speed_a"": 38.76564883176244, ""speed_b"": 62.06634742865736, ""throttle_a"": 29.212519065409953, ""throttle_b"": 47.13269485731471, ""brake_a"": 0.0, ""brake_b"": 0.0, ""delta_speed"": -23.300698596894918, ""faster_driver_segment"": ""LEC""}"
telemetry_compare,"{""driver_a"": ""RUS"", ""driver_b"": ""LEC"", ""lap_a"": 1, ""lap_b"": 1, ""distance_m"": 15.0, ""speed_a"": 53.37836354061552, ""speed_b"": 65.0, ""throttle_a"": 39.390383795829116, ""throttle_b"": 53.57244362876368, ""brake_a"": 0.0, ""brake_b"": 0.0, ""delta_speed"": -11.621636459384483, ""faster_driver_segment"": ""LEC""}"
telemetry_compare,"{""driver_a"": ""RUS"", ""driver_b"": ""LEC"", ""lap_a"": 1, ""lap_b"": 1, ""distance_m"": 20.0, ""speed_a"": 61.549409620775755, ""speed_b"": 72.52675432628827, ""throttle_a"": 43.599662640443285, ""throttle_b"": 56.951380751259926, ""brake_a"": 0.0, ""brake_b"": 0.0, ""delta_speed"": -10.977344705512515, ""faster_driver_segment"": ""LEC""}"
telemetry_compare,"{""driver_a"": ""RUS"", ""driver_b"": ""LEC"", ""lap_a"": 1, ""lap_b"": 1, ""distance_m"": 25.0, ""speed_a"": 70.64036472435588, ""speed_b"": 84.66530429688399, ""throttle_a"": 45.0, ""throttle_b"": 60.098412225118075, ""brake_a"": 0.0, ""brake_b"": 0.0, ""delta_speed"": -14.024939572528112, ""faster_driver_segment"": ""LEC""}"
telemetry_compare,"{""driver_a"": ""RUS"", ""driver_b"": ""LEC"", ""lap_a"": 1, ""lap_b"": 1, ""distance_m"": 30.0, ""speed_a"": 77.37192809989112, ""speed_b"": 94.22759188359746, ""throttle_a"": 46.96059326150496, ""throttle_b"": 63.94914289814777, ""brake_a"": 0.0, ""brake_b"": 0.0, ""delta_speed"": -16.855663783706333, ""faster_driver_segment"": ""LEC""}"
telemetry_compare,"{""driver_a"": ""RUS"", ""driver_b"": ""LEC"", ""lap_a"": 1, ""lap_b"": 1, ""distance_m"": 35.0, ""speed_a"": 83.4795112680434, ""speed_b"": 100.9103675343898, ""throttle_a"": 48.83984962093643, ""throttle_b"": 69.79657159259108, ""brake_a"": 0.0, ""brake_b"": 0.0, ""delta_speed"": -17.43085626634641, ""faster_driver_segment"": ""LEC""}"
telemetry_compare,"{""driver_a"": ""RUS"", ""driver_b"": ""LEC"", ""lap_a"": 1, ""lap_b"": 1, ""distance_m"": 40.0, ""speed_a"": 88.84046722793092, ""speed_b"": 107.52148667705325, ""throttle_a"": 57.360807030062496, ""throttle_b"": 75.58130084242158, ""brake_a"": 0.0, ""brake_b"": 0.0, ""delta_speed"": -18.68101944912233, ""faster_driver_segment"": ""LEC""}"
telemetry_compare,"{""driver_a"": ""RUS"", ""driver_b"": ""LEC"", ""lap_a"": 1, ""lap_b"": 1, ""distance_m"": 45.0, ""speed_a"": 93.98506943046422, ""speed_b"": 108.0, ""throttle_a"": 66.24693810716549, ""throttle_b"": 76.77354812432068, ""brake_a"": 0.0, ""brake_b"": 0.0, ""delta_speed"": -14.014930569535778, ""faster_driver_segment"": ""LEC""}"
telemetry_compare,"{""driver_a"": ""RUS"", ""driver_b"": ""LEC"", ""lap_a"": 1, ""lap_b"": 1, ""distance_m"": 50.0, ""speed_a"": 99.12230181505842, ""speed_b"": 108.0, ""throttle_a"": 68.68705030250973, ""throttle_b"": 77.60674334925406, ""brake_a"": 0.0, ""brake_b"": 0.0, ""delta_speed"": -8.877698184941579, ""faster_driver_segment"": ""LEC""}"
telemetry_compare,"{""driver_a"": ""RUS"", ""driver_b"": ""LEC"", ""lap_a"": 1, ""lap_b"": 1, ""distance_m"": 55.0, ""speed_a"": 104.17935275563634, ""speed_b"": 108.0, ""throttle_a"": 69.52989212593938, ""throttle_b"": 86.02966533167502, ""brake_a"": 0.0, ""brake_b"": 0.0, ""delta_speed"": -3.8206472443636557, ""faster_driver_segment"": ""LEC""}"
telemetry_compare,"{""driver_a"": ""RUS"", ""driver_b"": ""LEC"", ""lap_a"": 1, ""lap_b"": 1, ""distance_m"": 60.0, ""speed_a"": 110.24995653755818, ""speed_b"": 108.0, ""throttle_a"": 74.87493480633727, ""throttle_b"": 100.0, ""brake_a"": 0.0, ""brake_b"": 0.0, ""delta_speed"": 2.2499565375581767, ""faster_driver_segment"": ""RUS""}"
telemetry_compare,"{""driver_a"": ""RUS"", ""driver_b"": ""LEC"", ""lap_a"": 1, ""lap_b"": 1, ""distance_m"": 65.0, ""speed_a"": 117.7467808663674, ""speed_b"": 108.0, ""throttle_a"": 86.1201712995511, ""throttle_b"": 100.0, ""brake_a"": 0.0, ""brake_b"": 0.0, ""delta_speed"": 9.746780866367402, ""faster_driver_segment"": ""RUS""}"
telemetry_compare,"{""driver_a"": ""RUS"", ""driver_b"": ""LEC"", ""lap_a"": 1, ""lap_b"": 1, ""distance_m"": 70.0, ""speed_a"": 124.68944606594059, ""speed_b"": 108.0, ""throttle_a"": 91.7929640439604, ""throttle_b"": 100.0, ""brake_a"": 0.0, ""brake_b"": 0.0, ""delta_speed"": 16.689446065940587, ""faster_driver_segment"": ""RUS""}"
telemetry_compare,"{""driver_a"": ""RUS"", ""driver_b"": ""LEC"", ""lap_a"": 1, ""lap_b"": 1, ""distance_m"": 75.0, ""speed_a"": 131.30660841416702, ""speed_b"": 128.2513670554448, ""throttle_a"": 96.20440560944469, ""throttle_b"": 100.0, ""brake_a"": 0.0, ""brake_b"": 0.0, ""delta_speed"": 3.0552413587222134, ""faster_driver_segment"": ""RUS""}"
telemetry_compare,"{""driver_a"": ""RUS"", ""driver_b"": ""LEC"", ""lap_a"": 1, ""lap_b"": 1, ""distance_m"": 80.0, ""speed_a"": 137.59883739015925, ""speed_b"": 147.68927154949128, ""throttle_a"": 100.0, ""throttle_b"": 100.0, ""brake_a"": 0.0, ""brake_b"": 0.0, ""delta_speed"": -10.090434159332034, ""faster_driver_segment"": ""LEC""}"
telemetry_compare,"{""driver_a"": ""RUS"", ""driver_b"": ""LEC"", ""lap_a"": 1, ""lap_b"": 1, ""distance_m"": 85.0, ""speed_a"": 144.01460309219064, ""speed_b"": 160.02888232629604, ""throttle_a"": 100.0, ""throttle_b"": 100.0, ""brake_a"": 0.0, ""brake_b"": 0.0, ""delta_speed"": -16.014279234105402, ""faster_driver_segment"": ""LEC""}"
telemetry_compare,"{""driver_a"": ""RUS"", ""driver_b"": ""LEC"", ""lap_a"": 1, ""lap_b"": 1, ""distance_m"": 90.0, ""speed_a"": 150.29435075878018, ""speed_b"": 164.3025668847509, ""throttle_a"": 100.0, ""throttle_b"": 100.0, ""brake_a"": 0.0, ""brake_b"": 0.0, ""delta_speed"": -14.008216125970705, ""faster_driver_segment"": ""LEC""}"
telemetry_compare,"{""driver_a"": ""RUS"", ""driver_b"": ""LEC"", ""lap_a"": 1, ""lap_b"": 1, ""distance_m"": 95.0, ""speed_a"": 153.3271917229871, ""speed_b"": 168.56724058202286, ""throttle_a"": 100.0, ""throttle_b"": 100.0, ""brake_a"": 0.0, ""brake_b"": 0.0, ""delta_speed"": -15.240048859035767, ""faster_driver_segment"": ""LEC""}"
telemetry_compare,"{""driver_a"": ""RUS"", ""driver_b"": ""LEC"", ""lap_a"": 1, ""lap_b"": 1, ""distance_m"": 100.0, ""speed_a"": 155.10775540599047, ""speed_b"": 171.0, ""throttle_a"": 100.0, ""throttle_b"": 100.0, ""brake_a"": 0.0, ""brake_b"": 0.0, ""delta_speed"": -15.892244594009526, ""faster_driver_segment"": ""LEC""}"
telemetry_compare,"{""driver_a"": ""RUS"", ""driver_b"": ""LEC"", ""lap_a"": 1, ""lap_b"": 1, ""distance_m"": 105.0, ""speed_a"": 156.88831908899385, ""speed_b"": 171.0, ""throttle_a"": 100.0, ""throttle_b"": 100.0, ""brake_a"": 0.0, ""brake_b"": 0.0, ""delta_speed"": -14.111680911006147, ""faster_driver_segment"": ""LEC""}"
telemetry_compare,"{""driver_a"": ""RUS"", ""driver_b"": ""LEC"", ""lap_a"": 1, ""lap_b"": 1, ""distance_m"": 110.0, ""speed_a"": 164.89682205067524, ""speed_b"": 171.0, ""throttle_a"": 100.0, ""throttle_b"": 100.0, ""brake_a"": 0.0, ""brake_b"": 0.0, ""delta_speed"": -6.10317794932476, ""faster_driver_segment"": ""LEC""}"
telemetry_compare,"{""driver_a"": ""RUS"", ""driver_b"": ""LEC"", ""lap_a"": 1, ""lap_b"": 1, ""distance_m"": 115.0, ""speed_a"": 173.1042171180434, ""speed_b"": 171.0, ""throttle_a"": 100.0, ""throttle_b"": 100.0, ""brake_a"": 0.0, ""brake_b"": 0.0, ""delta_speed"": 2.104217118043408, ""faster_driver_segment"": ""RUS""}"
telemetry_compare,"{""driver_a"": ""RUS"", ""driver_b"": ""LEC"", ""lap_a"": 1, ""lap_b"": 1, ""distance_m"": 120.0, ""speed_a"": 180.7802417269742, ""speed_b"": 171.0, ""throttle_a"": 100.0, ""throttle_b"": 100.0, ""brake_a"": 0.0, ""brake_b"": 0.0, ""delta_speed"": 9.780241726974197, ""faster_driver_segment"": ""RUS""}"
telemetry_compare,"{""driver_a"": ""RUS"", ""driver_b"": ""LEC"", ""lap_a"": 1, ""lap_b"": 1, ""distance_m"": 125.0, ""speed_a"": 186.46294943283124, ""speed_b"": 128.62094303662147, ""throttle_a"": 100.0, ""throttle_b"": 79.19573567252326, ""brake_a"": 0.0, ""brake_b"": 0.0, ""delta_speed"": 57.84200639620977, ""faster_driver_segment"": ""RUS""}"
telemetry_compare,"{""driver_a"": ""RUS"", ""driver_b"": ""LEC"", ""lap_a"": 1, ""lap_b"": 1, ""distance_m"": 130.0, ""speed_a"": 192.01053962408793, ""speed_b"": 61.0, ""throttle_a"": 100.0, ""throttle_b"": 46.0, ""brake_a"": 0.0, ""brake_b"": 0.0, ""delta_speed"": 131.01053962408793, ""faster_driver_segment"": ""RUS""}"
telemetry_compare,"{""driver_a"": ""RUS"", ""driver_b"": ""LEC"", ""lap_a"": 1, ""lap_b"": 1, ""distance_m"": 135.0, ""speed_a"": 194.6825569984912, ""speed_b"": 61.86019750453158, ""throttle_a"": 100.0, ""throttle_b"": 46.26095879350958, ""brake_a"": 0.0, ""brake_b"": 0.0, ""delta_speed"": 132.82235949395962, ""faster_driver_segment"": ""RUS""}"
telemetry_compare,"{""driver_a"": ""RUS"", ""driver_b"": ""LEC"", ""lap_a"": 1, ""lap_b"": 1, ""distance_m"": 140.0, ""speed_a"": 197.2934738294926, ""speed_b"": 99.44164187727048, ""throttle_a"": 100.0, ""throttle_b"": 57.662071131306774, ""brake_a"": 0.0, ""brake_b"": 0.0, ""delta_speed"": 97.85183195222211, ""faster_driver_segment"": ""RUS""}"
telemetry_compare,"{""driver_a"": ""RUS"", ""driver_b"": ""LEC"", ""lap_a"": 1, ""lap_b"": 1, ""distance_m"": 145.0, ""speed_a"": 199.86359908722096, ""speed_b"": 137.02308625000938, ""throttle_a"": 100.0, ""throttle_b"": 69.06318346910398, ""brake_a"": 0.0, ""brake_b"": 0.0, ""delta_speed"": 62.84051283721158, ""faster_driver_segment"": ""RUS""}"
telemetry_compare,"{""driver_a"": ""RUS"", ""driver_b"": ""LEC"", ""lap_a"": 1, ""lap_b"": 1, ""distance_m"": 150.0, ""speed_a"": 202.43372434494933, ""speed_b"": 174.60453062274829, ""throttle_a"": 100.0, ""throttle_b"": 80.46429580690116, ""brake_a"": 0.0, ""brake_b"": 0.0, ""delta_speed"": 27.82919372220104, ""faster_driver_segment"": ""RUS""}"
telemetry_compare,"{""driver_a"": ""RUS"", ""driver_b"": ""LEC"", ""lap_a"": 1, ""lap_b"": 1, ""distance_m"": 155.0, ""speed_a"": 204.9819920678819, ""speed_b"": 212.1859749954872, ""throttle_a"": 100.0, ""throttle_b"": 91.86540814469836, ""brake_a"": 0.0, ""brake_b"": 0.0, ""delta_speed"": -7.203982927605296, ""faster_driver_segment"": ""LEC""}"
telemetry_compare,"{""driver_a"": ""RUS"", ""driver_b"": ""LEC"", ""lap_a"": 1, ""lap_b"": 1, ""distance_m"": 160.0, ""speed_a"": 207.72199512717577, ""speed_b"": 239.0, ""throttle_a"": 100.0, ""throttle_b"": 100.0, ""brake_a"": 0.0, ""brake_b"": 0.0, ""delta_speed"": -31.278004872824226, ""faster_driver_segment"": ""LEC""}"
telemetry_compare,"{""driver_a"": ""RUS"", ""driver_b"": ""LEC"", ""lap_a"": 1, ""lap_b"": 1, ""distance_m"": 165.0, ""speed_a"": 210.39512509216658, ""speed_b"": 239.0, ""throttle_a"": 100.0, ""throttle_b"": 100.0, ""brake_a"": 0.0, ""brake_b"": 0.0, ""delta_speed"": -28.60487490783342, ""faster_driver_segment"": ""LEC""}"
telemetry_compare,"{""driver_a"": ""RUS"", ""driver_b"": ""LEC"", ""lap_a"": 1, ""lap_b"": 1, ""distance_m"": 170.0, ""speed_a"": 213.06551291476228, ""speed_b"": 239.25434667609946, ""throttle_a"": 100.0, ""throttle_b"": 100.0, ""brake_a"": 0.0, ""brake_b"": 0.0, ""delta_speed"": -26.18883376133718, ""faster_driver_segment"": ""LEC""}"
telemetry_compare,"{""driver_a"": ""RUS"", ""driver_b"": ""LEC"", ""lap_a"": 1, ""lap_b"": 1, ""distance_m"": 175.0, ""speed_a"": 215.735900737358, ""speed_b"": 241.4017388758134, ""throttle_a"": 100.0, ""throttle_b"": 100.0, ""brake_a"": 0.0, ""brake_b"": 0.0, ""delta_speed"": -25.6658381384554, ""faster_driver_segment"": ""LEC""}"
telemetry_compare,"{""driver_a"": ""RUS"", ""driver_b"": ""LEC"", ""lap_a"": 1, ""lap_b"": 1, ""distance_m"": 180.0, ""speed_a"": 218.32556862487314, ""speed_b"": 243.54913107552733, ""throttle_a"": 100.0, ""throttle_b"": 100.0, ""brake_a"": 0.0, ""brake_b"": 0.0, ""delta_speed"": -25.223562450654185, ""faster_driver_segment"": ""LEC""}"
telemetry_compare,"{""driver_a"": ""RUS"", ""driver_b"": ""LEC"", ""lap_a"": 1, ""lap_b"": 1, ""distance_m"": 185.0, ""speed_a"": 220.51959155550458, ""speed_b"": 245.68528296422377, ""throttle_a"": 100.0, ""throttle_b"": 100.0, ""brake_a"": 0.0, ""brake_b"": 0.0, ""delta_speed"": -25.165691408719198, ""faster_driver_segment"": ""LEC""}"
telemetry_compare,"{""driver_a"": ""RUS"", ""driver_b"": ""LEC"", ""lap_a"": 1, ""lap_b"": 1, ""distance_m"": 190.0, ""speed_a"": 222.71361448613598, ""speed_b"": 246.0, ""throttle_a"": 100.0, ""throttle_b"": 81.78549425417754, ""brake_a"": 0.0, ""brake_b"": 0.0, ""delta_speed"": -23.28638551386402, ""faster_driver_segment"": ""LEC""}"
telemetry_compare,"{""driver_a"": ""RUS"", ""driver_b"": ""LEC"", ""lap_a"": 1, ""lap_b"": 1, ""distance_m"": 195.0, ""speed_a"": 224.9076374167674, ""speed_b"": 246.0, ""throttle_a"": 100.0, ""throttle_b"": 60.23859211804796, ""brake_a"": 0.0, ""brake_b"": 0.6624390286396186, ""delta_speed"": -21.092362583232614, ""faster_driver_segment"": ""LEC""}"
telemetry_compare,"{""driver_a"": ""RUS"", ""driver_b"": ""LEC"", ""lap_a"": 1, ""lap_b"": 1, ""distance_m"": 200.0, ""speed_a"": 227.09976327744022, ""speed_b"": 244.4138019684308, ""throttle_a"": 100.0, ""throttle_b"": 47.39543362178879, ""brake_a"": 0.0, ""brake_b"": 1.0, ""delta_speed"": -17.31403869099057, ""faster_driver_segment"": ""LEC""}"
telemetry_compare,"{""driver_a"": ""RUS"", ""driver_b"": ""LEC"", ""lap_a"": 1, ""lap_b"": 1, ""distance_m"": 205.0, ""speed_a"": 228.0, ""speed_b"": 242.03013486472022, ""throttle_a"": 100.0, ""throttle_b"": 38.97314318867808, ""brake_a"": 0.0, ""brake_b"": 1.0, ""delta_speed"": -14.030134864720225, ""faster_driver_segment"": ""LEC""}"
telemetry_compare,"{""driver_a"": ""RUS"", ""driver_b"": ""LEC"", ""lap_a"": 1, ""lap_b"": 1, ""distance_m"": 210.0, ""speed_a"": 228.0, ""speed_b"": 239.62792705988355, ""throttle_a"": 100.0, ""throttle_b"": 30.48534227825519, ""brake_a"": 0.0, ""brake_b"": 1.0, ""delta_speed"": -11.627927059883547, ""faster_driver_segment"": ""LEC""}"
telemetry_compare,"{""driver_a"": ""RUS"", ""driver_b"": ""LEC"", ""lap_a"": 1, ""lap_b"": 1, ""distance_m"": 215.0, ""speed_a"": 228.0, ""speed_b"": 237.1575660124424, ""throttle_a"": 100.0, ""throttle_b"": 21.75673324396314, ""brake_a"": 0.0, ""brake_b"": 1.0, ""delta_speed"": -9.157566012442402, ""faster_driver_segment"": ""LEC""}"
telemetry_compare,"{""driver_a"": ""RUS"", ""driver_b"": ""LEC"", ""lap_a"": 1, ""lap_b"": 1, ""distance_m"": 220.0, ""speed_a"": 228.0, ""speed_b"": 234.68720496500126, ""throttle_a"": 100.0, ""throttle_b"": 13.028124209671093, ""brake_a"": 0.0, ""brake_b"": 1.0, ""delta_speed"": -6.687204965001257, ""faster_driver_segment"": ""LEC""}"
telemetry_compare,"{""driver_a"": ""RUS"", ""driver_b"": ""LEC"", ""lap_a"": 1, ""lap_b"": 1, ""distance_m"": 225.0, ""speed_a"": 228.0, ""speed_b"": 232.2168439175601, ""throttle_a"": 100.0, ""throttle_b"": 4.299515175379044, ""brake_a"": 0.0, ""brake_b"": 1.0, ""delta_speed"": -4.216843917560112, ""faster_driver_segment"": ""LEC""}"
telemetry_compare,"{""driver_a"": ""RUS"", ""driver_b"": ""LEC"", ""lap_a"": 1, ""lap_b"": 1, ""distance_m"": 230.0, ""speed_a"": 228.0, ""speed_b"": 230.55060472002813, ""throttle_a"": 100.0, ""throttle_b"": 0.0, ""brake_a"": 0.0, ""brake_b"": 1.0, ""delta_speed"": -2.550604720028133, ""faster_driver_segment"": ""LEC""}"
telemetry_compare,"{""driver_a"": ""RUS"", ""driver_b"": ""LEC"", ""lap_a"": 1, ""lap_b"": 1, ""distance_m"": 235.0, ""speed_a"": 228.0, ""speed_b"": 229.66149557082022, ""throttle_a"": 100.0, ""throttle_b"": 0.0, ""brake_a"": 0.0, ""brake_b"": 1.0, ""delta_speed"": -1.6614955708202217, ""faster_driver_segment"": ""LEC""}"
telemetry_compare,"{""driver_a"": ""RUS"", ""driver_b"": ""LEC"", ""lap_a"": 1, ""lap_b"": 1, ""distance_m"": 240.0, ""speed_a"": 228.0, ""speed_b"": 228.77238642161234, ""throttle_a"": 100.33237712624316, ""throttle_b"": 0.0, ""brake_a"": 0.0, ""brake_b"": 1.0, ""delta_speed"": -0.7723864216123388, ""faster_driver_segment"": ""LEC""}"
telemetry_compare,"{""driver_a"": ""RUS"", ""driver_b"": ""LEC"", ""lap_a"": 1, ""lap_b"": 1, ""distance_m"": 245.0, ""speed_a"": 228.0, ""speed_b"": 227.87351664014705, ""throttle_a"": 100.98702077132212, ""throttle_b"": 0.0, ""brake_a"": 0.0, ""brake_b"": 1.0, ""delta_speed"": 0.1264833598529549, ""faster_driver_segment"": ""RUS""}"
telemetry_compare,"{""driver_a"": ""RUS"", ""driver_b"": ""LEC"", ""lap_a"": 1, ""lap_b"": 1, ""distance_m"": 250.0, ""speed_a"": 228.0, ""speed_b"": 226.95640465437793, ""throttle_a"": 101.64217187399922, ""throttle_b"": 0.0, ""brake_a"": 0.0, ""brake_b"": 1.0, ""delta_speed"": 1.043595345622066, ""faster_driver_segment"": ""RUS""}"
telemetry_compare,"{""driver_a"": ""RUS"", ""driver_b"": ""LEC"", ""lap_a"": 1, ""lap_b"": 1, ""distance_m"": 255.0, ""speed_a"": 228.0, ""speed_b"": 226.01808164352124, ""throttle_a"": 102.30080209894376, ""throttle_b"": 0.0, ""brake_a"": 0.0, ""brake_b"": 1.0, ""delta_speed"": 1.981918356478758, ""faster_driver_segment"": ""RUS""}"
telemetry_compare,"{""driver_a"": ""RUS"", ""driver_b"": ""LEC"", ""lap_a"": 1, ""lap_b"": 1, ""distance_m"": 260.0, ""speed_a"": 228.0, ""speed_b"": 215.99669950738914, ""throttle_a"": 102.95943232388831, ""throttle_b"": 0.0, ""brake_a"": 0.0, ""brake_b"": 1.0, ""delta_speed"": 12.003300492610862, ""faster_driver_segment"": ""RUS""}"
telemetry_compare,"{""driver_a"": ""RUS"", ""driver_b"": ""LEC"", ""lap_a"": 1, ""lap_b"": 1, ""distance_m"": 265.0, ""speed_a"": 228.0, ""speed_b"": 205.79965517241382, ""throttle_a"": 103.61806254883287, ""throttle_b"": 0.0, ""brake_a"": 0.0, ""brake_b"": 1.0, ""delta_speed"": 22.20034482758618, ""faster_driver_segment"": ""RUS""}"
telemetry_compare,"{""driver_a"": ""RUS"", ""driver_b"": ""LEC"", ""lap_a"": 1, ""lap_b"": 1, ""distance_m"": 270.0, ""speed_a"": 226.80333137471618, ""speed_b"": 197.55499975680837, ""throttle_a"": 95.70309753136551, ""throttle_b"": 0.0, ""brake_a"": 1.0, ""brake_b"": 1.0, ""delta_speed"": 29.24833161790781, ""faster_driver_segment"": ""RUS""}"
telemetry_compare,"{""driver_a"": ""RUS"", ""driver_b"": ""LEC"", ""lap_a"": 1, ""lap_b"": 1, ""distance_m"": 275.0, ""speed_a"": 224.0055608519069, ""speed_b"": 189.95871686312478, ""throttle_a"": 76.30522190655445, ""throttle_b"": 0.0, ""brake_a"": 1.0, ""brake_b"": 1.0, ""delta_speed"": 34.046843988782115, ""faster_driver_segment"": ""RUS""}"
telemetry_compare,"{""driver_a"": ""RUS"", ""driver_b"": ""LEC"", ""lap_a"": 1, ""lap_b"": 1, ""distance_m"": 280.0, ""speed_a"": 221.2077903290976, ""speed_b"": 181.69725323467046, ""throttle_a"": 56.907346281743386, ""throttle_b"": 0.0, ""brake_a"": 1.0, ""brake_b"": 1.0, ""delta_speed"": 39.51053709442715, ""faster_driver_segment"": ""RUS""}"
telemetry_compare,"{""driver_a"": ""RUS"", ""driver_b"": ""LEC"", ""lap_a"": 1, ""lap_b"": 1, ""distance_m"": 285.0, ""speed_a"": 218.34274193633863, ""speed_b"": 173.4786547782906, ""throttle_a"": 37.043010758614415, ""throttle_b"": 0.0, ""brake_a"": 1.0, ""brake_b"": 1.0, ""delta_speed"": 44.86408715804802, ""faster_driver_segment"": ""RUS""}"
telemetry_compare,"{""driver_a"": ""RUS"", ""driver_b"": ""LEC"", ""lap_a"": 1, ""lap_b"": 1, ""distance_m"": 290.0, ""speed_a"": 215.38402839512017, ""speed_b"": 170.0, ""throttle_a"": 16.529263539499745, ""throttle_b"": 0.0, ""brake_a"": 1.0, ""brake_b"": 1.0, ""delta_speed"": 45.38402839512017, ""faster_driver_segment"": ""RUS""}"
telemetry_compare,"{""driver_a"": ""RUS"", ""driver_b"": ""LEC"", ""lap_a"": 1, ""lap_b"": 1, ""distance_m"": 295.0, ""speed_a"": 210.47365079365073, ""speed_b"": 170.0, ""throttle_a"": 0.0, ""throttle_b"": 0.0, ""brake_a"": 1.0, ""brake_b"": 1.0, ""delta_speed"": 40.473650793650734, ""faster_driver_segment"": ""RUS""}"
telemetry_compare,"{""driver_a"": ""RUS"", ""driver_b"": ""LEC"", ""lap_a"": 1, ""lap_b"": 1, ""distance_m"": 300.0, ""speed_a"": 199.04507936507935, ""speed_b"": 170.0, ""throttle_a"": 0.0, ""throttle_b"": 0.0, ""brake_a"": 1.0, ""brake_b"": 1.0, ""delta_speed"": 29.045079365079346, ""faster_driver_segment"": ""RUS""}"
telemetry_compare,"{""driver_a"": ""RUS"", ""driver_b"": ""LEC"", ""lap_a"": 1, ""lap_b"": 1, ""distance_m"": 305.0, ""speed_a"": 189.0, ""speed_b"": 170.0, ""throttle_a"": 0.0, ""throttle_b"": 0.0, ""brake_a"": 1.0, ""brake_b"": 1.0, ""delta_speed"": 19.0, ""faster_driver_segment"": ""RUS""}"
telemetry_compare,"{""driver_a"": ""RUS"", ""driver_b"": ""LEC"", ""lap_a"": 1, ""lap_b"": 1, ""distance_m"": 310.0, ""speed_a"": 189.0, ""speed_b"": 170.0, ""throttle_a"": 0.0, ""throttle_b"": 11.866692371887622, ""brake_a"": 1.0, ""brake_b"": 1.0, ""delta_speed"": 19.0, ""faster_driver_segment"": ""RUS""}"
telemetry_compare,"{""driver_a"": ""RUS"", ""driver_b"": ""LEC"", ""lap_a"": 1, ""lap_b"": 1, ""distance_m"": 315.0, ""speed_a"": 189.0, ""speed_b"": 170.0, ""throttle_a"": 0.0, ""throttle_b"": 26.87243429396211, ""brake_a"": 1.0, ""brake_b"": 1.0, ""delta_speed"": 19.0, ""faster_driver_segment"": ""RUS""}"
telemetry_compare,"{""driver_a"": ""RUS"", ""driver_b"": ""LEC"", ""lap_a"": 1, ""lap_b"": 1, ""distance_m"": 320.0, ""speed_a"": 189.0, ""speed_b"": 170.0, ""throttle_a"": 0.0, ""throttle_b"": 41.8781762160366, ""brake_a"": 1.0, ""brake_b"": 1.0, ""delta_speed"": 19.0, ""faster_driver_segment"": ""RUS""}"
telemetry_compare,"{""driver_a"": ""RUS"", ""driver_b"": ""LEC"", ""lap_a"": 1, ""lap_b"": 1, ""distance_m"": 325.0, ""speed_a"": 189.0, ""speed_b"": 161.62648839020557, ""throttle_a"": 0.0, ""throttle_b"": 40.6941395571761, ""brake_a"": 1.0, ""brake_b"": 1.0, ""delta_speed"": 27.373511609794434, ""faster_driver_segment"": ""RUS""}"
telemetry_compare,"{""driver_a"": ""RUS"", ""driver_b"": ""LEC"", ""lap_a"": 1, ""lap_b"": 1, ""distance_m"": 330.0, ""speed_a"": 189.0, ""speed_b"": 139.32433748063514, ""throttle_a"": 0.0, ""throttle_b"": 13.245338437704795, ""brake_a"": 1.0, ""brake_b"": 1.0, ""delta_speed"": 49.67566251936486, ""faster_driver_segment"": ""RUS""}"
telemetry_compare,"{""driver_a"": ""RUS"", ""driver_b"": ""LEC"", ""lap_a"": 1, ""lap_b"": 1, ""distance_m"": 335.0, ""speed_a"": 189.0, ""speed_b"": 131.0, ""throttle_a"": 0.0, ""throttle_b"": 4.644131679389304, ""brake_a"": 1.0, ""brake_b"": 1.0, ""delta_speed"": 58.0, ""faster_driver_segment"": ""RUS""}"
telemetry_compare,"{""driver_a"": ""RUS"", ""driver_b"": ""LEC"", ""lap_a"": 1, ""lap_b"": 1, ""distance_m"": 340.0, ""speed_a"": 189.0, ""speed_b"": 128.23408928718445, ""throttle_a"": 0.0, ""throttle_b"": 4.617044643592232, ""brake_a"": 1.0, ""brake_b"": 0.6779910651349211, ""delta_speed"": 60.765910712815554, ""faster_driver_segment"": ""RUS""}"
telemetry_compare,"{""driver_a"": ""RUS"", ""driver_b"": ""LEC"", ""lap_a"": 1, ""lap_b"": 1, ""distance_m"": 345.0, ""speed_a"": 189.0, ""speed_b"": 123.0, ""throttle_a"": 0.0, ""throttle_b"": 3.4927618484704146, ""brake_a"": 1.0, ""brake_b"": 0.0, ""delta_speed"": 66.0, ""faster_driver_segment"": ""RUS""}"
telemetry_compare,"{""driver_a"": ""RUS"", ""driver_b"": ""LEC"", ""lap_a"": 1, ""lap_b"": 1, ""distance_m"": 350.0, ""speed_a"": 182.90290270910418, ""speed_b"": 123.0, ""throttle_a"": 0.0, ""throttle_b"": 17.39445698454517, ""brake_a"": 1.0, ""brake_b"": 0.0, ""delta_speed"": 59.90290270910418, ""faster_driver_segment"": ""RUS""}"
telemetry_compare,"{""driver_a"": ""RUS"", ""driver_b"": ""LEC"", ""lap_a"": 1, ""lap_b"": 1, ""distance_m"": 355.0, ""speed_a"": 161.74814307640887, ""speed_b"": 123.0, ""throttle_a"": 0.0, ""throttle_b"": 28.572189659270563, ""brake_a"": 1.0, ""brake_b"": 0.0, ""delta_speed"": 38.748143076408866, ""faster_driver_segment"": ""RUS""}"
telemetry_compare,"{""driver_a"": ""RUS"", ""driver_b"": ""LEC"", ""lap_a"": 1, ""lap_b"": 1, ""distance_m"": 360.0, ""speed_a"": 140.59338344371358, ""speed_b"": 122.30506198347109, ""throttle_a"": 0.0, ""throttle_b"": 36.73734504132228, ""brake_a"": 1.0, ""brake_b"": 0.0, ""delta_speed"": 18.288321460242486, ""faster_driver_segment"": ""RUS""}"
telemetry_compare,"{""driver_a"": ""RUS"", ""driver_b"": ""LEC"", ""lap_a"": 1, ""lap_b"": 1, ""distance_m"": 365.0, ""speed_a"": 133.0, ""speed_b"": 121.54625443115813, ""throttle_a"": 0.0, ""throttle_b"": 41.09250886231625, ""brake_a"": 1.0, ""brake_b"": 0.0, ""delta_speed"": 11.453745568841867, ""faster_driver_segment"": ""RUS""}"
telemetry_compare,"{""driver_a"": ""RUS"", ""driver_b"": ""LEC"", ""lap_a"": 1, ""lap_b"": 1, ""distance_m"": 370.0, ""speed_a"": 133.0, ""speed_b"": 123.3174260330337, ""throttle_a"": 0.0, ""throttle_b"": 44.42323471071159, ""brake_a"": 1.0, ""brake_b"": 0.0, ""delta_speed"": 9.682573966966302, ""faster_driver_segment"": ""RUS""}"
telemetry_compare,"{""driver_a"": ""RUS"", ""driver_b"": ""LEC"", ""lap_a"": 1, ""lap_b"": 1, ""distance_m"": 375.0, ""speed_a"": 119.7641025641025, ""speed_b"": 124.85964065348684, ""throttle_a"": 0.0, ""throttle_b"": 46.47952087131578, ""brake_a"": 1.0, ""brake_b"": 0.0, ""delta_speed"": -5.095538089384334, ""faster_driver_segment"": ""LEC""}"
telemetry_compare,"{""driver_a"": ""RUS"", ""driver_b"": ""LEC"", ""lap_a"": 1, ""lap_b"": 1, ""distance_m"": 380.0, ""speed_a"": 116.3634657804993, ""speed_b"": 126.96805179917966, ""throttle_a"": 0.0, ""throttle_b"": 51.31903474004454, ""brake_a"": 1.0, ""brake_b"": 0.0, ""delta_speed"": -10.604586018680365, ""faster_driver_segment"": ""LEC""}"
telemetry_compare,"{""driver_a"": ""RUS"", ""driver_b"": ""LEC"", ""lap_a"": 1, ""lap_b"": 1, ""distance_m"": 385.0, ""speed_a"": 115.16186018662664, ""speed_b"": 130.91926675785103, ""throttle_a"": 0.0, ""throttle_b"": 64.86605745548923, ""brake_a"": 1.0, ""brake_b"": 0.0, ""delta_speed"": -15.757406571224394, ""faster_driver_segment"": ""LEC""}"
telemetry_compare,"{""driver_a"": ""RUS"", ""driver_b"": ""LEC"", ""lap_a"": 1, ""lap_b"": 1, ""distance_m"": 390.0, ""speed_a"": 113.57463189717687, ""speed_b"": 133.0, ""throttle_a"": 3.8283129254082113, ""throttle_b"": 72.0, ""brake_a"": 0.0, ""brake_b"": 0.0, ""delta_speed"": -19.42536810282313, ""faster_driver_segment"": ""LEC""}"
telemetry_compare,"{""driver_a"": ""RUS"", ""driver_b"": ""LEC"", ""lap_a"": 1, ""lap_b"": 1, ""distance_m"": 395.0, ""speed_a"": 112.0, ""speed_b"": 133.0, ""throttle_a"": 17.959151785714276, ""throttle_b"": 72.0, ""brake_a"": 0.0, ""brake_b"": 0.0, ""delta_speed"": -21.0, ""faster_driver_segment"": ""LEC""}"
telemetry_compare,"{""driver_a"": ""RUS"", ""driver_b"": ""LEC"", ""lap_a"": 1, ""lap_b"": 1, ""distance_m"": 400.0, ""speed_a"": 112.0246875118645, ""speed_b"": 139.88458906873313, ""throttle_a"": 16.0, ""throttle_b"": 84.51743467042388, ""brake_a"": 0.0, ""brake_b"": 0.0, ""delta_speed"": -27.859901556868635, ""faster_driver_segment"": ""LEC""}"
telemetry_compare,"{""driver_a"": ""RUS"", ""driver_b"": ""LEC"", ""lap_a"": 1, ""lap_b"": 1, ""distance_m"": 405.0, ""speed_a"": 113.01149243196639, ""speed_b"": 145.02070358611974, ""throttle_a"": 16.10343188769752, ""throttle_b"": 93.19082085047303, ""brake_a"": 0.0, ""brake_b"": 0.0, ""delta_speed"": -32.00921115415335, ""faster_driver_segment"": ""LEC""}"
telemetry_compare,"{""driver_a"": ""RUS"", ""driver_b"": ""LEC"", ""lap_a"": 1, ""lap_b"": 1, ""distance_m"": 410.0, ""speed_a"": 113.57644589635885, ""speed_b"": 147.59000298473183, ""throttle_a"": 21.188013067229654, ""throttle_b"": 96.18833681552046, ""brake_a"": 0.0, ""brake_b"": 0.0, ""delta_speed"": -34.01355708837298, ""faster_driver_segment"": ""LEC""}"
telemetry_compare,"{""driver_a"": ""RUS"", ""driver_b"": ""LEC"", ""lap_a"": 1, ""lap_b"": 1, ""distance_m"": 415.0, ""speed_a"": 114.16139940725499, ""speed_b"": 150.0, ""throttle_a"": 25.16139940725499, ""throttle_b"": 99.0, ""brake_a"": 0.0, ""brake_b"": 0.0, ""delta_speed"": -35.83860059274501, ""faster_driver_segment"": ""LEC""}"
telemetry_compare,"{""driver_a"": ""RUS"", ""driver_b"": ""LEC"", ""lap_a"": 1, ""lap_b"": 1, ""distance_m"": 420.0, ""speed_a"": 114.81383053901305, ""speed_b"": 150.0, ""throttle_a"": 25.813830539013047, ""throttle_b"": 99.0, ""brake_a"": 0.0, ""brake_b"": 0.0, ""delta_speed"": -35.186169460986946, ""faster_driver_segment"": ""LEC""}"
telemetry_compare,"{""driver_a"": ""RUS"", ""driver_b"": ""LEC"", ""lap_a"": 1, ""lap_b"": 1, ""distance_m"": 425.0, ""speed_a"": 115.55370689655173, ""speed_b"": 154.88757234825113, ""throttle_a"": 37.07413793103462, ""throttle_b"": 99.0, ""brake_a"": 0.0, ""brake_b"": 0.0, ""delta_speed"": -39.333865451699396, ""faster_driver_segment"": ""LEC""}"
telemetry_compare,"{""driver_a"": ""RUS"", ""driver_b"": ""LEC"", ""lap_a"": 1, ""lap_b"": 1, ""distance_m"": 430.0, ""speed_a"": 116.6594420972882, ""speed_b"": 161.1568947758928, ""throttle_a"": 51.6052578269498, ""throttle_b"": 99.0, ""brake_a"": 0.0, ""brake_b"": 0.0, ""delta_speed"": -44.49745267860459, ""faster_driver_segment"": ""LEC""}"
telemetry_compare,"{""driver_a"": ""RUS"", ""driver_b"": ""LEC"", ""lap_a"": 1, ""lap_b"": 1, ""distance_m"": 435.0, ""speed_a"": 118.86174123450968, ""speed_b"": 167.2702161962373, ""throttle_a"": 62.65530350619613, ""throttle_b"": 99.0, ""brake_a"": 0.0, ""brake_b"": 0.0, ""delta_speed"": -48.40847496172762, ""faster_driver_segment"": ""LEC""}"
telemetry_compare,"{""driver_a"": ""RUS"", ""driver_b"": ""LEC"", ""lap_a"": 1, ""lap_b"": 1, ""distance_m"": 440.0, ""speed_a"": 126.16821568201104, ""speed_b"": 173.35280948167912, ""throttle_a"": 59.73271372719558, ""throttle_b"": 99.0, ""brake_a"": 0.0, ""brake_b"": 0.0, ""delta_speed"": -47.18459379966808, ""faster_driver_segment"": ""LEC""}"
telemetry_compare,"{""driver_a"": ""RUS"", ""driver_b"": ""LEC"", ""lap_a"": 1, ""lap_b"": 1, ""distance_m"": 445.0, ""speed_a"": 133.07465669818845, ""speed_b"": 177.0, ""throttle_a"": 57.0, ""throttle_b"": 99.25448446327682, ""brake_a"": 0.0, ""brake_b"": 0.0, ""delta_speed"": -43.92534330181155, ""faster_driver_segment"": ""LEC""}"
telemetry_compare,"{""driver_a"": ""RUS"", ""driver_b"": ""LEC"", ""lap_a"": 1, ""lap_b"": 1, ""distance_m"": 450.0, ""speed_a"": 134.7413353043035, ""speed_b"": 177.0, ""throttle_a"": 57.0, ""throttle_b"": 99.8900776836158, ""brake_a"": 0.0, ""brake_b"": 0.0, ""delta_speed"": -42.258664695696496, ""faster_driver_segment"": ""LEC""}"
telemetry_compare,"{""driver_a"": ""RUS"", ""driver_b"": ""LEC"", ""lap_a"": 1, ""lap_b"": 1, ""distance_m"": 455.0, ""speed_a"": 136.01007498108058, ""speed_b"": 177.0, ""throttle_a"": 57.0, ""throttle_b"": 100.0, ""brake_a"": 0.0, ""brake_b"": 0.0, ""delta_speed"": -40.98992501891942, ""faster_driver_segment"": ""LEC""}"
telemetry_compare,"{""driver_a"": ""RUS"", ""driver_b"": ""LEC"", ""lap_a"": 1, ""lap_b"": 1, ""distance_m"": 460.0, ""speed_a"": 137.1875157957273, ""speed_b"": 177.0, ""throttle_a"": 57.0, ""throttle_b"": 100.0, ""brake_a"": 0.0, ""brake_b"": 0.0, ""delta_speed"": -39.81248420427269, ""faster_driver_segment"": ""LEC""}"
telemetry_compare,"{""driver_a"": ""RUS"", ""driver_b"": ""LEC"", ""lap_a"": 1, ""lap_b"": 1, ""distance_m"": 465.0, ""speed_a"": 138.3554656954079, ""speed_b"": 177.0, ""throttle_a"": 57.0, ""throttle_b"": 100.0, ""brake_a"": 0.0, ""brake_b"": 0.0, ""delta_speed"": -38.6445343045921, ""faster_driver_segment"": ""LEC""}"
telemetry_compare,"{""driver_a"": ""RUS"", ""driver_b"": ""LEC"", ""lap_a"": 1, ""lap_b"": 1, ""distance_m"": 470.0, ""speed_a"": 140.74609375000003, ""speed_b"": 179.27505367228767, ""throttle_a"": 57.0, ""throttle_b"": 99.86617331339484, ""brake_a"": 0.0, ""brake_b"": 0.0, ""delta_speed"": -38.52895992228764, ""faster_driver_segment"": ""LEC""}"
telemetry_compare,"{""driver_a"": ""RUS"", ""driver_b"": ""LEC"", ""lap_a"": 1, ""lap_b"": 1, ""distance_m"": 475.0, ""speed_a"": 145.69507174888355, ""speed_b"": 187.20053578979895, ""throttle_a"": 58.035877179873275, ""throttle_b"": 99.399968482953, ""brake_a"": 0.0, ""brake_b"": 0.0, ""delta_speed"": -41.5054640409154, ""faster_driver_segment"": ""LEC""}"
telemetry_compare,"{""driver_a"": ""RUS"", ""driver_b"": ""LEC"", ""lap_a"": 1, ""lap_b"": 1, ""distance_m"": 480.0, ""speed_a"": 155.77384735394523, ""speed_b"": 194.37478888106966, ""throttle_a"": 64.19512893852207, ""throttle_b"": 99.04164320900774, ""brake_a"": 0.0, ""brake_b"": 0.0, ""delta_speed"": -38.600941527124434, ""faster_driver_segment"": ""LEC""}"
telemetry_compare,"{""driver_a"": ""RUS"", ""driver_b"": ""LEC"", ""lap_a"": 1, ""lap_b"": 1, ""distance_m"": 485.0, ""speed_a"": 162.0, ""speed_b"": 197.2248944405348, ""throttle_a"": 69.52576959872603, ""throttle_b"": 99.35832160450387, ""brake_a"": 0.0, ""brake_b"": 0.0, ""delta_speed"": -35.2248944405348, ""faster_driver_segment"": ""LEC""}"
telemetry_compare,"{""driver_a"": ""RUS"", ""driver_b"": ""LEC"", ""lap_a"": 1, ""lap_b"": 1, ""distance_m"": 490.0, ""speed_a"": 162.0, ""speed_b"": 200.07499999999996, ""throttle_a"": 73.69504425989992, ""throttle_b"": 99.675, ""brake_a"": 0.0, ""brake_b"": 0.0, ""delta_speed"": -38.07499999999996, ""faster_driver_segment"": ""LEC""}"
telemetry_compare,"{""driver_a"": ""RUS"", ""driver_b"": ""LEC"", ""lap_a"": 1, ""lap_b"": 1, ""distance_m"": 495.0, ""speed_a"": 162.0, ""speed_b"": 202.92510555946512, ""throttle_a"": 74.0, ""throttle_b"": 99.99167839549612, ""brake_a"": 0.0, ""brake_b"": 0.0, ""delta_speed"": -40.92510555946512, ""faster_driver_segment"": ""LEC""}"
telemetry_compare,"{""driver_a"": ""RUS"", ""driver_b"": ""LEC"", ""lap_a"": 1, ""lap_b"": 1, ""distance_m"": 500.0, ""speed_a"": 162.0, ""speed_b"": 205.46129071079605, ""throttle_a"": 74.0, ""throttle_b"": 100.0, ""brake_a"": 0.0, ""brake_b"": 0.0, ""delta_speed"": -43.46129071079605, ""faster_driver_segment"": ""LEC""}"
telemetry_compare,"{""driver_a"": ""RUS"", ""driver_b"": ""LEC"", ""lap_a"": 1, ""lap_b"": 1, ""distance_m"": 505.0, ""speed_a"": 162.0, ""speed_b"": 207.96276723083, ""throttle_a"": 74.0, ""throttle_b"": 100.0, ""brake_a"": 0.0, ""brake_b"": 0.0, ""delta_speed"": -45.962767230829996, ""faster_driver_segment"": ""LEC""}"
telemetry_compare,"{""driver_a"": ""RUS"", ""driver_b"": ""LEC"", ""lap_a"": 1, ""lap_b"": 1, ""distance_m"": 510.0, ""speed_a"": 162.0, ""speed_b"": 210.07912530675216, ""throttle_a"": 74.0, ""throttle_b"": 100.0, ""brake_a"": 0.0, ""brake_b"": 0.0, ""delta_speed"": -48.07912530675216, ""faster_driver_segment"": ""LEC""}"
telemetry_compare,"{""driver_a"": ""RUS"", ""driver_b"": ""LEC"", ""lap_a"": 1, ""lap_b"": 1, ""distance_m"": 515.0, ""speed_a"": 162.0, ""speed_b"": 210.50593247532845, ""throttle_a"": 74.5579906078445, ""throttle_b"": 100.0, ""brake_a"": 0.0, ""brake_b"": 0.0, ""delta_speed"": -48.50593247532845, ""faster_driver_segment"": ""LEC""}"
telemetry_compare,"{""driver_a"": ""RUS"", ""driver_b"": ""LEC"", ""lap_a"": 1, ""lap_b"": 1, ""distance_m"": 520.0, ""speed_a"": 162.0, ""speed_b"": 210.93273964390477, ""throttle_a"": 75.49090762220283, ""throttle_b"": 100.0, ""brake_a"": 0.0, ""brake_b"": 0.0, ""delta_speed"": -48.93273964390477, ""faster_driver_segment"": ""LEC""}"
telemetry_compare,"{""driver_a"": ""RUS"", ""driver_b"": ""LEC"", ""lap_a"": 1, ""lap_b"": 1, ""distance_m"": 525.0, ""speed_a"": 160.73530582242324, ""speed_b"": 211.35782310426595, ""throttle_a"": 79.37251780687133, ""throttle_b"": 100.0, ""brake_a"": 0.0, ""brake_b"": 0.0, ""delta_speed"": -50.622517281842704, ""faster_driver_segment"": ""LEC""}"
telemetry_compare,"{""driver_a"": ""RUS"", ""driver_b"": ""LEC"", ""lap_a"": 1, ""lap_b"": 1, ""distance_m"": 530.0, ""speed_a"": 157.96185367861472, ""speed_b"": 211.77872337456463, ""throttle_a"": 86.7683901903608, ""throttle_b"": 100.0, ""brake_a"": 0.0, ""brake_b"": 0.0, ""delta_speed"": -53.81686969594992, ""faster_driver_segment"": ""LEC""}"
telemetry_compare,"{""driver_a"": ""RUS"", ""driver_b"": ""LEC"", ""lap_a"": 1, ""lap_b"": 1, ""distance_m"": 535.0, ""speed_a"": 155.32758053895898, ""speed_b"": 212.8051420553435, ""throttle_a"": 93.79311856277606, ""throttle_b"": 100.0, ""brake_a"": 0.0, ""brake_b"": 0.0, ""delta_speed"": -57.477561516384526, ""faster_driver_segment"": ""LEC""}"
telemetry_compare,"{""driver_a"": ""RUS"", ""driver_b"": ""LEC"", ""lap_a"": 1, ""lap_b"": 1, ""distance_m"": 540.0, ""speed_a"": 153.7136205583157, ""speed_b"": 214.49102788970941, ""throttle_a"": 100.0, ""throttle_b"": 100.0, ""brake_a"": 0.0, ""brake_b"": 0.0, ""delta_speed"": -60.777407331393704, ""faster_driver_segment"": ""LEC""}"
telemetry_compare,"{""driver_a"": ""RUS"", ""driver_b"": ""LEC"", ""lap_a"": 1, ""lap_b"": 1, ""distance_m"": 545.0, ""speed_a"": 166.23240425383926, ""speed_b"": 216.16110808321173, ""throttle_a"": 100.0, ""throttle_b"": 100.0, ""brake_a"": 0.0, ""brake_b"": 0.0, ""delta_speed"": -49.928703829372466, ""faster_driver_segment"": ""LEC""}"
telemetry_compare,"{""driver_a"": ""RUS"", ""driver_b"": ""LEC"", ""lap_a"": 1, ""lap_b"": 1, ""distance_m"": 550.0, ""speed_a"": 177.3786670785005, ""speed_b"": 217.83118827671404, ""throttle_a"": 100.0, ""throttle_b"": 100.0, ""brake_a"": 0.0, ""brake_b"": 0.0, ""delta_speed"": -40.45252119821353, ""faster_driver_segment"": ""LEC""}"
telemetry_compare,"{""driver_a"": ""RUS"", ""driver_b"": ""LEC"", ""lap_a"": 1, ""lap_b"": 1, ""distance_m"": 555.0, ""speed_a"": 188.52492990316173, ""speed_b"": 219.47511326252084, ""throttle_a"": 100.0, ""throttle_b"": 100.0, ""brake_a"": 0.0, ""brake_b"": 0.0, ""delta_speed"": -30.9501833593591, ""faster_driver_segment"": ""LEC""}"
telemetry_compare,"{""driver_a"": ""RUS"", ""driver_b"": ""LEC"", ""lap_a"": 1, ""lap_b"": 1, ""distance_m"": 560.0, ""speed_a"": 199.58262711004738, ""speed_b"": 221.2143831989022, ""throttle_a"": 100.0, ""throttle_b"": 100.0, ""brake_a"": 0.0, ""brake_b"": 0.0, ""delta_speed"": -21.631756088854814, ""faster_driver_segment"": ""LEC""}"
telemetry_compare,"{""driver_a"": ""RUS"", ""driver_b"": ""LEC"", ""lap_a"": 1, ""lap_b"": 1, ""distance_m"": 565.0, ""speed_a"": 210.6083133777641, ""speed_b"": 224.18963191149984, ""throttle_a"": 100.0, ""throttle_b"": 100.0, ""brake_a"": 0.0, ""brake_b"": 0.0, ""delta_speed"": -13.581318533735754, ""faster_driver_segment"": ""LEC""}"
telemetry_compare,"{""driver_a"": ""RUS"", ""driver_b"": ""LEC"", ""lap_a"": 1, ""lap_b"": 1, ""distance_m"": 570.0, ""speed_a"": 212.0, ""speed_b"": 227.06371739130435, ""throttle_a"": 100.0, ""throttle_b"": 100.0, ""brake_a"": 0.0, ""brake_b"": 0.0, ""delta_speed"": -15.063717391304351, ""faster_driver_segment"": ""LEC""}"
telemetry_compare,"{""driver_a"": ""RUS"", ""driver_b"": ""LEC"", ""lap_a"": 1, ""lap_b"": 1, ""distance_m"": 575.0, ""speed_a"": 212.0, ""speed_b"": 228.23763043478263, ""throttle_a"": 100.0, ""throttle_b"": 100.0, ""brake_a"": 0.0, ""brake_b"": 0.0, ""delta_speed"": -16.23763043478263, ""faster_driver_segment"": ""LEC""}"
telemetry_compare,"{""driver_a"": ""RUS"", ""driver_b"": ""LEC"", ""lap_a"": 1, ""lap_b"": 1, ""distance_m"": 580.0, ""speed_a"": 212.0, ""speed_b"": 229.41154347826088, ""throttle_a"": 100.0, ""throttle_b"": 100.0, ""brake_a"": 0.0, ""brake_b"": 0.0, ""delta_speed"": -17.41154347826088, ""faster_driver_segment"": ""LEC""}"
telemetry_compare,"{""driver_a"": ""RUS"", ""driver_b"": ""LEC"", ""lap_a"": 1, ""lap_b"": 1, ""distance_m"": 585.0, ""speed_a"": 212.0, ""speed_b"": 230.139304202756, ""throttle_a"": 100.0, ""throttle_b"": 100.0, ""brake_a"": 0.0, ""brake_b"": 0.0, ""delta_speed"": -18.139304202755994, ""faster_driver_segment"": ""LEC""}"
telemetry_compare,"{""driver_a"": ""RUS"", ""driver_b"": ""LEC"", ""lap_a"": 1, ""lap_b"": 1, ""distance_m"": 590.0, ""speed_a"": 212.0, ""speed_b"": 230.41751699125638, ""throttle_a"": 100.0, ""throttle_b"": 100.0, ""brake_a"": 0.0, ""brake_b"": 0.0, ""delta_speed"": -18.417516991256377, ""faster_driver_segment"": ""LEC""}"
telemetry_compare,"{""driver_a"": ""RUS"", ""driver_b"": ""LEC"", ""lap_a"": 1, ""lap_b"": 1, ""distance_m"": 595.0, ""speed_a"": 212.0, ""speed_b"": 230.69560346069875, ""throttle_a"": 100.0, ""throttle_b"": 100.0, ""brake_a"": 0.0, ""brake_b"": 0.0, ""delta_speed"": -18.69560346069875, ""faster_driver_segment"": ""LEC""}"
telemetry_compare,"{""driver_a"": ""RUS"", ""driver_b"": ""LEC"", ""lap_a"": 1, ""lap_b"": 1, ""distance_m"": 600.0, ""speed_a"": 212.0, ""speed_b"": 230.9736899301411, ""throttle_a"": 100.0, ""throttle_b"": 100.0, ""brake_a"": 0.0, ""brake_b"": 0.0, ""delta_speed"": -18.97368993014109, ""faster_driver_segment"": ""LEC""}"
telemetry_compare,"{""driver_a"": ""RUS"", ""driver_b"": ""LEC"", ""lap_a"": 1, ""lap_b"": 1, ""distance_m"": 605.0, ""speed_a"": 213.2379900319579, ""speed_b"": 232.37477163298064, ""throttle_a"": 100.0, ""throttle_b"": 100.0, ""brake_a"": 0.0, ""brake_b"": 0.0, ""delta_speed"": -19.136781601022733, ""faster_driver_segment"": ""LEC""}"
telemetry_compare,"{""driver_a"": ""RUS"", ""driver_b"": ""LEC"", ""lap_a"": 1, ""lap_b"": 1, ""distance_m"": 610.0, ""speed_a"": 216.79093895322728, ""speed_b"": 233.88357524381368, ""throttle_a"": 100.0, ""throttle_b"": 100.0, ""brake_a"": 0.0, ""brake_b"": 0.0, ""delta_speed"": -17.092636290586398, ""faster_driver_segment"": ""LEC""}"
telemetry_compare,"{""driver_a"": ""RUS"", ""driver_b"": ""LEC"", ""lap_a"": 1, ""lap_b"": 1, ""distance_m"": 615.0, ""speed_a"": 220.34388787449666, ""speed_b"": 235.39237885464672, ""throttle_a"": 100.0, ""throttle_b"": 100.0, ""brake_a"": 0.0, ""brake_b"": 0.0, ""delta_speed"": -15.048490980150063, ""faster_driver_segment"": ""LEC""}"
telemetry_compare,"{""driver_a"": ""RUS"", ""driver_b"": ""LEC"", ""lap_a"": 1, ""lap_b"": 1, ""distance_m"": 620.0, ""speed_a"": 223.8743681065005, ""speed_b"": 236.89427758372796, ""throttle_a"": 100.0, ""throttle_b"": 100.0, ""brake_a"": 0.0, ""brake_b"": 0.0, ""delta_speed"": -13.019909477227458, ""faster_driver_segment"": ""LEC""}"
telemetry_compare,"{""driver_a"": ""RUS"", ""driver_b"": ""LEC"", ""lap_a"": 1, ""lap_b"": 1, ""distance_m"": 625.0, ""speed_a"": 227.3252123129037, ""speed_b"": 238.39224238999196, ""throttle_a"": 100.0, ""throttle_b"": 100.0, ""brake_a"": 0.0, ""brake_b"": 0.0, ""delta_speed"": -11.067030077088276, ""faster_driver_segment"": ""LEC""}"
telemetry_compare,"{""driver_a"": ""RUS"", ""driver_b"": ""LEC"", ""lap_a"": 1, ""lap_b"": 1, ""distance_m"": 630.0, ""speed_a"": 230.56694677871164, ""speed_b"": 239.18571180555557, ""throttle_a"": 100.0, ""throttle_b"": 100.0, ""brake_a"": 0.0, ""brake_b"": 0.0, ""delta_speed"": -8.618765026843931, ""faster_driver_segment"": ""LEC""}"
telemetry_compare,"{""driver_a"": ""RUS"", ""driver_b"": ""LEC"", ""lap_a"": 1, ""lap_b"": 1, ""distance_m"": 635.0, ""speed_a"": 233.08795518207296, ""speed_b"": 239.49821180555557, ""throttle_a"": 100.0, ""throttle_b"": 100.0, ""brake_a"": 0.0, ""brake_b"": 0.0, ""delta_speed"": -6.41025662348261, ""faster_driver_segment"": ""LEC""}"
telemetry_compare,"{""driver_a"": ""RUS"", ""driver_b"": ""LEC"", ""lap_a"": 1, ""lap_b"": 1, ""distance_m"": 640.0, ""speed_a"": 235.60896358543428, ""speed_b"": 239.81071180555557, ""throttle_a"": 100.0, ""throttle_b"": 100.0, ""brake_a"": 0.0, ""brake_b"": 0.0, ""delta_speed"": -4.201748220121289, ""faster_driver_segment"": ""LEC""}"
telemetry_compare,"{""driver_a"": ""RUS"", ""driver_b"": ""LEC"", ""lap_a"": 1, ""lap_b"": 1, ""distance_m"": 645.0, ""speed_a"": 238.04817006664354, ""speed_b"": 240.24360598677646, ""throttle_a"": 100.0, ""throttle_b"": 100.0, ""brake_a"": 0.0, ""brake_b"": 0.0, ""delta_speed"": -2.1954359201329225, ""faster_driver_segment"": ""LEC""}"
telemetry_compare,"{""driver_a"": ""RUS"", ""driver_b"": ""LEC"", ""lap_a"": 1, ""lap_b"": 1, ""distance_m"": 650.0, ""speed_a"": 238.97833218781713, ""speed_b"": 240.86087318632005, ""throttle_a"": 100.0, ""throttle_b"": 100.0, ""brake_a"": 0.0, ""brake_b"": 0.0, ""delta_speed"": -1.8825409985029182, ""faster_driver_segment"": ""LEC""}"
telemetry_compare,"{""driver_a"": ""RUS"", ""driver_b"": ""LEC"", ""lap_a"": 1, ""lap_b"": 1, ""distance_m"": 655.0, ""speed_a"": 239.90831279319227, ""speed_b"": 241.47814038586364, ""throttle_a"": 100.0, ""throttle_b"": 100.0, ""brake_a"": 0.0, ""brake_b"": 0.0, ""delta_speed"": -1.5698275926713734, ""faster_driver_segment"": ""LEC""}"
telemetry_compare,"{""driver_a"": ""RUS"", ""driver_b"": ""LEC"", ""lap_a"": 1, ""lap_b"": 1, ""distance_m"": 660.0, ""speed_a"": 240.8373929263376, ""speed_b"": 242.0, ""throttle_a"": 100.0, ""throttle_b"": 99.95219120169408, ""brake_a"": 0.0, ""brake_b"": 0.0, ""delta_speed"": -1.1626070736624001, ""faster_driver_segment"": ""LEC""}"
telemetry_compare,"{""driver_a"": ""RUS"", ""driver_b"": ""LEC"", ""lap_a"": 1, ""lap_b"": 1, ""distance_m"": 665.0, ""speed_a"": 241.0, ""speed_b"": 242.0, ""throttle_a"": 100.0, ""throttle_b"": 99.64208007754766, ""brake_a"": 0.0, ""brake_b"": 0.0, ""delta_speed"": -1.0, ""faster_driver_segment"": ""LEC""}"
telemetry_compare,"{""driver_a"": ""RUS"", ""driver_b"": ""LEC"", ""lap_a"": 1, ""lap_b"": 1, ""distance_m"": 670.0, ""speed_a"": 241.0, ""speed_b"": 242.0, ""throttle_a"": 100.0, ""throttle_b"": 99.33196895340123, ""brake_a"": 0.0, ""brake_b"": 0.0, ""delta_speed"": -1.0, ""faster_driver_segment"": ""LEC""}"
telemetry_compare,"{""driver_a"": ""RUS"", ""driver_b"": ""LEC"", ""lap_a"": 1, ""lap_b"": 1, ""distance_m"": 675.0, ""speed_a"": 241.0, ""speed_b"": 242.0, ""throttle_a"": 100.0, ""throttle_b"": 99.02241958170701, ""brake_a"": 0.0, ""brake_b"": 0.0, ""delta_speed"": -1.0, ""faster_driver_segment"": ""LEC""}"
telemetry_compare,"{""driver_a"": ""RUS"", ""driver_b"": ""LEC"", ""lap_a"": 1, ""lap_b"": 1, ""distance_m"": 680.0, ""speed_a"": 241.0, ""speed_b"": 242.68422131147543, ""throttle_a"": 100.0, ""throttle_b"": 99.0, ""brake_a"": 0.0, ""brake_b"": 0.0, ""delta_speed"": -1.6842213114754259, ""faster_driver_segment"": ""LEC""}"
telemetry_compare,"{""driver_a"": ""RUS"", ""driver_b"": ""LEC"", ""lap_a"": 1, ""lap_b"": 1, ""distance_m"": 685.0, ""speed_a"": 241.0, ""speed_b"": 243.42192622950822, ""throttle_a"": 100.0, ""throttle_b"": 99.0, ""brake_a"": 0.0, ""brake_b"": 0.0, ""delta_speed"": -2.421926229508216, ""faster_driver_segment"": ""LEC""}"
telemetry_compare,"{""driver_a"": ""RUS"", ""driver_b"": ""LEC"", ""lap_a"": 1, ""lap_b"": 1, ""distance_m"": 690.0, ""speed_a"": 241.0, ""speed_b"": 244.19753092578128, ""throttle_a"": 100.0, ""throttle_b"": 99.0, ""brake_a"": 0.0, ""brake_b"": 0.0, ""delta_speed"": -3.1975309257812796, ""faster_driver_segment"": ""LEC""}"
telemetry_compare,"{""driver_a"": ""RUS"", ""driver_b"": ""LEC"", ""lap_a"": 1, ""lap_b"": 1, ""distance_m"": 695.0, ""speed_a"": 243.8116886127376, ""speed_b"": 245.1103824441542, ""throttle_a"": 100.0, ""throttle_b"": 99.0, ""brake_a"": 0.0, ""brake_b"": 0.0, ""delta_speed"": -1.2986938314165855, ""faster_driver_segment"": ""LEC""}"
telemetry_compare,"{""driver_a"": ""RUS"", ""driver_b"": ""LEC"", ""lap_a"": 1, ""lap_b"": 1, ""distance_m"": 700.0, ""speed_a"": 246.80408544639698, ""speed_b"": 246.02063524231613, ""throttle_a"": 100.0, ""throttle_b"": 99.0, ""brake_a"": 0.0, ""brake_b"": 0.0, ""delta_speed"": 0.7834502040808502, ""faster_driver_segment"": ""RUS""}"
telemetry_compare,"{""driver_a"": ""RUS"", ""driver_b"": ""LEC"", ""lap_a"": 1, ""lap_b"": 1, ""distance_m"": 705.0, ""speed_a"": 249.77371002725084, ""speed_b"": 246.93002733095736, ""throttle_a"": 100.0, ""throttle_b"": 99.0, ""brake_a"": 0.0, ""brake_b"": 0.0, ""delta_speed"": 2.8436826962934845, ""faster_driver_segment"": ""RUS""}"
telemetry_compare,"{""driver_a"": ""RUS"", ""driver_b"": ""LEC"", ""lap_a"": 1, ""lap_b"": 1, ""distance_m"": 710.0, ""speed_a"": 251.0, ""speed_b"": 247.0, ""throttle_a"": 100.0, ""throttle_b"": 99.0, ""brake_a"": 0.0, ""brake_b"": 0.0, ""delta_speed"": 4.0, ""faster_driver_segment"": ""RUS""}"
telemetry_compare,"{""driver_a"": ""RUS"", ""driver_b"": ""LEC"", ""lap_a"": 1, ""lap_b"": 1, ""distance_m"": 715.0, ""speed_a"": 251.0, ""speed_b"": 247.0, ""throttle_a"": 100.0, ""throttle_b"": 99.0, ""brake_a"": 0.0, ""brake_b"": 0.0, ""delta_speed"": 4.0, ""faster_driver_segment"": ""RUS""}"
telemetry_compare,"{""driver_a"": ""RUS"", ""driver_b"": ""LEC"", ""lap_a"": 1, ""lap_b"": 1, ""distance_m"": 720.0, ""speed_a"": 251.0, ""speed_b"": 247.0, ""throttle_a"": 100.0, ""throttle_b"": 99.0, ""brake_a"": 0.0, ""brake_b"": 0.0, ""delta_speed"": 4.0, ""faster_driver_segment"": ""RUS""}"
telemetry_compare,"{""driver_a"": ""RUS"", ""driver_b"": ""LEC"", ""lap_a"": 1, ""lap_b"": 1, ""distance_m"": 725.0, ""speed_a"": 251.21407418134103, ""speed_b"": 247.1907072716853, ""throttle_a"": 100.0, ""throttle_b"": 99.0, ""brake_a"": 0.0, ""brake_b"": 0.0, ""delta_speed"": 4.023366909655721, ""faster_driver_segment"": ""RUS""}"
telemetry_compare,"{""driver_a"": ""RUS"", ""driver_b"": ""LEC"", ""lap_a"": 1, ""lap_b"": 1, ""distance_m"": 730.0, ""speed_a"": 252.1000162177795, ""speed_b"": 247.4931527760865, ""throttle_a"": 100.0, ""throttle_b"": 99.0, ""brake_a"": 0.0, ""brake_b"": 0.0, ""delta_speed"": 4.606863441693008, ""faster_driver_segment"": ""RUS""}"
telemetry_compare,"{""driver_a"": ""RUS"", ""driver_b"": ""LEC"", ""lap_a"": 1, ""lap_b"": 1, ""distance_m"": 735.0, ""speed_a"": 252.98521961091262, ""speed_b"": 247.79559828048772, ""throttle_a"": 100.0, ""throttle_b"": 99.0, ""brake_a"": 0.0, ""brake_b"": 0.0, ""delta_speed"": 5.189621330424899, ""faster_driver_segment"": ""RUS""}"
telemetry_compare,"{""driver_a"": ""RUS"", ""driver_b"": ""LEC"", ""lap_a"": 1, ""lap_b"": 1, ""distance_m"": 740.0, ""speed_a"": 253.870485714122, ""speed_b"": 248.1459588353414, ""throttle_a"": 100.0, ""throttle_b"": 98.41616465863449, ""brake_a"": 0.0, ""brake_b"": 0.0, ""delta_speed"": 5.724526878780608, ""faster_driver_segment"": ""RUS""}"
telemetry_compare,"{""driver_a"": ""RUS"", ""driver_b"": ""LEC"", ""lap_a"": 1, ""lap_b"": 1, ""distance_m"": 745.0, ""speed_a"": 254.0, ""speed_b"": 248.59776606425703, ""throttle_a"": 100.0, ""throttle_b"": 96.60893574297185, ""brake_a"": 0.0, ""brake_b"": 0.0, ""delta_speed"": 5.40223393574297, ""faster_driver_segment"": ""RUS""}"
telemetry_compare,"{""driver_a"": ""RUS"", ""driver_b"": ""LEC"", ""lap_a"": 1, ""lap_b"": 1, ""distance_m"": 750.0, ""speed_a"": 254.0, ""speed_b"": 249.0, ""throttle_a"": 100.0, ""throttle_b"": 95.09915025026338, ""brake_a"": 0.0, ""brake_b"": 0.0, ""delta_speed"": 5.0, ""faster_driver_segment"": ""RUS""}"
telemetry_compare,"{""driver_a"": ""RUS"", ""driver_b"": ""LEC"", ""lap_a"": 1, ""lap_b"": 1, ""distance_m"": 755.0, ""speed_a"": 254.39293451064094, ""speed_b"": 249.0, ""throttle_a"": 100.0, ""throttle_b"": 96.00277125049452, ""brake_a"": 0.0, ""brake_b"": 0.0, ""delta_speed"": 5.392934510640941, ""faster_driver_segment"": ""RUS""}"
telemetry_compare,"{""driver_a"": ""RUS"", ""driver_b"": ""LEC"", ""lap_a"": 1, ""lap_b"": 1, ""distance_m"": 760.0, ""speed_a"": 255.04913937980407, ""speed_b"": 249.0, ""throttle_a"": 100.0, ""throttle_b"": 96.90638263130181, ""brake_a"": 0.0, ""brake_b"": 0.0, ""delta_speed"": 6.049139379804075, ""faster_driver_segment"": ""RUS""}"
telemetry_compare,"{""driver_a"": ""RUS"", ""driver_b"": ""LEC"", ""lap_a"": 1, ""lap_b"": 1, ""distance_m"": 765.0, ""speed_a"": 255.7053442489672, ""speed_b"": 249.0, ""throttle_a"": 100.0, ""throttle_b"": 97.80999401210909, ""brake_a"": 0.0, ""brake_b"": 0.0, ""delta_speed"": 6.705344248967208, ""faster_driver_segment"": ""RUS""}"
telemetry_compare,"{""driver_a"": ""RUS"", ""driver_b"": ""LEC"", ""lap_a"": 1, ""lap_b"": 1, ""distance_m"": 770.0, ""speed_a"": 256.36154911813037, ""speed_b"": 249.0, ""throttle_a"": 100.0, ""throttle_b"": 98.71360539291638, ""brake_a"": 0.0, ""brake_b"": 0.0, ""delta_speed"": 7.36154911813037, ""faster_driver_segment"": ""RUS""}"
telemetry_compare,"{""driver_a"": ""RUS"", ""driver_b"": ""LEC"", ""lap_a"": 1, ""lap_b"": 1, ""distance_m"": 775.0, ""speed_a"": 257.0, ""speed_b"": 249.20507051812635, ""throttle_a"": 100.0, ""throttle_b"": 99.0, ""brake_a"": 0.0, ""brake_b"": 0.0, ""delta_speed"": 7.794929481873652, ""faster_driver_segment"": ""RUS""}"
telemetry_compare,"{""driver_a"": ""RUS"", ""driver_b"": ""LEC"", ""lap_a"": 1, ""lap_b"": 1, ""distance_m"": 780.0, ""speed_a"": 257.0, ""speed_b"": 249.50529575816492, ""throttle_a"": 100.0, ""throttle_b"": 99.0, ""brake_a"": 0.0, ""brake_b"": 0.0, ""delta_speed"": 7.49470424183508, ""faster_driver_segment"": ""RUS""}"
telemetry_compare,"{""driver_a"": ""RUS"", ""driver_b"": ""LEC"", ""lap_a"": 1, ""lap_b"": 1, ""distance_m"": 785.0, ""speed_a"": 257.0, ""speed_b"": 249.80508101990475, ""throttle_a"": 100.0, ""throttle_b"": 99.0, ""brake_a"": 0.0, ""brake_b"": 0.0, ""delta_speed"": 7.194918980095252, ""faster_driver_segment"": ""RUS""}"
telemetry_compare,"{""driver_a"": ""RUS"", ""driver_b"": ""LEC"", ""lap_a"": 1, ""lap_b"": 1, ""distance_m"": 790.0, ""speed_a"": 257.0, ""speed_b"": 250.0, ""throttle_a"": 100.0, ""throttle_b"": 99.08976715829674, ""brake_a"": 0.0, ""brake_b"": 0.0, ""delta_speed"": 7.0, ""faster_driver_segment"": ""RUS""}"
telemetry_compare,"{""driver_a"": ""RUS"", ""driver_b"": ""LEC"", ""lap_a"": 1, ""lap_b"": 1, ""distance_m"": 795.0, ""speed_a"": 257.5933754360471, ""speed_b"": 250.0, ""throttle_a"": 100.0, ""throttle_b"": 99.346448468756, ""brake_a"": 0.0, ""brake_b"": 0.0, ""delta_speed"": 7.593375436047097, ""faster_driver_segment"": ""RUS""}"
telemetry_compare,"{""driver_a"": ""RUS"", ""driver_b"": ""LEC"", ""lap_a"": 1, ""lap_b"": 1, ""distance_m"": 800.0, ""speed_a"": 258.5816939193308, ""speed_b"": 250.0, ""throttle_a"": 100.0, ""throttle_b"": 99.60362266565558, ""brake_a"": 0.0, ""brake_b"": 0.0, ""delta_speed"": 8.581693919330803, ""faster_driver_segment"": ""RUS""}"
telemetry_compare,"{""driver_a"": ""RUS"", ""driver_b"": ""LEC"", ""lap_a"": 1, ""lap_b"": 1, ""distance_m"": 805.0, ""speed_a"": 259.5656900486489, ""speed_b"": 250.0, ""throttle_a"": 100.0, ""throttle_b"": 99.86114989966387, ""brake_a"": 0.0, ""brake_b"": 0.0, ""delta_speed"": 9.56569004864889, ""faster_driver_segment"": ""RUS""}"
telemetry_compare,"{""driver_a"": ""RUS"", ""driver_b"": ""LEC"", ""lap_a"": 1, ""lap_b"": 1, ""distance_m"": 810.0, ""speed_a"": 260.5483558699986, ""speed_b"": 249.6960733421562, ""throttle_a"": 100.0, ""throttle_b"": 100.0, ""brake_a"": 0.0, ""brake_b"": 0.0, ""delta_speed"": 10.852282527842391, ""faster_driver_segment"": ""RUS""}"
telemetry_compare,"{""driver_a"": ""RUS"", ""driver_b"": ""LEC"", ""lap_a"": 1, ""lap_b"": 1, ""distance_m"": 815.0, ""speed_a"": 261.0, ""speed_b"": 249.0328078448141, ""throttle_a"": 100.0, ""throttle_b"": 100.0, ""brake_a"": 0.0, ""brake_b"": 0.0, ""delta_speed"": 11.967192155185899, ""faster_driver_segment"": ""RUS""}"
telemetry_compare,"{""driver_a"": ""RUS"", ""driver_b"": ""LEC"", ""lap_a"": 1, ""lap_b"": 1, ""distance_m"": 820.0, ""speed_a"": 261.0, ""speed_b"": 248.36867961914845, ""throttle_a"": 100.0, ""throttle_b"": 100.0, ""brake_a"": 0.0, ""brake_b"": 0.0, ""delta_speed"": 12.631320380851548, ""faster_driver_segment"": ""RUS""}"
telemetry_compare,"{""driver_a"": ""RUS"", ""driver_b"": ""LEC"", ""lap_a"": 1, ""lap_b"": 1, ""distance_m"": 825.0, ""speed_a"": 261.0, ""speed_b"": 247.70342492323687, ""throttle_a"": 100.0, ""throttle_b"": 100.0, ""brake_a"": 0.0, ""brake_b"": 0.0, ""delta_speed"": 13.296575076763133, ""faster_driver_segment"": ""RUS""}"
telemetry_compare,"{""driver_a"": ""RUS"", ""driver_b"": ""LEC"", ""lap_a"": 1, ""lap_b"": 1, ""distance_m"": 830.0, ""speed_a"": 261.0, ""speed_b"": 247.03606941952015, ""throttle_a"": 100.0, ""throttle_b"": 100.0, ""brake_a"": 0.0, ""brake_b"": 0.0, ""delta_speed"": 13.963930580479854, ""faster_driver_segment"": ""RUS""}"
telemetry_compare,"{""driver_a"": ""RUS"", ""driver_b"": ""LEC"", ""lap_a"": 1, ""lap_b"": 1, ""distance_m"": 835.0, ""speed_a"": 261.0, ""speed_b"": 246.36871391580345, ""throttle_a"": 100.0, ""throttle_b"": 100.0, ""brake_a"": 0.0, ""brake_b"": 0.0, ""delta_speed"": 14.631286084196546, ""faster_driver_segment"": ""RUS""}"
telemetry_compare,"{""driver_a"": ""RUS"", ""driver_b"": ""LEC"", ""lap_a"": 1, ""lap_b"": 1, ""distance_m"": 840.0, ""speed_a"": 261.0, ""speed_b"": 245.86301020408163, ""throttle_a"": 100.0, ""throttle_b"": 99.72602040816325, ""brake_a"": 0.0, ""brake_b"": 0.0, ""delta_speed"": 15.136989795918367, ""faster_driver_segment"": ""RUS""}"
telemetry_compare,"{""driver_a"": ""RUS"", ""driver_b"": ""LEC"", ""lap_a"": 1, ""lap_b"": 1, ""distance_m"": 845.0, ""speed_a"": 261.0, ""speed_b"": 245.55688775510203, ""throttle_a"": 99.26257982120043, ""throttle_b"": 99.11377551020406, ""brake_a"": 0.0, ""brake_b"": 0.0, ""delta_speed"": 15.443112244897975, ""faster_driver_segment"": ""RUS""}"
telemetry_compare,"{""driver_a"": ""RUS"", ""driver_b"": ""LEC"", ""lap_a"": 1, ""lap_b"": 1, ""distance_m"": 850.0, ""speed_a"": 261.0, ""speed_b"": 245.25076530612245, ""throttle_a"": 94.6648786717751, ""throttle_b"": 98.50153061224488, ""brake_a"": 0.0, ""brake_b"": 0.0, ""delta_speed"": 15.749234693877554, ""faster_driver_segment"": ""RUS""}"
telemetry_compare,"{""driver_a"": ""RUS"", ""driver_b"": ""LEC"", ""lap_a"": 1, ""lap_b"": 1, ""distance_m"": 855.0, ""speed_a"": 261.0, ""speed_b"": 244.8886247199775, ""throttle_a"": 90.06717752234978, ""throttle_b"": 98.05568764001124, ""brake_a"": 0.0, ""brake_b"": 0.0, ""delta_speed"": 16.111375280022486, ""faster_driver_segment"": ""RUS""}"
telemetry_compare,"{""driver_a"": ""RUS"", ""driver_b"": ""LEC"", ""lap_a"": 1, ""lap_b"": 1, ""distance_m"": 860.0, ""speed_a"": 261.0, ""speed_b"": 244.27145583758454, ""throttle_a"": 85.46947637292446, ""throttle_b"": 98.36427208120773, ""brake_a"": 0.0, ""brake_b"": 0.0, ""delta_speed"": 16.72854416241546, ""faster_driver_segment"": ""RUS""}"
telemetry_compare,"{""driver_a"": ""RUS"", ""driver_b"": ""LEC"", ""lap_a"": 1, ""lap_b"": 1, ""distance_m"": 865.0, ""speed_a"": 261.0, ""speed_b"": 243.65428695519157, ""throttle_a"": 67.61375612417913, ""throttle_b"": 98.67285652240422, ""brake_a"": 0.0, ""brake_b"": 0.0, ""delta_speed"": 17.345713044808434, ""faster_driver_segment"": ""RUS""}"
telemetry_compare,"{""driver_a"": ""RUS"", ""driver_b"": ""LEC"", ""lap_a"": 1, ""lap_b"": 1, ""distance_m"": 870.0, ""speed_a"": 261.0, ""speed_b"": 243.03659360783678, ""throttle_a"": 43.52707031323211, ""throttle_b"": 98.98170319608161, ""brake_a"": 0.0, ""brake_b"": 0.0, ""delta_speed"": 17.963406392163222, ""faster_driver_segment"": ""RUS""}"
telemetry_compare,"{""driver_a"": ""RUS"", ""driver_b"": ""LEC"", ""lap_a"": 1, ""lap_b"": 1, ""distance_m"": 875.0, ""speed_a"": 261.0, ""speed_b"": 242.6501033057851, ""throttle_a"": 19.440384502285095, ""throttle_b"": 99.34989669421489, ""brake_a"": 0.0, ""brake_b"": 0.0, ""delta_speed"": 18.34989669421489, ""faster_driver_segment"": ""RUS""}"
telemetry_compare,"{""driver_a"": ""RUS"", ""driver_b"": ""LEC"", ""lap_a"": 1, ""lap_b"": 1, ""distance_m"": 880.0, ""speed_a"": 260.35589285714263, ""speed_b"": 242.27820247933883, ""throttle_a"": 0.0, ""throttle_b"": 99.72179752066116, ""brake_a"": 0.07156746031748475, ""brake_b"": 0.0, ""delta_speed"": 18.077690377803805, ""faster_driver_segment"": ""RUS""}"
telemetry_compare,"{""driver_a"": ""RUS"", ""driver_b"": ""LEC"", ""lap_a"": 1, ""lap_b"": 1, ""distance_m"": 885.0, ""speed_a"": 257.14160714285697, ""speed_b"": 241.8228517915977, ""throttle_a"": 0.0, ""throttle_b"": 100.0, ""brake_a"": 0.4287103174603361, ""brake_b"": 0.0, ""delta_speed"": 15.318755351259256, ""faster_driver_segment"": ""RUS""}"
telemetry_compare,"{""driver_a"": ""RUS"", ""driver_b"": ""LEC"", ""lap_a"": 1, ""lap_b"": 1, ""distance_m"": 890.0, ""speed_a"": 253.9273214285713, ""speed_b"": 241.11854048870816, ""throttle_a"": 0.0, ""throttle_b"": 100.0, ""brake_a"": 0.7858531746031875, ""brake_b"": 0.0, ""delta_speed"": 12.80878093986314, ""faster_driver_segment"": ""RUS""}"
telemetry_compare,"{""driver_a"": ""RUS"", ""driver_b"": ""LEC"", ""lap_a"": 1, ""lap_b"": 1, ""distance_m"": 895.0, ""speed_a"": 250.98798334057724, ""speed_b"": 240.41422918581858, ""throttle_a"": 0.0, ""throttle_b"": 100.0, ""brake_a"": 1.0, ""brake_b"": 0.0, ""delta_speed"": 10.57375415475866, ""faster_driver_segment"": ""RUS""}"
telemetry_compare,"{""driver_a"": ""RUS"", ""driver_b"": ""LEC"", ""lap_a"": 1, ""lap_b"": 1, ""distance_m"": 900.0, ""speed_a"": 248.45269205545014, ""speed_b"": 239.70652275308643, ""throttle_a"": 0.0, ""throttle_b"": 100.0, ""brake_a"": 1.0, ""brake_b"": 0.0, ""delta_speed"": 8.746169302363711, ""faster_driver_segment"": ""RUS""}"
telemetry_compare,"{""driver_a"": ""RUS"", ""driver_b"": ""LEC"", ""lap_a"": 1, ""lap_b"": 1, ""distance_m"": 905.0, ""speed_a"": 245.91740077032304, ""speed_b"": 238.99884298395997, ""throttle_a"": 0.0, ""throttle_b"": 100.0, ""brake_a"": 1.0, ""brake_b"": 0.0, ""delta_speed"": 6.918557786363067, ""faster_driver_segment"": ""RUS""}"
telemetry_compare,"{""driver_a"": ""RUS"", ""driver_b"": ""LEC"", ""lap_a"": 1, ""lap_b"": 1, ""distance_m"": 910.0, ""speed_a"": 243.31199505987632, ""speed_b"": 238.62066749807022, ""throttle_a"": 0.0, ""throttle_b"": 100.0, ""brake_a"": 1.0, ""brake_b"": 0.0, ""delta_speed"": 4.691327561806105, ""faster_driver_segment"": ""RUS""}"
telemetry_compare,"{""driver_a"": ""RUS"", ""driver_b"": ""LEC"", ""lap_a"": 1, ""lap_b"": 1, ""distance_m"": 915.0, ""speed_a"": 240.45912834714957, ""speed_b"": 238.2425319433143, ""throttle_a"": 0.0, ""throttle_b"": 100.0, ""brake_a"": 1.0, ""brake_b"": 0.0, ""delta_speed"": 2.2165964038352683, ""faster_driver_segment"": ""RUS""}"
telemetry_compare,"{""driver_a"": ""RUS"", ""driver_b"": ""LEC"", ""lap_a"": 1, ""lap_b"": 1, ""distance_m"": 920.0, ""speed_a"": 235.7405249511645, ""speed_b"": 238.0, ""throttle_a"": 0.0, ""throttle_b"": 93.94029661101953, ""brake_a"": 1.0, ""brake_b"": 0.0, ""delta_speed"": -2.2594750488354975, ""faster_driver_segment"": ""LEC""}"
telemetry_compare,"{""driver_a"": ""RUS"", ""driver_b"": ""LEC"", ""lap_a"": 1, ""lap_b"": 1, ""distance_m"": 925.0, ""speed_a"": 231.02192155517943, ""speed_b"": 238.0, ""throttle_a"": 0.0, ""throttle_b"": 77.09133656857132, ""brake_a"": 1.0, ""brake_b"": 0.0, ""delta_speed"": -6.978078444820568, ""faster_driver_segment"": ""LEC""}"
telemetry_compare,"{""driver_a"": ""RUS"", ""driver_b"": ""LEC"", ""lap_a"": 1, ""lap_b"": 1, ""distance_m"": 930.0, ""speed_a"": 228.4847129306205, ""speed_b"": 238.0, ""throttle_a"": 0.0, ""throttle_b"": 60.2423765261231, ""brake_a"": 1.0, ""brake_b"": 0.0, ""delta_speed"": -9.515287069379497, ""faster_driver_segment"": ""LEC""}"
telemetry_compare,"{""driver_a"": ""RUS"", ""driver_b"": ""LEC"", ""lap_a"": 1, ""lap_b"": 1, ""distance_m"": 935.0, ""speed_a"": 227.58285233782692, ""speed_b"": 238.0, ""throttle_a"": 0.0, ""throttle_b"": 43.39341648367489, ""brake_a"": 1.0, ""brake_b"": 0.0, ""delta_speed"": -10.417147662173079, ""faster_driver_segment"": ""LEC""}"
telemetry_compare,"{""driver_a"": ""RUS"", ""driver_b"": ""LEC"", ""lap_a"": 1, ""lap_b"": 1, ""distance_m"": 940.0, ""speed_a"": 226.68099174503334, ""speed_b"": 238.0, ""throttle_a"": 0.0, ""throttle_b"": 25.989659573517578, ""brake_a"": 1.0, ""brake_b"": 0.25428445108667386, ""delta_speed"": -11.319008254966661, ""faster_driver_segment"": ""LEC""}"
telemetry_compare,"{""driver_a"": ""RUS"", ""driver_b"": ""LEC"", ""lap_a"": 1, ""lap_b"": 1, ""distance_m"": 945.0, ""speed_a"": 225.77913115223978, ""speed_b"": 238.0, ""throttle_a"": 0.0, ""throttle_b"": 8.015483820518137, ""brake_a"": 1.0, ""brake_b"": 0.7700134970942765, ""delta_speed"": -12.220868847760215, ""faster_driver_segment"": ""LEC""}"
telemetry_compare,"{""driver_a"": ""RUS"", ""driver_b"": ""LEC"", ""lap_a"": 1, ""lap_b"": 1, ""distance_m"": 950.0, ""speed_a"": 224.83934830184646, ""speed_b"": 230.12395842672933, ""throttle_a"": 0.0, ""throttle_b"": 0.0, ""brake_a"": 1.0, ""brake_b"": 1.0, ""delta_speed"": -5.2846101248828745, ""faster_driver_segment"": ""LEC""}"
telemetry_compare,"{""driver_a"": ""RUS"", ""driver_b"": ""LEC"", ""lap_a"": 1, ""lap_b"": 1, ""distance_m"": 955.0, ""speed_a"": 223.01258569769251, ""speed_b"": 215.67095238440513, ""throttle_a"": 0.0, ""throttle_b"": 0.0, ""brake_a"": 1.0, ""brake_b"": 1.0, ""delta_speed"": 7.341633313287389, ""faster_driver_segment"": ""RUS""}"
telemetry_compare,"{""driver_a"": ""RUS"", ""driver_b"": ""LEC"", ""lap_a"": 1, ""lap_b"": 1, ""distance_m"": 960.0, ""speed_a"": 213.829232146167, ""speed_b"": 211.0, ""throttle_a"": 0.0, ""throttle_b"": 0.0, ""brake_a"": 1.0, ""brake_b"": 1.0, ""delta_speed"": 2.829232146166987, ""faster_driver_segment"": ""RUS""}"
telemetry_compare,"{""driver_a"": ""RUS"", ""driver_b"": ""LEC"", ""lap_a"": 1, ""lap_b"": 1, ""distance_m"": 965.0, ""speed_a"": 205.90308428486372, ""speed_b"": 211.0, ""throttle_a"": 0.0, ""throttle_b"": 0.0, ""brake_a"": 1.0, ""brake_b"": 1.0, ""delta_speed"": -5.0969157151362765, ""faster_driver_segment"": ""LEC""}"
telemetry_compare,"{""driver_a"": ""RUS"", ""driver_b"": ""LEC"", ""lap_a"": 1, ""lap_b"": 1, ""distance_m"": 970.0, ""speed_a"": 201.81604580992058, ""speed_b"": 208.12388392857127, ""throttle_a"": 0.0, ""throttle_b"": 0.0, ""brake_a"": 1.0, ""brake_b"": 1.0, ""delta_speed"": -6.307838118650693, ""faster_driver_segment"": ""LEC""}"
telemetry_compare,"{""driver_a"": ""RUS"", ""driver_b"": ""LEC"", ""lap_a"": 1, ""lap_b"": 1, ""distance_m"": 975.0, ""speed_a"": 197.80068005181337, ""speed_b"": 199.51419005102025, ""throttle_a"": 0.0, ""throttle_b"": 0.0, ""brake_a"": 1.0, ""brake_b"": 1.0, ""delta_speed"": -1.7135099992068774, ""faster_driver_segment"": ""LEC""}"
telemetry_compare,"{""driver_a"": ""RUS"", ""driver_b"": ""LEC"", ""lap_a"": 1, ""lap_b"": 1, ""distance_m"": 980.0, ""speed_a"": 194.88617227979265, ""speed_b"": 192.9323483501439, ""throttle_a"": 0.0, ""throttle_b"": 0.0, ""brake_a"": 1.0, ""brake_b"": 1.0, ""delta_speed"": 1.9538239296487347, ""faster_driver_segment"": ""RUS""}"
telemetry_compare,"{""driver_a"": ""RUS"", ""driver_b"": ""LEC"", ""lap_a"": 1, ""lap_b"": 1, ""distance_m"": 985.0, ""speed_a"": 191.73726755743692, ""speed_b"": 187.55818565730738, ""throttle_a"": 0.0, ""throttle_b"": 0.0, ""brake_a"": 1.0, ""brake_b"": 1.0, ""delta_speed"": 4.179081900129546, ""faster_driver_segment"": ""RUS""}"
telemetry_compare,"{""driver_a"": ""RUS"", ""driver_b"": ""LEC"", ""lap_a"": 1, ""lap_b"": 1, ""distance_m"": 990.0, ""speed_a"": 188.0619371284726, ""speed_b"": 181.92789165159692, ""throttle_a"": 0.0, ""throttle_b"": 0.0, ""brake_a"": 1.0, ""brake_b"": 1.0, ""delta_speed"": 6.134045476875684, ""faster_driver_segment"": ""RUS""}"
telemetry_compare,"{""driver_a"": ""RUS"", ""driver_b"": ""LEC"", ""lap_a"": 1, ""lap_b"": 1, ""distance_m"": 995.0, ""speed_a"": 184.37094473549413, ""speed_b"": 174.4696151369256, ""throttle_a"": 0.0, ""throttle_b"": 0.0, ""brake_a"": 1.0, ""brake_b"": 1.0, ""delta_speed"": 9.901329598568537, ""faster_driver_segment"": ""RUS""}"
telemetry_compare,"{""driver_a"": ""RUS"", ""driver_b"": ""LEC"", ""lap_a"": 1, ""lap_b"": 1, ""distance_m"": 1000.0, ""speed_a"": 180.634294777312, ""speed_b"": 166.847596067791, ""throttle_a"": 0.0, ""throttle_b"": 0.0, ""brake_a"": 1.0, ""brake_b"": 1.0, ""delta_speed"": 13.786698709521005, ""faster_driver_segment"": ""RUS""}"
telemetry_compare,"{""driver_a"": ""RUS"", ""driver_b"": ""LEC"", ""lap_a"": 1, ""lap_b"": 1, ""distance_m"": 1005.0, ""speed_a"": 176.81596077030665, ""speed_b"": 159.21741886775646, ""throttle_a"": 0.0, ""throttle_b"": 0.0, ""brake_a"": 1.0, ""brake_b"": 1.0, ""delta_speed"": 17.59854190255018, ""faster_driver_segment"": ""RUS""}"
telemetry_compare,"{""driver_a"": ""RUS"", ""driver_b"": ""LEC"", ""lap_a"": 1, ""lap_b"": 1, ""distance_m"": 1010.0, ""speed_a"": 172.9976267633013, ""speed_b"": 156.18586853967304, ""throttle_a"": 0.0, ""throttle_b"": 0.0, ""brake_a"": 1.0, ""brake_b"": 1.0, ""delta_speed"": 16.81175822362826, ""faster_driver_segment"": ""RUS""}"
telemetry_compare,"{""driver_a"": ""RUS"", ""driver_b"": ""LEC"", ""lap_a"": 1, ""lap_b"": 1, ""distance_m"": 1015.0, ""speed_a"": 169.1682139077822, ""speed_b"": 151.93594907407393, ""throttle_a"": 0.0, ""throttle_b"": 0.0, ""brake_a"": 1.0, ""brake_b"": 1.0, ""delta_speed"": 17.232264833708257, ""faster_driver_segment"": ""RUS""}"
telemetry_compare,"{""driver_a"": ""RUS"", ""driver_b"": ""LEC"", ""lap_a"": 1, ""lap_b"": 1, ""distance_m"": 1020.0, ""speed_a"": 165.33719805760938, ""speed_b"": 144.01928240740727, ""throttle_a"": 0.0, ""throttle_b"": 0.0, ""brake_a"": 1.0, ""brake_b"": 1.0, ""delta_speed"": 21.31791565020211, ""faster_driver_segment"": ""RUS""}"
telemetry_compare,"{""driver_a"": ""RUS"", ""driver_b"": ""LEC"", ""lap_a"": 1, ""lap_b"": 1, ""distance_m"": 1025.0, ""speed_a"": 161.34189133986914, ""speed_b"": 136.10261574074062, ""throttle_a"": 0.0, ""throttle_b"": 0.0, ""brake_a"": 1.0, ""brake_b"": 1.0, ""delta_speed"": 25.23927559912852, ""faster_driver_segment"": ""RUS""}"
telemetry_compare,"{""driver_a"": ""RUS"", ""driver_b"": ""LEC"", ""lap_a"": 1, ""lap_b"": 1, ""distance_m"": 1030.0, ""speed_a"": 157.29777369281032, ""speed_b"": 128.403449195153, ""throttle_a"": 0.0, ""throttle_b"": 0.0, ""brake_a"": 1.0, ""brake_b"": 1.0, ""delta_speed"": 28.894324497657323, ""faster_driver_segment"": ""RUS""}"
telemetry_compare,"{""driver_a"": ""RUS"", ""driver_b"": ""LEC"", ""lap_a"": 1, ""lap_b"": 1, ""distance_m"": 1035.0, ""speed_a"": 153.2536560457515, ""speed_b"": 120.33500137592233, ""throttle_a"": 0.0, ""throttle_b"": 0.0, ""brake_a"": 1.0, ""brake_b"": 1.0, ""delta_speed"": 32.91865466982918, ""faster_driver_segment"": ""RUS""}"
telemetry_compare,"{""driver_a"": ""RUS"", ""driver_b"": ""LEC"", ""lap_a"": 1, ""lap_b"": 1, ""distance_m"": 1040.0, ""speed_a"": 148.08573035706542, ""speed_b"": 113.0, ""throttle_a"": 0.0, ""throttle_b"": 0.0, ""brake_a"": 1.0, ""brake_b"": 1.0, ""delta_speed"": 35.085730357065415, ""faster_driver_segment"": ""RUS""}"
telemetry_compare,"{""driver_a"": ""RUS"", ""driver_b"": ""LEC"", ""lap_a"": 1, ""lap_b"": 1, ""distance_m"": 1045.0, ""speed_a"": 142.6456520502694, ""speed_b"": 112.8503136072856, ""throttle_a"": 0.0, ""throttle_b"": 0.0, ""brake_a"": 1.0, ""brake_b"": 1.0, ""delta_speed"": 29.795338442983805, ""faster_driver_segment"": ""RUS""}"
telemetry_compare,"{""driver_a"": ""RUS"", ""driver_b"": ""LEC"", ""lap_a"": 1, ""lap_b"": 1, ""distance_m"": 1050.0, ""speed_a"": 137.04021455953944, ""speed_b"": 111.23965197924836, ""throttle_a"": 0.0, ""throttle_b"": 0.0, ""brake_a"": 1.0, ""brake_b"": 0.7298503926067398, ""delta_speed"": 25.80056258029107, ""faster_driver_segment"": ""RUS""}"
telemetry_compare,"{""driver_a"": ""RUS"", ""driver_b"": ""LEC"", ""lap_a"": 1, ""lap_b"": 1, ""distance_m"": 1055.0, ""speed_a"": 131.0792480468748, ""speed_b"": 108.02061424192742, ""throttle_a"": 0.0, ""throttle_b"": 0.3310428620080646, ""brake_a"": 1.0, ""brake_b"": 0.0, ""delta_speed"": 23.058633804947377, ""faster_driver_segment"": ""RUS""}"
telemetry_compare,"{""driver_a"": ""RUS"", ""driver_b"": ""LEC"", ""lap_a"": 1, ""lap_b"": 1, ""distance_m"": 1060.0, ""speed_a"": 125.43993330800765, ""speed_b"": 104.34970778751857, ""throttle_a"": 0.0, ""throttle_b"": 0.7389213569423811, ""brake_a"": 1.0, ""brake_b"": 0.0, ""delta_speed"": 21.090225520489085, ""faster_driver_segment"": ""RUS""}"
telemetry_compare,"{""driver_a"": ""RUS"", ""driver_b"": ""LEC"", ""lap_a"": 1, ""lap_b"": 1, ""distance_m"": 1065.0, ""speed_a"": 120.52683835908795, ""speed_b"": 100.67306122448967, ""throttle_a"": 0.0, ""throttle_b"": 1.0, ""brake_a"": 1.0, ""brake_b"": 1.0, ""delta_speed"": 19.853777134598275, ""faster_driver_segment"": ""RUS""}"
telemetry_compare,"{""driver_a"": ""RUS"", ""driver_b"": ""LEC"", ""lap_a"": 1, ""lap_b"": 1, ""distance_m"": 1070.0, ""speed_a"": 117.30694433275002, ""speed_b"": 97.6848933443179, ""throttle_a"": 0.0, ""throttle_b"": 1.0, ""brake_a"": 1.0, ""brake_b"": 1.0, ""delta_speed"": 19.62205098843212, ""faster_driver_segment"": ""RUS""}"
telemetry_compare,"{""driver_a"": ""RUS"", ""driver_b"": ""LEC"", ""lap_a"": 1, ""lap_b"": 1, ""distance_m"": 1075.0, ""speed_a"": 113.97106092240938, ""speed_b"": 96.61545410593777, ""throttle_a"": 0.0, ""throttle_b"": 6.38364251687121, ""brake_a"": 1.0, ""brake_b"": 0.0, ""delta_speed"": 17.355606816471607, ""faster_driver_segment"": ""RUS""}"
telemetry_compare,"{""driver_a"": ""RUS"", ""driver_b"": ""LEC"", ""lap_a"": 1, ""lap_b"": 1, ""distance_m"": 1080.0, ""speed_a"": 110.27336448598116, ""speed_b"": 96.17703321878582, ""throttle_a"": 0.0, ""throttle_b"": 18.363631156930687, ""brake_a"": 1.0, ""brake_b"": 0.0, ""delta_speed"": 14.096331267195339, ""faster_driver_segment"": ""RUS""}"
telemetry_compare,"{""driver_a"": ""RUS"", ""driver_b"": ""LEC"", ""lap_a"": 1, ""lap_b"": 1, ""distance_m"": 1085.0, ""speed_a"": 106.28609374664617, ""speed_b"": 96.6924971363116, ""throttle_a"": 0.0, ""throttle_b"": 28.157445589920332, ""brake_a"": 1.0, ""brake_b"": 0.0, ""delta_speed"": 9.593596610334572, ""faster_driver_segment"": ""RUS""}"
telemetry_compare,"{""driver_a"": ""RUS"", ""driver_b"": ""LEC"", ""lap_a"": 1, ""lap_b"": 1, ""distance_m"": 1090.0, ""speed_a"": 103.47159214408599, ""speed_b"": 97.37054550703557, ""throttle_a"": 0.0, ""throttle_b"": 34.0, ""brake_a"": 1.0, ""brake_b"": 0.0, ""delta_speed"": 6.101046637050416, ""faster_driver_segment"": ""RUS""}"
telemetry_compare,"{""driver_a"": ""RUS"", ""driver_b"": ""LEC"", ""lap_a"": 1, ""lap_b"": 1, ""distance_m"": 1095.0, ""speed_a"": 102.73164682539694, ""speed_b"": 98.0, ""throttle_a"": 0.0, ""throttle_b"": 36.90144635981091, ""brake_a"": 1.0, ""brake_b"": 0.0, ""delta_speed"": 4.731646825396936, ""faster_driver_segment"": ""RUS""}"
telemetry_compare,"{""driver_a"": ""RUS"", ""driver_b"": ""LEC"", ""lap_a"": 1, ""lap_b"": 1, ""distance_m"": 1100.0, ""speed_a"": 107.19593253968263, ""speed_b"": 99.95193900620218, ""throttle_a"": 0.0, ""throttle_b"": 44.16882111800243, ""brake_a"": 1.0, ""brake_b"": 0.0, ""delta_speed"": 7.243993533480449, ""faster_driver_segment"": ""RUS""}"
telemetry_compare,"{""driver_a"": ""RUS"", ""driver_b"": ""LEC"", ""lap_a"": 1, ""lap_b"": 1, ""distance_m"": 1105.0, ""speed_a"": 111.66021825396832, ""speed_b"": 104.11158106406586, ""throttle_a"": 0.0, ""throttle_b"": 48.79064562673984, ""brake_a"": 1.0, ""brake_b"": 0.0, ""delta_speed"": 7.548637189902465, ""faster_driver_segment"": ""RUS""}"
telemetry_compare,"{""driver_a"": ""RUS"", ""driver_b"": ""LEC"", ""lap_a"": 1, ""lap_b"": 1, ""distance_m"": 1110.0, ""speed_a"": 92.8172215605655, ""speed_b"": 108.21618514992969, ""throttle_a"": 0.0, ""throttle_b"": 52.912138862447264, ""brake_a"": 1.0, ""brake_b"": 0.0, ""delta_speed"": -15.398963589364186, ""faster_driver_segment"": ""LEC""}"
telemetry_compare,"{""driver_a"": ""RUS"", ""driver_b"": ""LEC"", ""lap_a"": 1, ""lap_b"": 1, ""distance_m"": 1115.0, ""speed_a"": 90.5818154661094, ""speed_b"": 112.14701911897049, ""throttle_a"": 0.9558503631785104, ""throttle_b"": 55.86026433922786, ""brake_a"": 1.0, ""brake_b"": 0.0, ""delta_speed"": -21.565203652861086, ""faster_driver_segment"": ""LEC""}"
telemetry_compare,"{""driver_a"": ""RUS"", ""driver_b"": ""LEC"", ""lap_a"": 1, ""lap_b"": 1, ""distance_m"": 1120.0, ""speed_a"": 86.42763176945309, ""speed_b"": 116.46478117303876, ""throttle_a"": 10.451127384107236, ""throttle_b"": 60.197171759558124, ""brake_a"": 0.45732477335667654, ""brake_b"": 0.0, ""delta_speed"": -30.037149403585673, ""faster_driver_segment"": ""LEC""}"
telemetry_compare,"{""driver_a"": ""RUS"", ""driver_b"": ""LEC"", ""lap_a"": 1, ""lap_b"": 1, ""distance_m"": 1125.0, ""speed_a"": 85.09931215606306, ""speed_b"": 121.72767891282115, ""throttle_a"": 18.473452351141894, ""throttle_b"": 66.75744036239296, ""brake_a"": 0.0, ""brake_b"": 0.0, ""delta_speed"": -36.62836675675808, ""faster_driver_segment"": ""LEC""}"
telemetry_compare,"{""driver_a"": ""RUS"", ""driver_b"": ""LEC"", ""lap_a"": 1, ""lap_b"": 1, ""distance_m"": 1130.0, ""speed_a"": 87.64275883960498, ""speed_b"": 125.69443252601793, ""throttle_a"": 24.196207389111194, ""throttle_b"": 65.43518915799402, ""brake_a"": 0.0, ""brake_b"": 0.0, ""delta_speed"": -38.051673686412954, ""faster_driver_segment"": ""LEC""}"
telemetry_compare,"{""driver_a"": ""RUS"", ""driver_b"": ""LEC"", ""lap_a"": 1, ""lap_b"": 1, ""distance_m"": 1135.0, ""speed_a"": 88.40831025490942, ""speed_b"": 129.51894760401842, ""throttle_a"": 32.54441367321256, ""throttle_b"": 64.16035079866053, ""brake_a"": 0.0, ""brake_b"": 0.0, ""delta_speed"": -41.110637349109, ""faster_driver_segment"": ""LEC""}"
telemetry_compare,"{""driver_a"": ""RUS"", ""driver_b"": ""LEC"", ""lap_a"": 1, ""lap_b"": 1, ""distance_m"": 1140.0, ""speed_a"": 93.69578118179001, ""speed_b"": 134.2103049597786, ""throttle_a"": 39.59437490905335, ""throttle_b"": 64.0, ""brake_a"": 0.0, ""brake_b"": 0.0, ""delta_speed"": -40.514523777988586, ""faster_driver_segment"": ""LEC""}"
telemetry_compare,"{""driver_a"": ""RUS"", ""driver_b"": ""LEC"", ""lap_a"": 1, ""lap_b"": 1, ""distance_m"": 1145.0, ""speed_a"": 97.99465553219505, ""speed_b"": 138.9252996038027, ""throttle_a"": 44.79572442575604, ""throttle_b"": 64.0, ""brake_a"": 0.0, ""brake_b"": 0.0, ""delta_speed"": -40.930644071607645, ""faster_driver_segment"": ""LEC""}"
telemetry_compare,"{""driver_a"": ""RUS"", ""driver_b"": ""LEC"", ""lap_a"": 1, ""lap_b"": 1, ""distance_m"": 1150.0, ""speed_a"": 100.74028985499919, ""speed_b"": 142.0, ""throttle_a"": 46.992231883999345, ""throttle_b"": 65.41234861704315, ""brake_a"": 0.0, ""brake_b"": 0.0, ""delta_speed"": -41.25971014500081, ""faster_driver_segment"": ""LEC""}"
telemetry_compare,"{""driver_a"": ""RUS"", ""driver_b"": ""LEC"", ""lap_a"": 1, ""lap_b"": 1, ""distance_m"": 1155.0, ""speed_a"": 105.78144658368339, ""speed_b"": 142.0, ""throttle_a"": 48.0, ""throttle_b"": 69.48583948269103, ""brake_a"": 0.0, ""brake_b"": 0.0, ""delta_speed"": -36.21855341631661, ""faster_driver_segment"": ""LEC""}"
telemetry_compare,"{""driver_a"": ""RUS"", ""driver_b"": ""LEC"", ""lap_a"": 1, ""lap_b"": 1, ""distance_m"": 1160.0, ""speed_a"": 112.4760374193026, ""speed_b"": 142.0, ""throttle_a"": 48.0, ""throttle_b"": 70.70943661971778, ""brake_a"": 0.0, ""brake_b"": 0.9119014084506838, ""delta_speed"": -29.5239625806974, ""faster_driver_segment"": ""LEC""}"
telemetry_compare,"{""driver_a"": ""RUS"", ""driver_b"": ""LEC"", ""lap_a"": 1, ""lap_b"": 1, ""distance_m"": 1165.0, ""speed_a"": 117.98884297520684, ""speed_b"": 142.0, ""throttle_a"": 55.97768595041369, ""throttle_b"": 54.23056338028121, ""brake_a"": 0.0, ""brake_b"": 0.2780985915492774, ""delta_speed"": -24.011157024793164, ""faster_driver_segment"": ""LEC""}"
telemetry_compare,"{""driver_a"": ""RUS"", ""driver_b"": ""LEC"", ""lap_a"": 1, ""lap_b"": 1, ""distance_m"": 1170.0, ""speed_a"": 121.0, ""speed_b"": 142.58465203474597, ""throttle_a"": 62.53149114871696, ""throttle_b"": 34.13765523558833, ""brake_a"": 0.0, ""brake_b"": 0.0, ""delta_speed"": -21.58465203474597, ""faster_driver_segment"": ""LEC""}"
telemetry_compare,"{""driver_a"": ""RUS"", ""driver_b"": ""LEC"", ""lap_a"": 1, ""lap_b"": 1, ""distance_m"": 1175.0, ""speed_a"": 121.0, ""speed_b"": 143.62629618120513, ""throttle_a"": 63.76545602526256, ""throttle_b"": 11.221484013487263, ""brake_a"": 0.0, ""brake_b"": 0.6653395440901237, ""delta_speed"": -22.626296181205134, ""faster_driver_segment"": ""LEC""}"
telemetry_compare,"{""driver_a"": ""RUS"", ""driver_b"": ""LEC"", ""lap_a"": 1, ""lap_b"": 1, ""distance_m"": 1180.0, ""speed_a"": 129.11729860052142, ""speed_b"": 142.77720636267395, ""throttle_a"": 64.0, ""throttle_b"": 5.445587274652076, ""brake_a"": 0.0, ""brake_b"": 1.0, ""delta_speed"": -13.659907762152528, ""faster_driver_segment"": ""LEC""}"
telemetry_compare,"{""driver_a"": ""RUS"", ""driver_b"": ""LEC"", ""lap_a"": 1, ""lap_b"": 1, ""distance_m"": 1185.0, ""speed_a"": 136.3194389107119, ""speed_b"": 140.91883558700124, ""throttle_a"": 64.0, ""throttle_b"": 9.629024200740423, ""brake_a"": 0.0, ""brake_b"": 1.0, ""delta_speed"": -4.599396676289331, ""faster_driver_segment"": ""LEC""}"
telemetry_compare,"{""driver_a"": ""RUS"", ""driver_b"": ""LEC"", ""lap_a"": 1, ""lap_b"": 1, ""distance_m"": 1190.0, ""speed_a"": 137.39418664768644, ""speed_b"": 139.8301921935754, ""throttle_a"": 64.0, ""throttle_b"": 18.06601049979054, ""brake_a"": 0.0, ""brake_b"": 1.0, ""delta_speed"": -2.4360055458889747, ""faster_driver_segment"": ""LEC""}"
telemetry_compare,"{""driver_a"": ""RUS"", ""driver_b"": ""LEC"", ""lap_a"": 1, ""lap_b"": 1, ""distance_m"": 1195.0, ""speed_a"": 138.46761245541683, ""speed_b"": 138.7341031051806, ""throttle_a"": 64.0, ""throttle_b"": 26.560700934850452, ""brake_a"": 0.0, ""brake_b"": 0.7606546833162114, ""delta_speed"": -0.26649064976376735, ""faster_driver_segment"": ""LEC""}"
telemetry_compare,"{""driver_a"": ""RUS"", ""driver_b"": ""LEC"", ""lap_a"": 1, ""lap_b"": 1, ""distance_m"": 1200.0, ""speed_a"": 139.54046254497334, ""speed_b"": 137.63039899665364, ""throttle_a"": 64.0, ""throttle_b"": 35.114407775934325, ""brake_a"": 0.0, ""brake_b"": 0.2765210140792016, ""delta_speed"": 1.9100635483196982, ""faster_driver_segment"": ""RUS""}"
telemetry_compare,"{""driver_a"": ""RUS"", ""driver_b"": ""LEC"", ""lap_a"": 1, ""lap_b"": 1, ""distance_m"": 1205.0, ""speed_a"": 139.25540000783087, ""speed_b"": 137.0, ""throttle_a"": 40.17280025058812, ""throttle_b"": 42.260577174368755, ""brake_a"": 0.0, ""brake_b"": 0.0, ""delta_speed"": 2.255400007830872, ""faster_driver_segment"": ""RUS""}"
telemetry_compare,"{""driver_a"": ""RUS"", ""driver_b"": ""LEC"", ""lap_a"": 1, ""lap_b"": 1, ""distance_m"": 1210.0, ""speed_a"": 137.9520833333333, ""speed_b"": 137.0, ""throttle_a"": 0.0, ""throttle_b"": 47.51661449440384, ""brake_a"": 0.0, ""brake_b"": 0.0, ""delta_speed"": 0.9520833333332916, ""faster_driver_segment"": ""RUS""}"
telemetry_compare,"{""driver_a"": ""RUS"", ""driver_b"": ""LEC"", ""lap_a"": 1, ""lap_b"": 1, ""distance_m"": 1215.0, ""speed_a"": 136.7020833333333, ""speed_b"": 139.47901475694448, ""throttle_a"": 0.0, ""throttle_b"": 49.41657986111114, ""brake_a"": 0.0, ""brake_b"": 0.0, ""delta_speed"": -2.776931423611188, ""faster_driver_segment"": ""LEC""}"
telemetry_compare,"{""driver_a"": ""RUS"", ""driver_b"": ""LEC"", ""lap_a"": 1, ""lap_b"": 1, ""distance_m"": 1220.0, ""speed_a"": 135.4520833333333, ""speed_b"": 142.2133897569445, ""throttle_a"": 0.0, ""throttle_b"": 50.97907986111114, ""brake_a"": 0.0, ""brake_b"": 0.0, ""delta_speed"": -6.761306423611217, ""faster_driver_segment"": ""LEC""}"
telemetry_compare,"{""driver_a"": ""RUS"", ""driver_b"": ""LEC"", ""lap_a"": 1, ""lap_b"": 1, ""distance_m"": 1225.0, ""speed_a"": 134.46271827958978, ""speed_b"": 144.53617914137615, ""throttle_a"": 0.0, ""throttle_b"": 52.0, ""brake_a"": 0.0, ""brake_b"": 0.0, ""delta_speed"": -10.073460861786373, ""faster_driver_segment"": ""LEC""}"
telemetry_compare,"{""driver_a"": ""RUS"", ""driver_b"": ""LEC"", ""lap_a"": 1, ""lap_b"": 1, ""distance_m"": 1230.0, ""speed_a"": 134.49009173380358, ""speed_b"": 146.14605478305583, ""throttle_a"": 4.410825604232171, ""throttle_b"": 52.41382188532484, ""brake_a"": 0.0, ""brake_b"": 0.0, ""delta_speed"": -11.65596304925225, ""faster_driver_segment"": ""LEC""}"
telemetry_compare,"{""driver_a"": ""RUS"", ""driver_b"": ""LEC"", ""lap_a"": 1, ""lap_b"": 1, ""distance_m"": 1235.0, ""speed_a"": 135.59203249916618, ""speed_b"": 149.13693771252454, ""throttle_a"": 14.328292492495505, ""throttle_b"": 60.88799018548616, ""brake_a"": 0.0, ""brake_b"": 0.0, ""delta_speed"": -13.544905213358362, ""faster_driver_segment"": ""LEC""}"
telemetry_compare,"{""driver_a"": ""RUS"", ""driver_b"": ""LEC"", ""lap_a"": 1, ""lap_b"": 1, ""distance_m"": 1240.0, ""speed_a"": 132.7086538461537, ""speed_b"": 152.09469936708868, ""throttle_a"": 8.125961538461125, ""throttle_b"": 68.84216772151889, ""brake_a"": 0.0, ""brake_b"": 0.0, ""delta_speed"": -19.38604552093497, ""faster_driver_segment"": ""LEC""}"
telemetry_compare,"{""driver_a"": ""RUS"", ""driver_b"": ""LEC"", ""lap_a"": 1, ""lap_b"": 1, ""distance_m"": 1245.0, ""speed_a"": 130.8150199659279, ""speed_b"": 156.3668512658229, ""throttle_a"": 7.946444667796952, ""throttle_b"": 61.72191455696183, ""brake_a"": 0.0, ""brake_b"": 0.0, ""delta_speed"": -25.551831299895014, ""faster_driver_segment"": ""LEC""}"
telemetry_compare,"{""driver_a"": ""RUS"", ""driver_b"": ""LEC"", ""lap_a"": 1, ""lap_b"": 1, ""distance_m"": 1250.0, ""speed_a"": 132.49361107685846, ""speed_b"": 158.65581203983805, ""throttle_a"": 24.312707999370026, ""throttle_b"": 67.74416053117409, ""brake_a"": 0.0, ""brake_b"": 0.0, ""delta_speed"": -26.162200962979597, ""faster_driver_segment"": ""LEC""}"
telemetry_compare,"{""driver_a"": ""RUS"", ""driver_b"": ""LEC"", ""lap_a"": 1, ""lap_b"": 1, ""distance_m"": 1255.0, ""speed_a"": 134.1190092960684, ""speed_b"": 159.7051305655404, ""throttle_a"": 39.63471624569818, ""throttle_b"": 81.73507420720539, ""brake_a"": 0.0, ""brake_b"": 0.0, ""delta_speed"": -25.586121269471988, ""faster_driver_segment"": ""LEC""}"
telemetry_compare,"{""driver_a"": ""RUS"", ""driver_b"": ""LEC"", ""lap_a"": 1, ""lap_b"": 1, ""distance_m"": 1260.0, ""speed_a"": 135.35725630718406, ""speed_b"": 160.74844787138255, ""throttle_a"": 46.23870030498166, ""throttle_b"": 95.64597161843413, ""brake_a"": 0.0, ""brake_b"": 0.0, ""delta_speed"": -25.391191564198493, ""faster_driver_segment"": ""LEC""}"
telemetry_compare,"{""driver_a"": ""RUS"", ""driver_b"": ""LEC"", ""lap_a"": 1, ""lap_b"": 1, ""distance_m"": 1265.0, ""speed_a"": 136.5876352910224, ""speed_b"": 164.21165082781448, ""throttle_a"": 52.80072155211942, ""throttle_b"": 99.24705006367803, ""brake_a"": 0.0, ""brake_b"": 0.0, ""delta_speed"": -27.624015536792086, ""faster_driver_segment"": ""LEC""}"
telemetry_compare,"{""driver_a"": ""RUS"", ""driver_b"": ""LEC"", ""lap_a"": 1, ""lap_b"": 1, ""distance_m"": 1270.0, ""speed_a"": 138.67813415193555, ""speed_b"": 168.4626777342531, ""throttle_a"": 60.03440245580667, ""throttle_b"": 99.57405213340408, ""brake_a"": 0.0, ""brake_b"": 0.0, ""delta_speed"": -29.784543582317554, ""faster_driver_segment"": ""LEC""}"
telemetry_compare,"{""driver_a"": ""RUS"", ""driver_b"": ""LEC"", ""lap_a"": 1, ""lap_b"": 1, ""distance_m"": 1275.0, ""speed_a"": 141.0, ""speed_b"": 172.62215816575744, ""throttle_a"": 67.0, ""throttle_b"": 99.89401216659672, ""brake_a"": 0.0, ""brake_b"": 0.0, ""delta_speed"": -31.62215816575744, ""faster_driver_segment"": ""LEC""}"
telemetry_compare,"{""driver_a"": ""RUS"", ""driver_b"": ""LEC"", ""lap_a"": 1, ""lap_b"": 1, ""distance_m"": 1280.0, ""speed_a"": 141.0, ""speed_b"": 177.2227449707983, ""throttle_a"": 67.0, ""throttle_b"": 100.0, ""brake_a"": 0.0, ""brake_b"": 0.0, ""delta_speed"": -36.22274497079829, ""faster_driver_segment"": ""LEC""}"
telemetry_compare,"{""driver_a"": ""RUS"", ""driver_b"": ""LEC"", ""lap_a"": 1, ""lap_b"": 1, ""distance_m"": 1285.0, ""speed_a"": 145.5403439433415, ""speed_b"": 182.0897144711228, ""throttle_a"": 67.34925722641088, ""throttle_b"": 100.0, ""brake_a"": 0.0, ""brake_b"": 0.0, ""delta_speed"": -36.54937052778129, ""faster_driver_segment"": ""LEC""}"
telemetry_compare,"{""driver_a"": ""RUS"", ""driver_b"": ""LEC"", ""lap_a"": 1, ""lap_b"": 1, ""distance_m"": 1290.0, ""speed_a"": 150.97078383549865, ""speed_b"": 185.0964237967915, ""throttle_a"": 67.76698337196143, ""throttle_b"": 100.0, ""brake_a"": 0.0, ""brake_b"": 0.0, ""delta_speed"": -34.12563996129285, ""faster_driver_segment"": ""LEC""}"
telemetry_compare,"{""driver_a"": ""RUS"", ""driver_b"": ""LEC"", ""lap_a"": 1, ""lap_b"": 1, ""distance_m"": 1295.0, ""speed_a"": 155.87325902014328, ""speed_b"": 186.90123663101608, ""throttle_a"": 70.04355529470176, ""throttle_b"": 100.0, ""brake_a"": 0.0, ""brake_b"": 0.0, ""delta_speed"": -31.027977610872796, ""faster_driver_segment"": ""LEC""}"
telemetry_compare,"{""driver_a"": ""RUS"", ""driver_b"": ""LEC"", ""lap_a"": 1, ""lap_b"": 1, ""distance_m"": 1300.0, ""speed_a"": 160.15825868497663, ""speed_b"": 189.19877032833716, ""throttle_a"": 74.71810038361087, ""throttle_b"": 100.0, ""brake_a"": 0.0, ""brake_b"": 0.0, ""delta_speed"": -29.04051164336053, ""faster_driver_segment"": ""LEC""}"
telemetry_compare,"{""driver_a"": ""RUS"", ""driver_b"": ""LEC"", ""lap_a"": 1, ""lap_b"": 1, ""distance_m"": 1305.0, ""speed_a"": 164.44325834981, ""speed_b"": 191.5203568035817, ""throttle_a"": 79.39264547251999, ""throttle_b"": 100.0, ""brake_a"": 0.0, ""brake_b"": 0.0, ""delta_speed"": -27.077098453771697, ""faster_driver_segment"": ""LEC""}"
telemetry_compare,"{""driver_a"": ""RUS"", ""driver_b"": ""LEC"", ""lap_a"": 1, ""lap_b"": 1, ""distance_m"": 1310.0, ""speed_a"": 165.0, ""speed_b"": 193.83683514065694, ""throttle_a"": 91.87045454545581, ""throttle_b"": 100.0, ""brake_a"": 0.0, ""brake_b"": 0.0, ""delta_speed"": -28.836835140656945, ""faster_driver_segment"": ""LEC""}"
telemetry_compare,"{""driver_a"": ""RUS"", ""driver_b"": ""LEC"", ""lap_a"": 1, ""lap_b"": 1, ""distance_m"": 1315.0, ""speed_a"": 167.85789800681238, ""speed_b"": 197.19969819883505, ""throttle_a"": 100.0, ""throttle_b"": 100.0, ""brake_a"": 0.0, ""brake_b"": 0.0, ""delta_speed"": -29.341800192022674, ""faster_driver_segment"": ""LEC""}"
telemetry_compare,"{""driver_a"": ""RUS"", ""driver_b"": ""LEC"", ""lap_a"": 1, ""lap_b"": 1, ""distance_m"": 1320.0, ""speed_a"": 174.9348224974728, ""speed_b"": 200.6495075776329, ""throttle_a"": 100.0, ""throttle_b"": 100.0, ""brake_a"": 0.0, ""brake_b"": 0.0, ""delta_speed"": -25.71468508016011, ""faster_driver_segment"": ""LEC""}"
telemetry_compare,"{""driver_a"": ""RUS"", ""driver_b"": ""LEC"", ""lap_a"": 1, ""lap_b"": 1, ""distance_m"": 1325.0, ""speed_a"": 180.4121621049243, ""speed_b"": 204.09931695643078, ""throttle_a"": 100.0, ""throttle_b"": 100.0, ""brake_a"": 0.0, ""brake_b"": 0.0, ""delta_speed"": -23.687154851506477, ""faster_driver_segment"": ""LEC""}"
telemetry_compare,"{""driver_a"": ""RUS"", ""driver_b"": ""LEC"", ""lap_a"": 1, ""lap_b"": 1, ""distance_m"": 1330.0, ""speed_a"": 183.81541794755825, ""speed_b"": 205.0, ""throttle_a"": 100.0, ""throttle_b"": 100.0, ""brake_a"": 0.0, ""brake_b"": 0.0, ""delta_speed"": -21.184582052441755, ""faster_driver_segment"": ""LEC""}"
telemetry_compare,"{""driver_a"": ""RUS"", ""driver_b"": ""LEC"", ""lap_a"": 1, ""lap_b"": 1, ""distance_m"": 1335.0, ""speed_a"": 187.2186737901922, ""speed_b"": 205.0, ""throttle_a"": 100.0, ""throttle_b"": 100.0, ""brake_a"": 0.0, ""brake_b"": 0.0, ""delta_speed"": -17.781326209807787, ""faster_driver_segment"": ""LEC""}"
telemetry_compare,"{""driver_a"": ""RUS"", ""driver_b"": ""LEC"", ""lap_a"": 1, ""lap_b"": 1, ""distance_m"": 1340.0, ""speed_a"": 190.10738341968937, ""speed_b"": 206.58272960254206, ""throttle_a"": 100.0, ""throttle_b"": 100.0, ""brake_a"": 0.0, ""brake_b"": 0.0, ""delta_speed"": -16.47534618285269, ""faster_driver_segment"": ""LEC""}"
telemetry_compare,"{""driver_a"": ""RUS"", ""driver_b"": ""LEC"", ""lap_a"": 1, ""lap_b"": 1, ""distance_m"": 1345.0, ""speed_a"": 192.43898963730595, ""speed_b"": 208.30986708940205, ""throttle_a"": 100.0, ""throttle_b"": 100.0, ""brake_a"": 0.0, ""brake_b"": 0.0, ""delta_speed"": -15.870877452096096, ""faster_driver_segment"": ""LEC""}"
telemetry_compare,"{""driver_a"": ""RUS"", ""driver_b"": ""LEC"", ""lap_a"": 1, ""lap_b"": 1, ""distance_m"": 1350.0, ""speed_a"": 195.635803687693, ""speed_b"": 210.40904331449389, ""throttle_a"": 100.0, ""throttle_b"": 100.0, ""brake_a"": 0.0, ""brake_b"": 0.0, ""delta_speed"": -14.773239626800887, ""faster_driver_segment"": ""LEC""}"
telemetry_compare,"{""driver_a"": ""RUS"", ""driver_b"": ""LEC"", ""lap_a"": 1, ""lap_b"": 1, ""distance_m"": 1355.0, ""speed_a"": 199.10675740621429, ""speed_b"": 212.7805047133616, ""throttle_a"": 100.0, ""throttle_b"": 100.0, ""brake_a"": 0.0, ""brake_b"": 0.0, ""delta_speed"": -13.673747307147323, ""faster_driver_segment"": ""LEC""}"
telemetry_compare,"{""driver_a"": ""RUS"", ""driver_b"": ""LEC"", ""lap_a"": 1, ""lap_b"": 1, ""distance_m"": 1360.0, ""speed_a"": 202.57771112473554, ""speed_b"": 215.1519661122293, ""throttle_a"": 100.0, ""throttle_b"": 100.0, ""brake_a"": 0.0, ""brake_b"": 0.0, ""delta_speed"": -12.57425498749376, ""faster_driver_segment"": ""LEC""}"
telemetry_compare,"{""driver_a"": ""RUS"", ""driver_b"": ""LEC"", ""lap_a"": 1, ""lap_b"": 1, ""distance_m"": 1365.0, ""speed_a"": 204.64010922330107, ""speed_b"": 217.44513574660633, ""throttle_a"": 100.0, ""throttle_b"": 100.0, ""brake_a"": 0.0, ""brake_b"": 0.0, ""delta_speed"": -12.805026523305258, ""faster_driver_segment"": ""LEC""}"
telemetry_compare,"{""driver_a"": ""RUS"", ""driver_b"": ""LEC"", ""lap_a"": 1, ""lap_b"": 1, ""distance_m"": 1370.0, ""speed_a"": 205.7323422330098, ""speed_b"": 219.48133484162895, ""throttle_a"": 100.0, ""throttle_b"": 100.0, ""brake_a"": 0.0, ""brake_b"": 0.0, ""delta_speed"": -13.748992608619147, ""faster_driver_segment"": ""LEC""}"
telemetry_compare,"{""driver_a"": ""RUS"", ""driver_b"": ""LEC"", ""lap_a"": 1, ""lap_b"": 1, ""distance_m"": 1375.0, ""speed_a"": 206.81343918761385, ""speed_b"": 221.14651818803654, ""throttle_a"": 100.0, ""throttle_b"": 100.0, ""brake_a"": 0.0, ""brake_b"": 0.0, ""delta_speed"": -14.333079000422686, ""faster_driver_segment"": ""LEC""}"
telemetry_compare,"{""driver_a"": ""RUS"", ""driver_b"": ""LEC"", ""lap_a"": 1, ""lap_b"": 1, ""distance_m"": 1380.0, ""speed_a"": 207.88964969930214, ""speed_b"": 221.72298319014752, ""throttle_a"": 100.0, ""throttle_b"": 100.0, ""brake_a"": 0.0, ""brake_b"": 0.0, ""delta_speed"": -13.833333490845376, ""faster_driver_segment"": ""LEC""}"
telemetry_compare,"{""driver_a"": ""RUS"", ""driver_b"": ""LEC"", ""lap_a"": 1, ""lap_b"": 1, ""distance_m"": 1385.0, ""speed_a"": 208.9658602109904, ""speed_b"": 222.29944819225852, ""throttle_a"": 100.0, ""throttle_b"": 100.0, ""brake_a"": 0.0, ""brake_b"": 0.0, ""delta_speed"": -13.333587981268124, ""faster_driver_segment"": ""LEC""}"
telemetry_compare,"{""driver_a"": ""RUS"", ""driver_b"": ""LEC"", ""lap_a"": 1, ""lap_b"": 1, ""distance_m"": 1390.0, ""speed_a"": 211.03432402943594, ""speed_b"": 222.87605875069008, ""throttle_a"": 100.0, ""throttle_b"": 100.0, ""brake_a"": 0.0, ""brake_b"": 0.0, ""delta_speed"": -11.841734721254142, ""faster_driver_segment"": ""LEC""}"
telemetry_compare,"{""driver_a"": ""RUS"", ""driver_b"": ""LEC"", ""lap_a"": 1, ""lap_b"": 1, ""distance_m"": 1395.0, ""speed_a"": 213.09032793571654, ""speed_b"": 223.0, ""throttle_a"": 100.0, ""throttle_b"": 100.0, ""brake_a"": 0.0, ""brake_b"": 0.0, ""delta_speed"": -9.909672064283455, ""faster_driver_segment"": ""LEC""}"
telemetry_compare,"{""driver_a"": ""RUS"", ""driver_b"": ""LEC"", ""lap_a"": 1, ""lap_b"": 1, ""distance_m"": 1400.0, ""speed_a"": 215.14310480866038, ""speed_b"": 223.0, ""throttle_a"": 100.0, ""throttle_b"": 100.0, ""brake_a"": 0.0, ""brake_b"": 0.0, ""delta_speed"": -7.856895191339618, ""faster_driver_segment"": ""LEC""}"
telemetry_compare,"{""driver_a"": ""RUS"", ""driver_b"": ""LEC"", ""lap_a"": 1, ""lap_b"": 1, ""distance_m"": 1405.0, ""speed_a"": 217.19588168160422, ""speed_b"": 224.58007888665963, ""throttle_a"": 100.0, ""throttle_b"": 89.72948723671247, ""brake_a"": 0.0, ""brake_b"": 0.0, ""delta_speed"": -7.384197205055415, ""faster_driver_segment"": ""LEC""}"
telemetry_compare,"{""driver_a"": ""RUS"", ""driver_b"": ""LEC"", ""lap_a"": 1, ""lap_b"": 1, ""distance_m"": 1410.0, ""speed_a"": 219.2356695707188, ""speed_b"": 226.54424578062643, ""throttle_a"": 69.10826073202973, ""throttle_b"": 76.96240242592825, ""brake_a"": 0.0, ""brake_b"": 0.0, ""delta_speed"": -7.3085762099076135, ""faster_driver_segment"": ""LEC""}"
telemetry_compare,"{""driver_a"": ""RUS"", ""driver_b"": ""LEC"", ""lap_a"": 1, ""lap_b"": 1, ""distance_m"": 1415.0, ""speed_a"": 221.2613910715727, ""speed_b"": 228.50841267459322, ""throttle_a"": 18.465223210682527, ""throttle_b"": 64.19531761514403, ""brake_a"": 0.0, ""brake_b"": 0.0, ""delta_speed"": -7.247021603020528, ""faster_driver_segment"": ""LEC""}"
telemetry_compare,"{""driver_a"": ""RUS"", ""driver_b"": ""LEC"", ""lap_a"": 1, ""lap_b"": 1, ""distance_m"": 1420.0, ""speed_a"": 222.0, ""speed_b"": 229.0, ""throttle_a"": 0.0, ""throttle_b"": 59.367480259771376, ""brake_a"": 0.0, ""brake_b"": 0.0, ""delta_speed"": -7.0, ""faster_driver_segment"": ""LEC""}"
telemetry_compare,"{""driver_a"": ""RUS"", ""driver_b"": ""LEC"", ""lap_a"": 1, ""lap_b"": 1, ""distance_m"": 1425.0, ""speed_a"": 222.0, ""speed_b"": 229.0, ""throttle_a"": 0.0, ""throttle_b"": 57.18499241947179, ""brake_a"": 0.0, ""brake_b"": 0.0, ""delta_speed"": -7.0, ""faster_driver_segment"": ""LEC""}"
telemetry_compare,"{""driver_a"": ""RUS"", ""driver_b"": ""LEC"", ""lap_a"": 1, ""lap_b"": 1, ""distance_m"": 1430.0, ""speed_a"": 221.65263761467875, ""speed_b"": 229.0, ""throttle_a"": 0.0, ""throttle_b"": 54.99969722758855, ""brake_a"": 0.0, ""brake_b"": 0.0, ""delta_speed"": -7.347362385321247, ""faster_driver_segment"": ""LEC""}"
telemetry_compare,"{""driver_a"": ""RUS"", ""driver_b"": ""LEC"", ""lap_a"": 1, ""lap_b"": 1, ""distance_m"": 1435.0, ""speed_a"": 219.58841743119245, ""speed_b"": 229.0, ""throttle_a"": 0.0, ""throttle_b"": 52.81440203570531, ""brake_a"": 0.0, ""brake_b"": 0.0, ""delta_speed"": -9.411582568807546, ""faster_driver_segment"": ""LEC""}"
telemetry_compare,"{""driver_a"": ""RUS"", ""driver_b"": ""LEC"", ""lap_a"": 1, ""lap_b"": 1, ""distance_m"": 1440.0, ""speed_a"": 218.0, ""speed_b"": 228.916305838569, ""throttle_a"": 2.2602616068648604, ""throttle_b"": 52.17171826003404, ""brake_a"": 0.0, ""brake_b"": 0.0, ""delta_speed"": -10.916305838569002, ""faster_driver_segment"": ""LEC""}"
telemetry_compare,"{""driver_a"": ""RUS"", ""driver_b"": ""LEC"", ""lap_a"": 1, ""lap_b"": 1, ""distance_m"": 1445.0, ""speed_a"": 218.0, ""speed_b"": 228.4229395544833, ""throttle_a"": 12.066168794993638, ""throttle_b"": 59.07884623723384, ""brake_a"": 0.0, ""brake_b"": 0.0, ""delta_speed"": -10.422939554483293, ""faster_driver_segment"": ""LEC""}"
telemetry_compare,"{""driver_a"": ""RUS"", ""driver_b"": ""LEC"", ""lap_a"": 1, ""lap_b"": 1, ""distance_m"": 1450.0, ""speed_a"": 218.0, ""speed_b"": 228.0, ""throttle_a"": 17.564844772142592, ""throttle_b"": 65.67764931305116, ""brake_a"": 0.0, ""brake_b"": 0.0, ""delta_speed"": -10.0, ""faster_driver_segment"": ""LEC""}"
telemetry_compare,"{""driver_a"": ""RUS"", ""driver_b"": ""LEC"", ""lap_a"": 1, ""lap_b"": 1, ""distance_m"": 1455.0, ""speed_a"": 218.0, ""speed_b"": 228.0, ""throttle_a"": 12.662055988421507, ""throttle_b"": 70.4146153848648, ""brake_a"": 0.0, ""brake_b"": 0.0, ""delta_speed"": -10.0, ""faster_driver_segment"": ""LEC""}"
telemetry_compare,"{""driver_a"": ""RUS"", ""driver_b"": ""LEC"", ""lap_a"": 1, ""lap_b"": 1, ""distance_m"": 1460.0, ""speed_a"": 218.0, ""speed_b"": 228.0, ""throttle_a"": 7.759423189966476, ""throttle_b"": 75.15144996633576, ""brake_a"": 0.0, ""brake_b"": 0.0, ""delta_speed"": -10.0, ""faster_driver_segment"": ""LEC""}"
telemetry_compare,"{""driver_a"": ""RUS"", ""driver_b"": ""LEC"", ""lap_a"": 1, ""lap_b"": 1, ""distance_m"": 1465.0, ""speed_a"": 218.0, ""speed_b"": 228.0, ""throttle_a"": 2.8571867848068035, ""throttle_b"": 77.0, ""brake_a"": 0.0, ""brake_b"": 0.0, ""delta_speed"": -10.0, ""faster_driver_segment"": ""LEC""}"
telemetry_compare,"{""driver_a"": ""RUS"", ""driver_b"": ""LEC"", ""lap_a"": 1, ""lap_b"": 1, ""distance_m"": 1470.0, ""speed_a"": 218.0, ""speed_b"": 228.0, ""throttle_a"": 0.0, ""throttle_b"": 77.0, ""brake_a"": 0.0, ""brake_b"": 0.0, ""delta_speed"": -10.0, ""faster_driver_segment"": ""LEC""}"
telemetry_compare,"{""driver_a"": ""RUS"", ""driver_b"": ""LEC"", ""lap_a"": 1, ""lap_b"": 1, ""distance_m"": 1475.0, ""speed_a"": 218.0, ""speed_b"": 228.0, ""throttle_a"": 0.0, ""throttle_b"": 77.0, ""brake_a"": 0.0, ""brake_b"": 0.0, ""delta_speed"": -10.0, ""faster_driver_segment"": ""LEC""}"
telemetry_compare,"{""driver_a"": ""RUS"", ""driver_b"": ""LEC"", ""lap_a"": 1, ""lap_b"": 1, ""distance_m"": 1480.0, ""speed_a"": 218.0, ""speed_b"": 228.0, ""throttle_a"": 0.0, ""throttle_b"": 77.0, ""brake_a"": 0.0, ""brake_b"": 0.0, ""delta_speed"": -10.0, ""faster_driver_segment"": ""LEC""}"
telemetry_compare,"{""driver_a"": ""RUS"", ""driver_b"": ""LEC"", ""lap_a"": 1, ""lap_b"": 1, ""distance_m"": 1485.0, ""speed_a"": 217.98919354838705, ""speed_b"": 228.13678413709349, ""throttle_a"": 1.0806451612942438, ""throttle_b"": 80.00925101605642, ""brake_a"": 0.0, ""brake_b"": 0.0, ""delta_speed"": -10.147590588706436, ""faster_driver_segment"": ""LEC""}"
telemetry_compare,"{""driver_a"": ""RUS"", ""driver_b"": ""LEC"", ""lap_a"": 1, ""lap_b"": 1, ""distance_m"": 1490.0, ""speed_a"": 217.57444700460823, ""speed_b"": 228.38262681983764, ""throttle_a"": 42.55529953917565, ""throttle_b"": 85.4177900364279, ""brake_a"": 0.0, ""brake_b"": 0.0, ""delta_speed"": -10.808179815229408, ""faster_driver_segment"": ""LEC""}"
telemetry_compare,"{""driver_a"": ""RUS"", ""driver_b"": ""LEC"", ""lap_a"": 1, ""lap_b"": 1, ""distance_m"": 1495.0, ""speed_a"": 217.15970046082944, ""speed_b"": 228.62827539974276, ""throttle_a"": 84.02995391705706, ""throttle_b"": 90.82205879434072, ""brake_a"": 0.0, ""brake_b"": 0.0, ""delta_speed"": -11.46857493891332, ""faster_driver_segment"": ""LEC""}"
telemetry_compare,"{""driver_a"": ""RUS"", ""driver_b"": ""LEC"", ""lap_a"": 1, ""lap_b"": 1, ""distance_m"": 1500.0, ""speed_a"": 217.0, ""speed_b"": 228.87368316811356, ""throttle_a"": 100.0, ""throttle_b"": 96.22102969849848, ""brake_a"": 0.0, ""brake_b"": 0.0, ""delta_speed"": -11.873683168113558, ""faster_driver_segment"": ""LEC""}"
telemetry_compare,"{""driver_a"": ""RUS"", ""driver_b"": ""LEC"", ""lap_a"": 1, ""lap_b"": 1, ""distance_m"": 1505.0, ""speed_a"": 217.0, ""speed_b"": 229.1359099194021, ""throttle_a"": 100.0, ""throttle_b"": 99.13590991940211, ""brake_a"": 0.0, ""brake_b"": 0.0, ""delta_speed"": -12.13590991940211, ""faster_driver_segment"": ""LEC""}"
telemetry_compare,"{""driver_a"": ""RUS"", ""driver_b"": ""LEC"", ""lap_a"": 1, ""lap_b"": 1, ""distance_m"": 1510.0, ""speed_a"": 217.0, ""speed_b"": 229.41597615285812, ""throttle_a"": 100.0, ""throttle_b"": 99.41597615285812, ""brake_a"": 0.0, ""brake_b"": 0.0, ""delta_speed"": -12.415976152858121, ""faster_driver_segment"": ""LEC""}"
telemetry_compare,"{""driver_a"": ""RUS"", ""driver_b"": ""LEC"", ""lap_a"": 1, ""lap_b"": 1, ""distance_m"": 1515.0, ""speed_a"": 217.0, ""speed_b"": 229.69604238631413, ""throttle_a"": 100.0, ""throttle_b"": 99.69604238631413, ""brake_a"": 0.0, ""brake_b"": 0.0, ""delta_speed"": -12.696042386314133, ""faster_driver_segment"": ""LEC""}"
telemetry_compare,"{""driver_a"": ""RUS"", ""driver_b"": ""LEC"", ""lap_a"": 1, ""lap_b"": 1, ""distance_m"": 1520.0, ""speed_a"": 217.0, ""speed_b"": 229.97436171294353, ""throttle_a"": 100.0, ""throttle_b"": 99.97436171294353, ""brake_a"": 0.0, ""brake_b"": 0.0, ""delta_speed"": -12.974361712943534, ""faster_driver_segment"": ""LEC""}"
telemetry_compare,"{""driver_a"": ""RUS"", ""driver_b"": ""LEC"", ""lap_a"": 1, ""lap_b"": 1, ""distance_m"": 1525.0, ""speed_a"": 217.0, ""speed_b"": 231.39615384615377, ""throttle_a"": 100.0, ""throttle_b"": 100.0, ""brake_a"": 0.0, ""brake_b"": 0.0, ""delta_speed"": -14.396153846153766, ""faster_driver_segment"": ""LEC""}"
telemetry_compare,"{""driver_a"": ""RUS"", ""driver_b"": ""LEC"", ""lap_a"": 1, ""lap_b"": 1, ""distance_m"": 1530.0, ""speed_a"": 217.0, ""speed_b"": 232.93461538461534, ""throttle_a"": 100.0, ""throttle_b"": 100.0, ""brake_a"": 0.0, ""brake_b"": 0.0, ""delta_speed"": -15.934615384615341, ""faster_driver_segment"": ""LEC""}"
telemetry_compare,"{""driver_a"": ""RUS"", ""driver_b"": ""LEC"", ""lap_a"": 1, ""lap_b"": 1, ""distance_m"": 1535.0, ""speed_a"": 217.16452814784506, ""speed_b"": 233.761952519898, ""throttle_a"": 100.0, ""throttle_b"": 100.0, ""brake_a"": 0.0, ""brake_b"": 0.0, ""delta_speed"": -16.597424372052927, ""faster_driver_segment"": ""LEC""}"
telemetry_compare,"{""driver_a"": ""RUS"", ""driver_b"": ""LEC"", ""lap_a"": 1, ""lap_b"": 1, ""distance_m"": 1540.0, ""speed_a"": 217.35236949385617, ""speed_b"": 232.98664252467287, ""throttle_a"": 100.0, ""throttle_b"": 100.0, ""brake_a"": 0.0, ""brake_b"": 0.0, ""delta_speed"": -15.6342730308167, ""faster_driver_segment"": ""LEC""}"
telemetry_compare,"{""driver_a"": ""RUS"", ""driver_b"": ""LEC"", ""lap_a"": 1, ""lap_b"": 1, ""distance_m"": 1545.0, ""speed_a"": 217.54021083986726, ""speed_b"": 232.20992853192803, ""throttle_a"": 100.0, ""throttle_b"": 100.0, ""brake_a"": 0.0, ""brake_b"": 0.0, ""delta_speed"": -14.669717692060772, ""faster_driver_segment"": ""LEC""}"
telemetry_compare,"{""driver_a"": ""RUS"", ""driver_b"": ""LEC"", ""lap_a"": 1, ""lap_b"": 1, ""distance_m"": 1550.0, ""speed_a"": 217.72767845852758, ""speed_b"": 232.47144472525522, ""throttle_a"": 100.0, ""throttle_b"": 100.0, ""brake_a"": 0.0, ""brake_b"": 0.0, ""delta_speed"": -14.743766266727647, ""faster_driver_segment"": ""LEC""}"
telemetry_compare,"{""driver_a"": ""RUS"", ""driver_b"": ""LEC"", ""lap_a"": 1, ""lap_b"": 1, ""distance_m"": 1555.0, ""speed_a"": 217.91509865224572, ""speed_b"": 233.11276862751444, ""throttle_a"": 100.0, ""throttle_b"": 100.0, ""brake_a"": 0.0, ""brake_b"": 0.0, ""delta_speed"": -15.197669975268724, ""faster_driver_segment"": ""LEC""}"
telemetry_compare,"{""driver_a"": ""RUS"", ""driver_b"": ""LEC"", ""lap_a"": 1, ""lap_b"": 1, ""distance_m"": 1560.0, ""speed_a"": 218.0, ""speed_b"": 233.7534222701913, ""throttle_a"": 100.0, ""throttle_b"": 100.0, ""brake_a"": 0.0, ""brake_b"": 0.0, ""delta_speed"": -15.753422270191294, ""faster_driver_segment"": ""LEC""}"
telemetry_compare,"{""driver_a"": ""RUS"", ""driver_b"": ""LEC"", ""lap_a"": 1, ""lap_b"": 1, ""distance_m"": 1565.0, ""speed_a"": 218.0, ""speed_b"": 234.39402721108877, ""throttle_a"": 100.0, ""throttle_b"": 100.0, ""brake_a"": 0.0, ""brake_b"": 0.0, ""delta_speed"": -16.39402721108877, ""faster_driver_segment"": ""LEC""}"
telemetry_compare,"{""driver_a"": ""RUS"", ""driver_b"": ""LEC"", ""lap_a"": 1, ""lap_b"": 1, ""distance_m"": 1570.0, ""speed_a"": 218.0, ""speed_b"": 235.05084204534893, ""throttle_a"": 100.0, ""throttle_b"": 100.0, ""brake_a"": 0.0, ""brake_b"": 0.0, ""delta_speed"": -17.05084204534893, ""faster_driver_segment"": ""LEC""}"
telemetry_compare,"{""driver_a"": ""RUS"", ""driver_b"": ""LEC"", ""lap_a"": 1, ""lap_b"": 1, ""distance_m"": 1575.0, ""speed_a"": 218.0, ""speed_b"": 236.23935739117013, ""throttle_a"": 100.0, ""throttle_b"": 100.0, ""brake_a"": 0.0, ""brake_b"": 0.0, ""delta_speed"": -18.23935739117013, ""faster_driver_segment"": ""LEC""}"
telemetry_compare,"{""driver_a"": ""RUS"", ""driver_b"": ""LEC"", ""lap_a"": 1, ""lap_b"": 1, ""distance_m"": 1580.0, ""speed_a"": 218.0, ""speed_b"": 237.4278727369913, ""throttle_a"": 100.0, ""throttle_b"": 100.0, ""brake_a"": 0.0, ""brake_b"": 0.0, ""delta_speed"": -19.427872736991304, ""faster_driver_segment"": ""LEC""}"
telemetry_compare,"{""driver_a"": ""RUS"", ""driver_b"": ""LEC"", ""lap_a"": 1, ""lap_b"": 1, ""distance_m"": 1585.0, ""speed_a"": 218.0, ""speed_b"": 238.6163880828125, ""throttle_a"": 100.0, ""throttle_b"": 100.0, ""brake_a"": 0.0, ""brake_b"": 0.0, ""delta_speed"": -20.616388082812506, ""faster_driver_segment"": ""LEC""}"
telemetry_compare,"{""driver_a"": ""RUS"", ""driver_b"": ""LEC"", ""lap_a"": 1, ""lap_b"": 1, ""distance_m"": 1590.0, ""speed_a"": 222.10109045961323, ""speed_b"": 239.79622978578877, ""throttle_a"": 100.0, ""throttle_b"": 100.0, ""brake_a"": 0.0, ""brake_b"": 0.0, ""delta_speed"": -17.695139326175536, ""faster_driver_segment"": ""LEC""}"
telemetry_compare,"{""driver_a"": ""RUS"", ""driver_b"": ""LEC"", ""lap_a"": 1, ""lap_b"": 1, ""distance_m"": 1595.0, ""speed_a"": 227.47791117469453, ""speed_b"": 240.97296855338894, ""throttle_a"": 100.0, ""throttle_b"": 100.0, ""brake_a"": 0.0, ""brake_b"": 0.0, ""delta_speed"": -13.495057378694412, ""faster_driver_segment"": ""LEC""}"
telemetry_compare,"{""driver_a"": ""RUS"", ""driver_b"": ""LEC"", ""lap_a"": 1, ""lap_b"": 1, ""distance_m"": 1600.0, ""speed_a"": 232.82499840572152, ""speed_b"": 242.06711198451293, ""throttle_a"": 100.0, ""throttle_b"": 100.0, ""brake_a"": 0.0, ""brake_b"": 0.0, ""delta_speed"": -9.242113578791418, ""faster_driver_segment"": ""LEC""}"
telemetry_compare,"{""driver_a"": ""RUS"", ""driver_b"": ""LEC"", ""lap_a"": 1, ""lap_b"": 1, ""distance_m"": 1605.0, ""speed_a"": 238.02515831108198, ""speed_b"": 242.59446651864525, ""throttle_a"": 100.0, ""throttle_b"": 100.0, ""brake_a"": 0.0, ""brake_b"": 0.0, ""delta_speed"": -4.569308207563267, ""faster_driver_segment"": ""LEC""}"
telemetry_compare,"{""driver_a"": ""RUS"", ""driver_b"": ""LEC"", ""lap_a"": 1, ""lap_b"": 1, ""distance_m"": 1610.0, ""speed_a"": 238.82524594266064, ""speed_b"": 243.1212422895578, ""throttle_a"": 100.0, ""throttle_b"": 100.0, ""brake_a"": 0.0, ""brake_b"": 0.0, ""delta_speed"": -4.295996346897169, ""faster_driver_segment"": ""LEC""}"
telemetry_compare,"{""driver_a"": ""RUS"", ""driver_b"": ""LEC"", ""lap_a"": 1, ""lap_b"": 1, ""distance_m"": 1615.0, ""speed_a"": 239.6253533749699, ""speed_b"": 243.64801806047038, ""throttle_a"": 100.0, ""throttle_b"": 100.0, ""brake_a"": 0.0, ""brake_b"": 0.0, ""delta_speed"": -4.022664685500473, ""faster_driver_segment"": ""LEC""}"
telemetry_compare,"{""driver_a"": ""RUS"", ""driver_b"": ""LEC"", ""lap_a"": 1, ""lap_b"": 1, ""distance_m"": 1620.0, ""speed_a"": 240.42575575740324, ""speed_b"": 244.12183673469386, ""throttle_a"": 100.0, ""throttle_b"": 100.0, ""brake_a"": 0.0, ""brake_b"": 0.0, ""delta_speed"": -3.6960809772906202, ""faster_driver_segment"": ""LEC""}"
telemetry_compare,"{""driver_a"": ""RUS"", ""driver_b"": ""LEC"", ""lap_a"": 1, ""lap_b"": 1, ""distance_m"": 1625.0, ""speed_a"": 241.07526236524703, ""speed_b"": 244.48918367346937, ""throttle_a"": 100.0, ""throttle_b"": 100.0, ""brake_a"": 0.0, ""brake_b"": 0.0, ""delta_speed"": -3.413921308222342, ""faster_driver_segment"": ""LEC""}"
telemetry_compare,"{""driver_a"": ""RUS"", ""driver_b"": ""LEC"", ""lap_a"": 1, ""lap_b"": 1, ""distance_m"": 1630.0, ""speed_a"": 241.34150442364904, ""speed_b"": 244.85653061224488, ""throttle_a"": 100.0, ""throttle_b"": 100.0, ""brake_a"": 0.0, ""brake_b"": 0.0, ""delta_speed"": -3.51502618859584, ""faster_driver_segment"": ""LEC""}"
telemetry_compare,"{""driver_a"": ""RUS"", ""driver_b"": ""LEC"", ""lap_a"": 1, ""lap_b"": 1, ""distance_m"": 1635.0, ""speed_a"": 241.60682475257232, ""speed_b"": 245.6331638908281, ""throttle_a"": 100.0, ""throttle_b"": 100.0, ""brake_a"": 0.0, ""brake_b"": 0.0, ""delta_speed"": -4.026339138255764, ""faster_driver_segment"": ""LEC""}"
telemetry_compare,"{""driver_a"": ""RUS"", ""driver_b"": ""LEC"", ""lap_a"": 1, ""lap_b"": 1, ""distance_m"": 1640.0, ""speed_a"": 241.87214508149557, ""speed_b"": 246.66646057245214, ""throttle_a"": 100.0, ""throttle_b"": 100.0, ""brake_a"": 0.0, ""brake_b"": 0.0, ""delta_speed"": -4.7943154909565635, ""faster_driver_segment"": ""LEC""}"
telemetry_compare,"{""driver_a"": ""RUS"", ""driver_b"": ""LEC"", ""lap_a"": 1, ""lap_b"": 1, ""distance_m"": 1645.0, ""speed_a"": 242.3173503899815, ""speed_b"": 247.6972091068021, ""throttle_a"": 100.0, ""throttle_b"": 100.0, ""brake_a"": 0.0, ""brake_b"": 0.0, ""delta_speed"": -5.379858716820593, ""faster_driver_segment"": ""LEC""}"
telemetry_compare,"{""driver_a"": ""RUS"", ""driver_b"": ""LEC"", ""lap_a"": 1, ""lap_b"": 1, ""distance_m"": 1650.0, ""speed_a"": 242.9298645460683, ""speed_b"": 248.72795764115202, ""throttle_a"": 100.0, ""throttle_b"": 100.0, ""brake_a"": 0.0, ""brake_b"": 0.0, ""delta_speed"": -5.798093095083715, ""faster_driver_segment"": ""LEC""}"
telemetry_compare,"{""driver_a"": ""RUS"", ""driver_b"": ""LEC"", ""lap_a"": 1, ""lap_b"": 1, ""distance_m"": 1655.0, ""speed_a"": 243.53996288534532, ""speed_b"": 249.0, ""throttle_a"": 100.0, ""throttle_b"": 100.0, ""brake_a"": 0.0, ""brake_b"": 0.0, ""delta_speed"": -5.460037114654682, ""faster_driver_segment"": ""LEC""}"
telemetry_compare,"{""driver_a"": ""RUS"", ""driver_b"": ""LEC"", ""lap_a"": 1, ""lap_b"": 1, ""distance_m"": 1660.0, ""speed_a"": 244.14938569980174, ""speed_b"": 249.0, ""throttle_a"": 100.0, ""throttle_b"": 100.0, ""brake_a"": 0.0, ""brake_b"": 0.0, ""delta_speed"": -4.850614300198259, ""faster_driver_segment"": ""LEC""}"
telemetry_compare,"{""driver_a"": ""RUS"", ""driver_b"": ""LEC"", ""lap_a"": 1, ""lap_b"": 1, ""distance_m"": 1665.0, ""speed_a"": 244.75882838045658, ""speed_b"": 249.0, ""throttle_a"": 100.0, ""throttle_b"": 100.0, ""brake_a"": 0.0, ""brake_b"": 0.0, ""delta_speed"": -4.241171619543422, ""faster_driver_segment"": ""LEC""}"
telemetry_compare,"{""driver_a"": ""RUS"", ""driver_b"": ""LEC"", ""lap_a"": 1, ""lap_b"": 1, ""distance_m"": 1670.0, ""speed_a"": 245.0, ""speed_b"": 249.0, ""throttle_a"": 100.0, ""throttle_b"": 100.0, ""brake_a"": 0.0, ""brake_b"": 0.0, ""delta_speed"": -4.0, ""faster_driver_segment"": ""LEC""}"
telemetry_compare,"{""driver_a"": ""RUS"", ""driver_b"": ""LEC"", ""lap_a"": 1, ""lap_b"": 1, ""distance_m"": 1675.0, ""speed_a"": 245.0, ""speed_b"": 249.0, ""throttle_a"": 100.0, ""throttle_b"": 100.0, ""brake_a"": 0.0, ""brake_b"": 0.0, ""delta_speed"": -4.0, ""faster_driver_segment"": ""LEC""}"
telemetry_compare,"{""driver_a"": ""RUS"", ""driver_b"": ""LEC"", ""lap_a"": 1, ""lap_b"": 1, ""distance_m"": 1680.0, ""speed_a"": 245.0, ""speed_b"": 249.0, ""throttle_a"": 100.0, ""throttle_b"": 100.0, ""brake_a"": 0.0, ""brake_b"": 0.0, ""delta_speed"": -4.0, ""faster_driver_segment"": ""LEC""}"
telemetry_compare,"{""driver_a"": ""RUS"", ""driver_b"": ""LEC"", ""lap_a"": 1, ""lap_b"": 1, ""distance_m"": 1685.0, ""speed_a"": 245.0, ""speed_b"": 249.0, ""throttle_a"": 100.0, ""throttle_b"": 100.0, ""brake_a"": 0.0, ""brake_b"": 0.0, ""delta_speed"": -4.0, ""faster_driver_segment"": ""LEC""}"
telemetry_compare,"{""driver_a"": ""RUS"", ""driver_b"": ""LEC"", ""lap_a"": 1, ""lap_b"": 1, ""distance_m"": 1690.0, ""speed_a"": 245.0, ""speed_b"": 249.0, ""throttle_a"": 100.0, ""throttle_b"": 100.0, ""brake_a"": 0.0, ""brake_b"": 0.0, ""delta_speed"": -4.0, ""faster_driver_segment"": ""LEC""}"
telemetry_compare,"{""driver_a"": ""RUS"", ""driver_b"": ""LEC"", ""lap_a"": 1, ""lap_b"": 1, ""distance_m"": 1695.0, ""speed_a"": 245.0, ""speed_b"": 249.0, ""throttle_a"": 100.0, ""throttle_b"": 99.80224643246368, ""brake_a"": 0.0, ""brake_b"": 0.0, ""delta_speed"": -4.0, ""faster_driver_segment"": ""LEC""}"
telemetry_compare,"{""driver_a"": ""RUS"", ""driver_b"": ""LEC"", ""lap_a"": 1, ""lap_b"": 1, ""distance_m"": 1700.0, ""speed_a"": 245.0, ""speed_b"": 249.0, ""throttle_a"": 100.0, ""throttle_b"": 99.60229495601114, ""brake_a"": 0.0, ""brake_b"": 0.0, ""delta_speed"": -4.0, ""faster_driver_segment"": ""LEC""}"
telemetry_compare,"{""driver_a"": ""RUS"", ""driver_b"": ""LEC"", ""lap_a"": 1, ""lap_b"": 1, ""distance_m"": 1705.0, ""speed_a"": 245.0, ""speed_b"": 249.0, ""throttle_a"": 100.0, ""throttle_b"": 99.40202201563862, ""brake_a"": 0.0, ""brake_b"": 0.0, ""delta_speed"": -4.0, ""faster_driver_segment"": ""LEC""}"
telemetry_compare,"{""driver_a"": ""RUS"", ""driver_b"": ""LEC"", ""lap_a"": 1, ""lap_b"": 1, ""distance_m"": 1710.0, ""speed_a"": 245.0, ""speed_b"": 249.0, ""throttle_a"": 100.0, ""throttle_b"": 99.2017490752661, ""brake_a"": 0.26110967674138047, ""brake_b"": 0.0, ""delta_speed"": -4.0, ""faster_driver_segment"": ""LEC""}"
telemetry_compare,"{""driver_a"": ""RUS"", ""driver_b"": ""LEC"", ""lap_a"": 1, ""lap_b"": 1, ""distance_m"": 1715.0, ""speed_a"": 245.0, ""speed_b"": 249.0, ""throttle_a"": 100.0, ""throttle_b"": 99.00088475541061, ""brake_a"": 0.6857728466591934, ""brake_b"": 0.0, ""delta_speed"": -4.0, ""faster_driver_segment"": ""LEC""}"
telemetry_compare,"{""driver_a"": ""RUS"", ""driver_b"": ""LEC"", ""lap_a"": 1, ""lap_b"": 1, ""distance_m"": 1720.0, ""speed_a"": 245.0, ""speed_b"": 248.18964325624682, ""throttle_a"": 100.0, ""throttle_b"": 78.9436705921094, ""brake_a"": 1.0, ""brake_b"": 0.0, ""delta_speed"": -3.189643256246825, ""faster_driver_segment"": ""LEC""}"
telemetry_compare,"{""driver_a"": ""RUS"", ""driver_b"": ""LEC"", ""lap_a"": 1, ""lap_b"": 1, ""distance_m"": 1725.0, ""speed_a"": 245.0, ""speed_b"": 247.3734311940471, ""throttle_a"": 100.0, ""throttle_b"": 58.742422052665816, ""brake_a"": 1.0, ""brake_b"": 0.0, ""delta_speed"": -2.3734311940471002, ""faster_driver_segment"": ""LEC""}"
telemetry_compare,"{""driver_a"": ""RUS"", ""driver_b"": ""LEC"", ""lap_a"": 1, ""lap_b"": 1, ""distance_m"": 1730.0, ""speed_a"": 244.97841222080532, ""speed_b"": 246.55721913184735, ""throttle_a"": 97.84122208053384, ""throttle_b"": 38.54117351322223, ""brake_a"": 1.0, ""brake_b"": 0.0, ""delta_speed"": -1.5788069110420224, ""faster_driver_segment"": ""LEC""}"
telemetry_compare,"{""driver_a"": ""RUS"", ""driver_b"": ""LEC"", ""lap_a"": 1, ""lap_b"": 1, ""distance_m"": 1735.0, ""speed_a"": 244.71603543113403, ""speed_b"": 245.74076127588967, ""throttle_a"": 71.60354311340313, ""throttle_b"": 18.333841578269254, ""brake_a"": 1.0, ""brake_b"": 0.0, ""delta_speed"": -1.0247258447556362, ""faster_driver_segment"": ""LEC""}"
telemetry_compare,"{""driver_a"": ""RUS"", ""driver_b"": ""LEC"", ""lap_a"": 1, ""lap_b"": 1, ""distance_m"": 1740.0, ""speed_a"": 244.4536586414627, ""speed_b"": 244.9470780666735, ""throttle_a"": 45.365864146272436, ""throttle_b"": 0.0, ""brake_a"": 1.0, ""brake_b"": 0.0, ""delta_speed"": -0.49341942521078863, ""faster_driver_segment"": ""LEC""}"
telemetry_compare,"{""driver_a"": ""RUS"", ""driver_b"": ""LEC"", ""lap_a"": 1, ""lap_b"": 1, ""distance_m"": 1745.0, ""speed_a"": 244.18908457912968, ""speed_b"": 244.39356569021942, ""throttle_a"": 18.908457912968547, ""throttle_b"": 0.0, ""brake_a"": 1.0, ""brake_b"": 0.0, ""delta_speed"": -0.2044811110897342, ""faster_driver_segment"": ""LEC""}"
telemetry_compare,"{""driver_a"": ""RUS"", ""driver_b"": ""LEC"", ""lap_a"": 1, ""lap_b"": 1, ""distance_m"": 1750.0, ""speed_a"": 243.5780200052207, ""speed_b"": 243.84005331376534, ""throttle_a"": 0.0, ""throttle_b"": 0.0, ""brake_a"": 1.0, ""brake_b"": 0.0, ""delta_speed"": -0.26203330854463047, ""faster_driver_segment"": ""LEC""}"
telemetry_compare,"{""driver_a"": ""RUS"", ""driver_b"": ""LEC"", ""lap_a"": 1, ""lap_b"": 1, ""distance_m"": 1755.0, ""speed_a"": 242.1062819881652, ""speed_b"": 243.28634025589304, ""throttle_a"": 0.0, ""throttle_b"": 0.0, ""brake_a"": 1.0, ""brake_b"": 0.0, ""delta_speed"": -1.1800582677278442, ""faster_driver_segment"": ""LEC""}"
telemetry_compare,"{""driver_a"": ""RUS"", ""driver_b"": ""LEC"", ""lap_a"": 1, ""lap_b"": 1, ""distance_m"": 1760.0, ""speed_a"": 240.63454397110965, ""speed_b"": 242.72269156419964, ""throttle_a"": 0.0, ""throttle_b"": 0.0, ""brake_a"": 1.0, ""brake_b"": 0.0, ""delta_speed"": -2.0881475930899853, ""faster_driver_segment"": ""LEC""}"
telemetry_compare,"{""driver_a"": ""RUS"", ""driver_b"": ""LEC"", ""lap_a"": 1, ""lap_b"": 1, ""distance_m"": 1765.0, ""speed_a"": 239.1541889728488, ""speed_b"": 242.15904287250623, ""throttle_a"": 0.0, ""throttle_b"": 0.0, ""brake_a"": 0.6403867193384162, ""brake_b"": 0.0, ""delta_speed"": -3.0048538996574337, ""faster_driver_segment"": ""LEC""}"
telemetry_compare,"{""driver_a"": ""RUS"", ""driver_b"": ""LEC"", ""lap_a"": 1, ""lap_b"": 1, ""distance_m"": 1770.0, ""speed_a"": 237.671892191195, ""speed_b"": 239.2468766946373, ""throttle_a"": 0.0, ""throttle_b"": 0.0, ""brake_a"": 0.19973681115796407, ""brake_b"": 0.21099560609753648, ""delta_speed"": -1.5749845034422947, ""faster_driver_segment"": ""LEC""}"
telemetry_compare,"{""driver_a"": ""RUS"", ""driver_b"": ""LEC"", ""lap_a"": 1, ""lap_b"": 1, ""distance_m"": 1775.0, ""speed_a"": 237.0, ""speed_b"": 235.39501566835307, ""throttle_a"": 0.0, ""throttle_b"": 0.0, ""brake_a"": 0.0, ""brake_b"": 0.7902231068211857, ""delta_speed"": 1.604984331646932, ""faster_driver_segment"": ""RUS""}"
telemetry_compare,"{""driver_a"": ""RUS"", ""driver_b"": ""LEC"", ""lap_a"": 1, ""lap_b"": 1, ""distance_m"": 1780.0, ""speed_a"": 237.0, ""speed_b"": 233.29738479015762, ""throttle_a"": 0.0, ""throttle_b"": 0.0, ""brake_a"": 0.0, ""brake_b"": 1.0, ""delta_speed"": 3.702615209842378, ""faster_driver_segment"": ""RUS""}"
telemetry_compare,"{""driver_a"": ""RUS"", ""driver_b"": ""LEC"", ""lap_a"": 1, ""lap_b"": 1, ""distance_m"": 1785.0, ""speed_a"": 237.0, ""speed_b"": 232.1958192664955, ""throttle_a"": 0.0, ""throttle_b"": 0.0, ""brake_a"": 0.0, ""brake_b"": 1.0, ""delta_speed"": 4.804180733504495, ""faster_driver_segment"": ""RUS""}"
telemetry_compare,"{""driver_a"": ""RUS"", ""driver_b"": ""LEC"", ""lap_a"": 1, ""lap_b"": 1, ""distance_m"": 1790.0, ""speed_a"": 234.93498292551703, ""speed_b"": 231.07458063408802, ""throttle_a"": 0.0, ""throttle_b"": 0.0, ""brake_a"": 0.0, ""brake_b"": 1.0, ""delta_speed"": 3.8604022914290113, ""faster_driver_segment"": ""RUS""}"
telemetry_compare,"{""driver_a"": ""RUS"", ""driver_b"": ""LEC"", ""lap_a"": 1, ""lap_b"": 1, ""distance_m"": 1795.0, ""speed_a"": 232.64313606003253, ""speed_b"": 229.64067304933323, ""throttle_a"": 0.0, ""throttle_b"": 0.11498462421336572, ""brake_a"": 0.0, ""brake_b"": 1.0, ""delta_speed"": 3.0024630106993015, ""faster_driver_segment"": ""RUS""}"
telemetry_compare,"{""driver_a"": ""RUS"", ""driver_b"": ""LEC"", ""lap_a"": 1, ""lap_b"": 1, ""distance_m"": 1800.0, ""speed_a"": 230.35128919454806, ""speed_b"": 223.6574305775343, ""throttle_a"": 0.0, ""throttle_b"": 2.0296222151890233, ""brake_a"": 0.0, ""brake_b"": 1.0, ""delta_speed"": 6.6938586170137455, ""faster_driver_segment"": ""RUS""}"
telemetry_compare,"{""driver_a"": ""RUS"", ""driver_b"": ""LEC"", ""lap_a"": 1, ""lap_b"": 1, ""distance_m"": 1805.0, ""speed_a"": 227.28234534502377, ""speed_b"": 217.67418810573537, ""throttle_a"": 0.0, ""throttle_b"": 3.9442598061646805, ""brake_a"": 0.0, ""brake_b"": 1.0, ""delta_speed"": 9.608157239288403, ""faster_driver_segment"": ""RUS""}"
telemetry_compare,"{""driver_a"": ""RUS"", ""driver_b"": ""LEC"", ""lap_a"": 1, ""lap_b"": 1, ""distance_m"": 1810.0, ""speed_a"": 224.07272761721308, ""speed_b"": 211.4748474050687, ""throttle_a"": 0.0, ""throttle_b"": 5.928048830378016, ""brake_a"": 0.0, ""brake_b"": 1.0, ""delta_speed"": 12.59788021214439, ""faster_driver_segment"": ""RUS""}"
telemetry_compare,"{""driver_a"": ""RUS"", ""driver_b"": ""LEC"", ""lap_a"": 1, ""lap_b"": 1, ""distance_m"": 1815.0, ""speed_a"": 220.8631098894024, ""speed_b"": 205.24869999915902, ""throttle_a"": 0.0, ""throttle_b"": 7.920416000269113, ""brake_a"": 0.0, ""brake_b"": 1.0, ""delta_speed"": 15.614409890243394, ""faster_driver_segment"": ""RUS""}"
telemetry_compare,"{""driver_a"": ""RUS"", ""driver_b"": ""LEC"", ""lap_a"": 1, ""lap_b"": 1, ""distance_m"": 1820.0, ""speed_a"": 217.57769229662216, ""speed_b"": 203.71754858320102, ""throttle_a"": 0.0, ""throttle_b"": 47.3285101151691, ""brake_a"": 0.5637714150193653, ""brake_b"": 1.0, ""delta_speed"": 13.860143713421138, ""faster_driver_segment"": ""RUS""}"
telemetry_compare,"{""driver_a"": ""RUS"", ""driver_b"": ""LEC"", ""lap_a"": 1, ""lap_b"": 1, ""distance_m"": 1825.0, ""speed_a"": 213.21147058823436, ""speed_b"": 202.38029894015355, ""throttle_a"": 0.0, ""throttle_b"": 88.33749916862479, ""brake_a"": 1.0, ""brake_b"": 1.0, ""delta_speed"": 10.831171648080812, ""faster_driver_segment"": ""RUS""}"
telemetry_compare,"{""driver_a"": ""RUS"", ""driver_b"": ""LEC"", ""lap_a"": 1, ""lap_b"": 1, ""distance_m"": 1830.0, ""speed_a"": 207.9173529411756, ""speed_b"": 200.64968396696705, ""throttle_a"": 0.0, ""throttle_b"": 79.74525950450551, ""brake_a"": 1.0, ""brake_b"": 0.9076937228332432, ""delta_speed"": 7.267668974208561, ""faster_driver_segment"": ""RUS""}"
telemetry_compare,"{""driver_a"": ""RUS"", ""driver_b"": ""LEC"", ""lap_a"": 1, ""lap_b"": 1, ""distance_m"": 1835.0, ""speed_a"": 203.31513728746958, ""speed_b"": 198.7399100954765, ""throttle_a"": 0.0, ""throttle_b"": 51.09865143214715, ""brake_a"": 1.0, ""brake_b"": 0.4327238978093282, ""delta_speed"": 4.575227191993093, ""faster_driver_segment"": ""RUS""}"
telemetry_compare,"{""driver_a"": ""RUS"", ""driver_b"": ""LEC"", ""lap_a"": 1, ""lap_b"": 1, ""distance_m"": 1840.0, ""speed_a"": 200.6668844542656, ""speed_b"": 196.8364726661368, ""throttle_a"": 0.0, ""throttle_b"": 25.37377676311586, ""brake_a"": 1.0, ""brake_b"": 0.0, ""delta_speed"": 3.8304117881287993, ""faster_driver_segment"": ""RUS""}"
telemetry_compare,"{""driver_a"": ""RUS"", ""driver_b"": ""LEC"", ""lap_a"": 1, ""lap_b"": 1, ""distance_m"": 1845.0, ""speed_a"": 197.98368919523935, ""speed_b"": 194.99793924356328, ""throttle_a"": 0.0, ""throttle_b"": 29.576138871855328, ""brake_a"": 1.0, ""brake_b"": 0.0, ""delta_speed"": 2.9857499516760697, ""faster_driver_segment"": ""RUS""}"
telemetry_compare,"{""driver_a"": ""RUS"", ""driver_b"": ""LEC"", ""lap_a"": 1, ""lap_b"": 1, ""distance_m"": 1850.0, ""speed_a"": 195.50370140146856, ""speed_b"": 193.15940582098978, ""throttle_a"": 3.8476249676522762, ""throttle_b"": 33.77850098059479, ""brake_a"": 1.0, ""brake_b"": 0.0, ""delta_speed"": 2.3442955804787857, ""faster_driver_segment"": ""RUS""}"
telemetry_compare,"{""driver_a"": ""RUS"", ""driver_b"": ""LEC"", ""lap_a"": 1, ""lap_b"": 1, ""distance_m"": 1855.0, ""speed_a"": 193.14133189234127, ""speed_b"": 191.31718594958798, ""throttle_a"": 9.922289419693893, ""throttle_b"": 37.989289258084604, ""brake_a"": 1.0, ""brake_b"": 0.0, ""delta_speed"": 1.8241459427532902, ""faster_driver_segment"": ""RUS""}"
telemetry_compare,"{""driver_a"": ""RUS"", ""driver_b"": ""LEC"", ""lap_a"": 1, ""lap_b"": 1, ""distance_m"": 1860.0, ""speed_a"": 190.7669136400975, ""speed_b"": 189.86240740740746, ""throttle_a"": 16.027936354035038, ""throttle_b"": 43.61425925925844, ""brake_a"": 0.32634667421567776, ""brake_b"": 0.0, ""delta_speed"": 0.9045062326900393, ""faster_driver_segment"": ""RUS""}"
telemetry_compare,"{""driver_a"": ""RUS"", ""driver_b"": ""LEC"", ""lap_a"": 1, ""lap_b"": 1, ""distance_m"": 1865.0, ""speed_a"": 189.73143119118967, ""speed_b"": 189.38621693121698, ""throttle_a"": 20.417119279292994, ""throttle_b"": 52.661878306877284, ""brake_a"": 0.0, ""brake_b"": 0.0, ""delta_speed"": 0.3452142599726926, ""faster_driver_segment"": ""RUS""}"
telemetry_compare,"{""driver_a"": ""RUS"", ""driver_b"": ""LEC"", ""lap_a"": 1, ""lap_b"": 1, ""distance_m"": 1870.0, ""speed_a"": 189.33459982513892, ""speed_b"": 189.0, ""throttle_a"": 23.98860157374951, ""throttle_b"": 60.82893095663401, ""brake_a"": 0.0, ""brake_b"": 0.0, ""delta_speed"": 0.3345998251389233, ""faster_driver_segment"": ""RUS""}"
telemetry_compare,"{""driver_a"": ""RUS"", ""driver_b"": ""LEC"", ""lap_a"": 1, ""lap_b"": 1, ""distance_m"": 1875.0, ""speed_a"": 188.848480672503, ""speed_b"": 189.0, ""throttle_a"": 27.0, ""throttle_b"": 65.20642329712787, ""brake_a"": 0.0, ""brake_b"": 0.0, ""delta_speed"": -0.1515193274969988, ""faster_driver_segment"": ""LEC""}"
telemetry_compare,"{""driver_a"": ""RUS"", ""driver_b"": ""LEC"", ""lap_a"": 1, ""lap_b"": 1, ""distance_m"": 1880.0, ""speed_a"": 187.88667767375696, ""speed_b"": 189.0, ""throttle_a"": 27.0, ""throttle_b"": 69.5590415471252, ""brake_a"": 0.0, ""brake_b"": 0.0, ""delta_speed"": -1.1133223262430363, ""faster_driver_segment"": ""LEC""}"
telemetry_compare,"{""driver_a"": ""RUS"", ""driver_b"": ""LEC"", ""lap_a"": 1, ""lap_b"": 1, ""distance_m"": 1885.0, ""speed_a"": 187.0, ""speed_b"": 190.74967144152077, ""throttle_a"": 27.723045641027294, ""throttle_b"": 77.12385004532271, ""brake_a"": 0.0, ""brake_b"": 0.0, ""delta_speed"": -3.749671441520775, ""faster_driver_segment"": ""LEC""}"
telemetry_compare,"{""driver_a"": ""RUS"", ""driver_b"": ""LEC"", ""lap_a"": 1, ""lap_b"": 1, ""distance_m"": 1890.0, ""speed_a"": 187.0, ""speed_b"": 193.3652420708191, ""throttle_a"": 36.751285054321656, ""throttle_b"": 86.27834724786692, ""brake_a"": 0.0, ""brake_b"": 0.0, ""delta_speed"": -6.365242070819107, ""faster_driver_segment"": ""LEC""}"
telemetry_compare,"{""driver_a"": ""RUS"", ""driver_b"": ""LEC"", ""lap_a"": 1, ""lap_b"": 1, ""distance_m"": 1895.0, ""speed_a"": 187.0, ""speed_b"": 195.97139046441322, ""throttle_a"": 45.774072737905634, ""throttle_b"": 95.39986662544624, ""brake_a"": 0.0, ""brake_b"": 0.0, ""delta_speed"": -8.971390464413219, ""faster_driver_segment"": ""LEC""}"
telemetry_compare,"{""driver_a"": ""RUS"", ""driver_b"": ""LEC"", ""lap_a"": 1, ""lap_b"": 1, ""distance_m"": 1900.0, ""speed_a"": 187.0, ""speed_b"": 197.0, ""throttle_a"": 54.796264917511415, ""throttle_b"": 99.23094408283399, ""brake_a"": 0.0, ""brake_b"": 0.0, ""delta_speed"": -10.0, ""faster_driver_segment"": ""LEC""}"
telemetry_compare,"{""driver_a"": ""RUS"", ""driver_b"": ""LEC"", ""lap_a"": 1, ""lap_b"": 1, ""distance_m"": 1905.0, ""speed_a"": 187.0, ""speed_b"": 197.0, ""throttle_a"": 60.11363246676078, ""throttle_b"": 99.61191964571839, ""brake_a"": 0.0, ""brake_b"": 0.0, ""delta_speed"": -10.0, ""faster_driver_segment"": ""LEC""}"
telemetry_compare,"{""driver_a"": ""RUS"", ""driver_b"": ""LEC"", ""lap_a"": 1, ""lap_b"": 1, ""distance_m"": 1910.0, ""speed_a"": 187.0, ""speed_b"": 197.0, ""throttle_a"": 64.23659838935741, ""throttle_b"": 99.99158410449704, ""brake_a"": 0.0, ""brake_b"": 0.0, ""delta_speed"": -10.0, ""faster_driver_segment"": ""LEC""}"
telemetry_compare,"{""driver_a"": ""RUS"", ""driver_b"": ""LEC"", ""lap_a"": 1, ""lap_b"": 1, ""distance_m"": 1915.0, ""speed_a"": 187.0, ""speed_b"": 200.47184733684225, ""throttle_a"": 68.36691434829453, ""throttle_b"": 99.56601908289473, ""brake_a"": 0.0, ""brake_b"": 0.0, ""delta_speed"": -13.471847336842245, ""faster_driver_segment"": ""LEC""}"
telemetry_compare,"{""driver_a"": ""RUS"", ""driver_b"": ""LEC"", ""lap_a"": 1, ""lap_b"": 1, ""distance_m"": 1920.0, ""speed_a"": 187.5120366392481, ""speed_b"": 203.95519055393828, ""throttle_a"": 76.93656790834507, ""throttle_b"": 99.13060118075772, ""brake_a"": 0.0, ""brake_b"": 0.0, ""delta_speed"": -16.443153914690186, ""faster_driver_segment"": ""LEC""}"
telemetry_compare,"{""driver_a"": ""RUS"", ""driver_b"": ""LEC"", ""lap_a"": 1, ""lap_b"": 1, ""distance_m"": 1925.0, ""speed_a"": 188.1104986651152, ""speed_b"": 207.76587129487345, ""throttle_a"": 86.21272930928538, ""throttle_b"": 99.18439141965823, ""brake_a"": 0.0, ""brake_b"": 0.0, ""delta_speed"": -19.65537262975826, ""faster_driver_segment"": ""LEC""}"
telemetry_compare,"{""driver_a"": ""RUS"", ""driver_b"": ""LEC"", ""lap_a"": 1, ""lap_b"": 1, ""distance_m"": 1930.0, ""speed_a"": 188.70662967984146, ""speed_b"": 211.5891608369731, ""throttle_a"": 95.45276003754269, ""throttle_b"": 99.43927738913155, ""brake_a"": 0.0, ""brake_b"": 0.0, ""delta_speed"": -22.882531157131638, ""faster_driver_segment"": ""LEC""}"
telemetry_compare,"{""driver_a"": ""RUS"", ""driver_b"": ""LEC"", ""lap_a"": 1, ""lap_b"": 1, ""distance_m"": 1935.0, ""speed_a"": 192.00846487724823, ""speed_b"": 215.40089884950834, ""throttle_a"": 100.0, ""throttle_b"": 99.6933932566339, ""brake_a"": 0.0, ""brake_b"": 0.0, ""delta_speed"": -23.392433972260108, ""faster_driver_segment"": ""LEC""}"
telemetry_compare,"{""driver_a"": ""RUS"", ""driver_b"": ""LEC"", ""lap_a"": 1, ""lap_b"": 1, ""distance_m"": 1940.0, ""speed_a"": 198.18953642050283, ""speed_b"": 219.20406406632614, ""throttle_a"": 100.0, ""throttle_b"": 99.94693760442175, ""brake_a"": 0.0, ""brake_b"": 0.0, ""delta_speed"": -21.014527645823307, ""faster_driver_segment"": ""LEC""}"
telemetry_compare,"{""driver_a"": ""RUS"", ""driver_b"": ""LEC"", ""lap_a"": 1, ""lap_b"": 1, ""distance_m"": 1945.0, ""speed_a"": 204.37060796375744, ""speed_b"": 221.35513567397817, ""throttle_a"": 100.0, ""throttle_b"": 99.77414405433697, ""brake_a"": 0.0, ""brake_b"": 0.0, ""delta_speed"": -16.984527710220732, ""faster_driver_segment"": ""LEC""}"
telemetry_compare,"{""driver_a"": ""RUS"", ""driver_b"": ""LEC"", ""lap_a"": 1, ""lap_b"": 1, ""distance_m"": 1950.0, ""speed_a"": 209.51384224191494, ""speed_b"": 223.07279232714433, ""throttle_a"": 100.0, ""throttle_b"": 99.48786794547594, ""brake_a"": 0.0, ""brake_b"": 0.0, ""delta_speed"": -13.558950085229384, ""faster_driver_segment"": ""LEC""}"
telemetry_compare,"{""driver_a"": ""RUS"", ""driver_b"": ""LEC"", ""lap_a"": 1, ""lap_b"": 1, ""distance_m"": 1955.0, ""speed_a"": 211.59230524291777, ""speed_b"": 224.7684516165682, ""throttle_a"": 100.0, ""throttle_b"": 99.2052580639053, ""brake_a"": 0.0, ""brake_b"": 0.0, ""delta_speed"": -13.176146373650425, ""faster_driver_segment"": ""LEC""}"
telemetry_compare,"{""driver_a"": ""RUS"", ""driver_b"": ""LEC"", ""lap_a"": 1, ""lap_b"": 1, ""distance_m"": 1960.0, ""speed_a"": 213.6707682439206, ""speed_b"": 226.59864804679756, ""throttle_a"": 100.0, ""throttle_b"": 99.06651644964417, ""brake_a"": 0.0, ""brake_b"": 0.0, ""delta_speed"": -12.927879802876959, ""faster_driver_segment"": ""LEC""}"
telemetry_compare,"{""driver_a"": ""RUS"", ""driver_b"": ""LEC"", ""lap_a"": 1, ""lap_b"": 1, ""distance_m"": 1965.0, ""speed_a"": 215.7213637426629, ""speed_b"": 228.78156158386489, ""throttle_a"": 100.0, ""throttle_b"": 99.30906239820722, ""brake_a"": 0.0, ""brake_b"": 0.0, ""delta_speed"": -13.060197841201983, ""faster_driver_segment"": ""LEC""}"
telemetry_compare,"{""driver_a"": ""RUS"", ""driver_b"": ""LEC"", ""lap_a"": 1, ""lap_b"": 1, ""distance_m"": 1970.0, ""speed_a"": 217.74590757223666, ""speed_b"": 230.93090681529208, ""throttle_a"": 100.0, ""throttle_b"": 99.54787853503245, ""brake_a"": 0.0, ""brake_b"": 0.0, ""delta_speed"": -13.184999243055415, ""faster_driver_segment"": ""LEC""}"
telemetry_compare,"{""driver_a"": ""RUS"", ""driver_b"": ""LEC"", ""lap_a"": 1, ""lap_b"": 1, ""distance_m"": 1975.0, ""speed_a"": 220.18609331179732, ""speed_b"": 233.08025204671924, ""throttle_a"": 100.0, ""throttle_b"": 99.7866946718577, ""brake_a"": 0.0, ""brake_b"": 0.0, ""delta_speed"": -12.894158734921916, ""faster_driver_segment"": ""LEC""}"
telemetry_compare,"{""driver_a"": ""RUS"", ""driver_b"": ""LEC"", ""lap_a"": 1, ""lap_b"": 1, ""distance_m"": 1980.0, ""speed_a"": 223.28555338110527, ""speed_b"": 235.2276451441362, ""throttle_a"": 100.0, ""throttle_b"": 99.97470609509598, ""brake_a"": 0.0, ""brake_b"": 0.0, ""delta_speed"": -11.94209176303093, ""faster_driver_segment"": ""LEC""}"
telemetry_compare,"{""driver_a"": ""RUS"", ""driver_b"": ""LEC"", ""lap_a"": 1, ""lap_b"": 1, ""distance_m"": 1985.0, ""speed_a"": 226.34143300538128, ""speed_b"": 237.60859377543176, ""throttle_a"": 100.0, ""throttle_b"": 99.71015624717424, ""brake_a"": 0.0, ""brake_b"": 0.0, ""delta_speed"": -11.26716077005048, ""faster_driver_segment"": ""LEC""}"
telemetry_compare,"{""driver_a"": ""RUS"", ""driver_b"": ""LEC"", ""lap_a"": 1, ""lap_b"": 1, ""distance_m"": 1990.0, ""speed_a"": 229.39731262965725, ""speed_b"": 239.98954240672734, ""throttle_a"": 100.0, ""throttle_b"": 99.44560639925251, ""brake_a"": 0.0, ""brake_b"": 0.0, ""delta_speed"": -10.592229777070088, ""faster_driver_segment"": ""LEC""}"
telemetry_compare,"{""driver_a"": ""RUS"", ""driver_b"": ""LEC"", ""lap_a"": 1, ""lap_b"": 1, ""distance_m"": 1995.0, ""speed_a"": 231.79080271426093, ""speed_b"": 242.3704910380229, ""throttle_a"": 100.0, ""throttle_b"": 99.18105655133078, ""brake_a"": 0.0, ""brake_b"": 0.0, ""delta_speed"": -10.579688323761957, ""faster_driver_segment"": ""LEC""}"
telemetry_compare,"{""driver_a"": ""RUS"", ""driver_b"": ""LEC"", ""lap_a"": 1, ""lap_b"": 1, ""distance_m"": 2000.0, ""speed_a"": 234.00069079211409, ""speed_b"": 244.34074345036825, ""throttle_a"": 100.0, ""throttle_b"": 99.05679057506137, ""brake_a"": 0.0, ""brake_b"": 0.0, ""delta_speed"": -10.340052658254166, ""faster_driver_segment"": ""LEC""}"
telemetry_compare,"{""driver_a"": ""RUS"", ""driver_b"": ""LEC"", ""lap_a"": 1, ""lap_b"": 1, ""distance_m"": 2005.0, ""speed_a"": 236.21057886996724, ""speed_b"": 245.4272593239965, ""throttle_a"": 100.0, ""throttle_b"": 99.23787655399941, ""brake_a"": 0.0, ""brake_b"": 0.0, ""delta_speed"": -9.216680454029273, ""faster_driver_segment"": ""LEC""}"
telemetry_compare,"{""driver_a"": ""RUS"", ""driver_b"": ""LEC"", ""lap_a"": 1, ""lap_b"": 1, ""distance_m"": 2010.0, ""speed_a"": 238.00436091065401, ""speed_b"": 246.51377519762477, ""throttle_a"": 100.0, ""throttle_b"": 99.41896253293746, ""brake_a"": 0.0, ""brake_b"": 0.0, ""delta_speed"": -8.509414286970753, ""faster_driver_segment"": ""LEC""}"
telemetry_compare,"{""driver_a"": ""RUS"", ""driver_b"": ""LEC"", ""lap_a"": 1, ""lap_b"": 1, ""distance_m"": 2015.0, ""speed_a"": 239.55072736105674, ""speed_b"": 247.59760432399455, ""throttle_a"": 100.0, ""throttle_b"": 99.59960072066575, ""brake_a"": 0.0, ""brake_b"": 0.0, ""delta_speed"": -8.046876962937802, ""faster_driver_segment"": ""LEC""}"
telemetry_compare,"{""driver_a"": ""RUS"", ""driver_b"": ""LEC"", ""lap_a"": 1, ""lap_b"": 1, ""distance_m"": 2020.0, ""speed_a"": 241.0970938114595, ""speed_b"": 248.66917221318042, ""throttle_a"": 100.0, ""throttle_b"": 99.7781953688634, ""brake_a"": 0.0, ""brake_b"": 0.0, ""delta_speed"": -7.5720784017209155, ""faster_driver_segment"": ""LEC""}"
telemetry_compare,"{""driver_a"": ""RUS"", ""driver_b"": ""LEC"", ""lap_a"": 1, ""lap_b"": 1, ""distance_m"": 2025.0, ""speed_a"": 242.66713216278075, ""speed_b"": 249.7407401023663, ""throttle_a"": 100.0, ""throttle_b"": 99.95679001706105, ""brake_a"": 0.0, ""brake_b"": 0.0, ""delta_speed"": -7.073607939585543, ""faster_driver_segment"": ""LEC""}"
telemetry_compare,"{""driver_a"": ""RUS"", ""driver_b"": ""LEC"", ""lap_a"": 1, ""lap_b"": 1, ""distance_m"": 2030.0, ""speed_a"": 244.26040923858125, ""speed_b"": 251.1493192740273, ""throttle_a"": 100.0, ""throttle_b"": 100.0, ""brake_a"": 0.0, ""brake_b"": 0.0, ""delta_speed"": -6.8889100354460595, ""faster_driver_segment"": ""LEC""}"
telemetry_compare,"{""driver_a"": ""RUS"", ""driver_b"": ""LEC"", ""lap_a"": 1, ""lap_b"": 1, ""distance_m"": 2035.0, ""speed_a"": 245.83934396046513, ""speed_b"": 252.65824003702244, ""throttle_a"": 100.0, ""throttle_b"": 100.0, ""brake_a"": 0.0, ""brake_b"": 0.0, ""delta_speed"": -6.818896076557309, ""faster_driver_segment"": ""LEC""}"
telemetry_compare,"{""driver_a"": ""RUS"", ""driver_b"": ""LEC"", ""lap_a"": 1, ""lap_b"": 1, ""distance_m"": 2040.0, ""speed_a"": 247.41137514896005, ""speed_b"": 254.16071735271103, ""throttle_a"": 100.0, ""throttle_b"": 100.0, ""brake_a"": 0.0, ""brake_b"": 0.0, ""delta_speed"": -6.7493422037509845, ""faster_driver_segment"": ""LEC""}"
telemetry_compare,"{""driver_a"": ""RUS"", ""driver_b"": ""LEC"", ""lap_a"": 1, ""lap_b"": 1, ""distance_m"": 2045.0, ""speed_a"": 248.98340633745494, ""speed_b"": 255.6631946683996, ""throttle_a"": 100.0, ""throttle_b"": 100.0, ""brake_a"": 0.0, ""brake_b"": 0.0, ""delta_speed"": -6.67978833094466, ""faster_driver_segment"": ""LEC""}"
telemetry_compare,"{""driver_a"": ""RUS"", ""driver_b"": ""LEC"", ""lap_a"": 1, ""lap_b"": 1, ""distance_m"": 2050.0, ""speed_a"": 250.74914886326798, ""speed_b"": 256.9001951264295, ""throttle_a"": 100.0, ""throttle_b"": 100.0, ""brake_a"": 0.0, ""brake_b"": 0.0, ""delta_speed"": -6.151046263161504, ""faster_driver_segment"": ""LEC""}"
telemetry_compare,"{""driver_a"": ""RUS"", ""driver_b"": ""LEC"", ""lap_a"": 1, ""lap_b"": 1, ""distance_m"": 2055.0, ""speed_a"": 252.51439392754065, ""speed_b"": 258.0521820723212, ""throttle_a"": 100.0, ""throttle_b"": 100.0, ""brake_a"": 0.0, ""brake_b"": 0.0, ""delta_speed"": -5.5377881447805635, ""faster_driver_segment"": ""LEC""}"
telemetry_compare,"{""driver_a"": ""RUS"", ""driver_b"": ""LEC"", ""lap_a"": 1, ""lap_b"": 1, ""distance_m"": 2060.0, ""speed_a"": 254.1662644787647, ""speed_b"": 259.20416901821295, ""throttle_a"": 100.0, ""throttle_b"": 100.0, ""brake_a"": 0.0, ""brake_b"": 0.0, ""delta_speed"": -5.037904539448249, ""faster_driver_segment"": ""LEC""}"
telemetry_compare,"{""driver_a"": ""RUS"", ""driver_b"": ""LEC"", ""lap_a"": 1, ""lap_b"": 1, ""distance_m"": 2065.0, ""speed_a"": 255.25217181467204, ""speed_b"": 260.5275388124517, ""throttle_a"": 100.0, ""throttle_b"": 100.0, ""brake_a"": 0.0, ""brake_b"": 0.0, ""delta_speed"": -5.275366997779685, ""faster_driver_segment"": ""LEC""}"
telemetry_compare,"{""driver_a"": ""RUS"", ""driver_b"": ""LEC"", ""lap_a"": 1, ""lap_b"": 1, ""distance_m"": 2070.0, ""speed_a"": 256.33807915057935, ""speed_b"": 262.2226241222935, ""throttle_a"": 100.0, ""throttle_b"": 100.0, ""brake_a"": 0.0, ""brake_b"": 0.0, ""delta_speed"": -5.884544971714149, ""faster_driver_segment"": ""LEC""}"
telemetry_compare,"{""driver_a"": ""RUS"", ""driver_b"": ""LEC"", ""lap_a"": 1, ""lap_b"": 1, ""distance_m"": 2075.0, ""speed_a"": 257.4239864864867, ""speed_b"": 263.9108368050672, ""throttle_a"": 100.0, ""throttle_b"": 100.0, ""brake_a"": 0.0, ""brake_b"": 0.0, ""delta_speed"": -6.486850318580537, ""faster_driver_segment"": ""LEC""}"
telemetry_compare,"{""driver_a"": ""RUS"", ""driver_b"": ""LEC"", ""lap_a"": 1, ""lap_b"": 1, ""distance_m"": 2080.0, ""speed_a"": 258.509893822394, ""speed_b"": 265.59904948784094, ""throttle_a"": 100.0, ""throttle_b"": 100.0, ""brake_a"": 0.0, ""brake_b"": 0.0, ""delta_speed"": -7.089155665446924, ""faster_driver_segment"": ""LEC""}"
telemetry_compare,"{""driver_a"": ""RUS"", ""driver_b"": ""LEC"", ""lap_a"": 1, ""lap_b"": 1, ""distance_m"": 2085.0, ""speed_a"": 259.539572095683, ""speed_b"": 266.4796094018553, ""throttle_a"": 100.0, ""throttle_b"": 100.0, ""brake_a"": 0.0, ""brake_b"": 0.0, ""delta_speed"": -6.940037306172314, ""faster_driver_segment"": ""LEC""}"
telemetry_compare,"{""driver_a"": ""RUS"", ""driver_b"": ""LEC"", ""lap_a"": 1, ""lap_b"": 1, ""distance_m"": 2090.0, ""speed_a"": 260.5170773492823, ""speed_b"": 267.10778221417854, ""throttle_a"": 100.0, ""throttle_b"": 100.0, ""brake_a"": 0.0, ""brake_b"": 0.0, ""delta_speed"": -6.5907048648962245, ""faster_driver_segment"": ""LEC""}"
telemetry_compare,"{""driver_a"": ""RUS"", ""driver_b"": ""LEC"", ""lap_a"": 1, ""lap_b"": 1, ""distance_m"": 2095.0, ""speed_a"": 261.4936661027331, ""speed_b"": 267.73454526759576, ""throttle_a"": 100.0, ""throttle_b"": 100.0, ""brake_a"": 0.0, ""brake_b"": 0.0, ""delta_speed"": -6.24087916486269, ""faster_driver_segment"": ""LEC""}"
telemetry_compare,"{""driver_a"": ""RUS"", ""driver_b"": ""LEC"", ""lap_a"": 1, ""lap_b"": 1, ""distance_m"": 2100.0, ""speed_a"": 262.47025485618383, ""speed_b"": 268.361094165499, ""throttle_a"": 100.0, ""throttle_b"": 100.0, ""brake_a"": 0.0, ""brake_b"": 0.0, ""delta_speed"": -5.890839309315197, ""faster_driver_segment"": ""LEC""}"
telemetry_compare,"{""driver_a"": ""RUS"", ""driver_b"": ""LEC"", ""lap_a"": 1, ""lap_b"": 1, ""distance_m"": 2105.0, ""speed_a"": 263.3519524104719, ""speed_b"": 268.98764306340234, ""throttle_a"": 100.0, ""throttle_b"": 100.0, ""brake_a"": 0.0, ""brake_b"": 0.0, ""delta_speed"": -5.635690652930464, ""faster_driver_segment"": ""LEC""}"
telemetry_compare,"{""driver_a"": ""RUS"", ""driver_b"": ""LEC"", ""lap_a"": 1, ""lap_b"": 1, ""distance_m"": 2110.0, ""speed_a"": 264.11995452765063, ""speed_b"": 269.0, ""throttle_a"": 100.0, ""throttle_b"": 100.0, ""brake_a"": 0.0, ""brake_b"": 0.0, ""delta_speed"": -4.880045472349366, ""faster_driver_segment"": ""LEC""}"
telemetry_compare,"{""driver_a"": ""RUS"", ""driver_b"": ""LEC"", ""lap_a"": 1, ""lap_b"": 1, ""distance_m"": 2115.0, ""speed_a"": 264.88219423676713, ""speed_b"": 269.0, ""throttle_a"": 100.0, ""throttle_b"": 100.0, ""brake_a"": 0.0, ""brake_b"": 0.0, ""delta_speed"": -4.117805763232866, ""faster_driver_segment"": ""LEC""}"
telemetry_compare,"{""driver_a"": ""RUS"", ""driver_b"": ""LEC"", ""lap_a"": 1, ""lap_b"": 1, ""distance_m"": 2120.0, ""speed_a"": 265.6444339458836, ""speed_b"": 269.0, ""throttle_a"": 100.0, ""throttle_b"": 100.0, ""brake_a"": 0.0, ""brake_b"": 0.0, ""delta_speed"": -3.355566054116423, ""faster_driver_segment"": ""LEC""}"
telemetry_compare,"{""driver_a"": ""RUS"", ""driver_b"": ""LEC"", ""lap_a"": 1, ""lap_b"": 1, ""distance_m"": 2125.0, ""speed_a"": 266.4066736550001, ""speed_b"": 269.0, ""throttle_a"": 100.0, ""throttle_b"": 100.0, ""brake_a"": 0.0, ""brake_b"": 0.0, ""delta_speed"": -2.593326344999923, ""faster_driver_segment"": ""LEC""}"
telemetry_compare,"{""driver_a"": ""RUS"", ""driver_b"": ""LEC"", ""lap_a"": 1, ""lap_b"": 1, ""distance_m"": 2130.0, ""speed_a"": 267.1683881134758, ""speed_b"": 269.0, ""throttle_a"": 100.0, ""throttle_b"": 100.0, ""brake_a"": 0.0, ""brake_b"": 0.0, ""delta_speed"": -1.831611886524172, ""faster_driver_segment"": ""LEC""}"
telemetry_compare,"{""driver_a"": ""RUS"", ""driver_b"": ""LEC"", ""lap_a"": 1, ""lap_b"": 1, ""distance_m"": 2135.0, ""speed_a"": 267.9288541751216, ""speed_b"": 269.0, ""throttle_a"": 100.0, ""throttle_b"": 100.0, ""brake_a"": 0.0, ""brake_b"": 0.0, ""delta_speed"": -1.0711458248783856, ""faster_driver_segment"": ""LEC""}"
telemetry_compare,"{""driver_a"": ""RUS"", ""driver_b"": ""LEC"", ""lap_a"": 1, ""lap_b"": 1, ""distance_m"": 2140.0, ""speed_a"": 268.4332376148218, ""speed_b"": 269.0, ""throttle_a"": 100.0, ""throttle_b"": 100.0, ""brake_a"": 0.0, ""brake_b"": 0.0, ""delta_speed"": -0.5667623851782082, ""faster_driver_segment"": ""LEC""}"
telemetry_compare,"{""driver_a"": ""RUS"", ""driver_b"": ""LEC"", ""lap_a"": 1, ""lap_b"": 1, ""distance_m"": 2145.0, ""speed_a"": 268.90964294378136, ""speed_b"": 269.0, ""throttle_a"": 100.0, ""throttle_b"": 99.95358673885777, ""brake_a"": 0.0, ""brake_b"": 0.0, ""delta_speed"": -0.09035705621863599, ""faster_driver_segment"": ""LEC""}"
telemetry_compare,"{""driver_a"": ""RUS"", ""driver_b"": ""LEC"", ""lap_a"": 1, ""lap_b"": 1, ""distance_m"": 2150.0, ""speed_a"": 269.3850432686515, ""speed_b"": 269.0, ""throttle_a"": 100.0, ""throttle_b"": 99.71461067065874, ""brake_a"": 0.0, ""brake_b"": 0.0, ""delta_speed"": 0.3850432686514864, ""faster_driver_segment"": ""RUS""}"
telemetry_compare,"{""driver_a"": ""RUS"", ""driver_b"": ""LEC"", ""lap_a"": 1, ""lap_b"": 1, ""distance_m"": 2155.0, ""speed_a"": 269.86044359352155, ""speed_b"": 269.0, ""throttle_a"": 100.0, ""throttle_b"": 99.47562820796817, ""brake_a"": 0.0, ""brake_b"": 0.0, ""delta_speed"": 0.860443593521552, ""faster_driver_segment"": ""RUS""}"
telemetry_compare,"{""driver_a"": ""RUS"", ""driver_b"": ""LEC"", ""lap_a"": 1, ""lap_b"": 1, ""distance_m"": 2160.0, ""speed_a"": 270.9276786390569, ""speed_b"": 269.0, ""throttle_a"": 100.0, ""throttle_b"": 99.23664574527761, ""brake_a"": 0.0, ""brake_b"": 0.0, ""delta_speed"": 1.9276786390569214, ""faster_driver_segment"": ""RUS""}"
telemetry_compare,"{""driver_a"": ""RUS"", ""driver_b"": ""LEC"", ""lap_a"": 1, ""lap_b"": 1, ""distance_m"": 2165.0, ""speed_a"": 272.24084437537505, ""speed_b"": 269.0, ""throttle_a"": 100.0, ""throttle_b"": 99.0, ""brake_a"": 0.0, ""brake_b"": 0.0, ""delta_speed"": 3.2408443753750475, ""faster_driver_segment"": ""RUS""}"
telemetry_compare,"{""driver_a"": ""RUS"", ""driver_b"": ""LEC"", ""lap_a"": 1, ""lap_b"": 1, ""distance_m"": 2170.0, ""speed_a"": 273.5540101116932, ""speed_b"": 269.0, ""throttle_a"": 100.0, ""throttle_b"": 99.0, ""brake_a"": 0.0, ""brake_b"": 0.0, ""delta_speed"": 4.554010111693174, ""faster_driver_segment"": ""RUS""}"
telemetry_compare,"{""driver_a"": ""RUS"", ""driver_b"": ""LEC"", ""lap_a"": 1, ""lap_b"": 1, ""distance_m"": 2175.0, ""speed_a"": 272.89141215889316, ""speed_b"": 269.0, ""throttle_a"": 100.0, ""throttle_b"": 99.0, ""brake_a"": 0.0, ""brake_b"": 0.0, ""delta_speed"": 3.8914121588931607, ""faster_driver_segment"": ""RUS""}"
telemetry_compare,"{""driver_a"": ""RUS"", ""driver_b"": ""LEC"", ""lap_a"": 1, ""lap_b"": 1, ""distance_m"": 2180.0, ""speed_a"": 271.216808169306, ""speed_b"": 269.0, ""throttle_a"": 100.0, ""throttle_b"": 99.0, ""brake_a"": 0.0, ""brake_b"": 0.0, ""delta_speed"": 2.2168081693059776, ""faster_driver_segment"": ""RUS""}"
telemetry_compare,"{""driver_a"": ""RUS"", ""driver_b"": ""LEC"", ""lap_a"": 1, ""lap_b"": 1, ""distance_m"": 2185.0, ""speed_a"": 269.5367519707254, ""speed_b"": 269.0, ""throttle_a"": 100.0, ""throttle_b"": 99.0, ""brake_a"": 0.0, ""brake_b"": 0.0, ""delta_speed"": 0.5367519707253905, ""faster_driver_segment"": ""RUS""}"
telemetry_compare,"{""driver_a"": ""RUS"", ""driver_b"": ""LEC"", ""lap_a"": 1, ""lap_b"": 1, ""distance_m"": 2190.0, ""speed_a"": 268.0, ""speed_b"": 269.0, ""throttle_a"": 100.0, ""throttle_b"": 99.0, ""brake_a"": 0.0, ""brake_b"": 0.0, ""delta_speed"": -1.0, ""faster_driver_segment"": ""LEC""}"
telemetry_compare,"{""driver_a"": ""RUS"", ""driver_b"": ""LEC"", ""lap_a"": 1, ""lap_b"": 1, ""distance_m"": 2195.0, ""speed_a"": 268.0, ""speed_b"": 269.0, ""throttle_a"": 100.0, ""throttle_b"": 99.0, ""brake_a"": 0.0, ""brake_b"": 0.0, ""delta_speed"": -1.0, ""faster_driver_segment"": ""LEC""}"
telemetry_compare,"{""driver_a"": ""RUS"", ""driver_b"": ""LEC"", ""lap_a"": 1, ""lap_b"": 1, ""distance_m"": 2200.0, ""speed_a"": 268.0, ""speed_b"": 269.0, ""throttle_a"": 100.0, ""throttle_b"": 99.0, ""brake_a"": 0.0, ""brake_b"": 0.0, ""delta_speed"": -1.0, ""faster_driver_segment"": ""LEC""}"
telemetry_compare,"{""driver_a"": ""RUS"", ""driver_b"": ""LEC"", ""lap_a"": 1, ""lap_b"": 1, ""distance_m"": 2205.0, ""speed_a"": 268.0, ""speed_b"": 269.0, ""throttle_a"": 100.0, ""throttle_b"": 99.0, ""brake_a"": 0.0, ""brake_b"": 0.0, ""delta_speed"": -1.0, ""faster_driver_segment"": ""LEC""}"
telemetry_compare,"{""driver_a"": ""RUS"", ""driver_b"": ""LEC"", ""lap_a"": 1, ""lap_b"": 1, ""distance_m"": 2210.0, ""speed_a"": 268.0, ""speed_b"": 269.0, ""throttle_a"": 100.0, ""throttle_b"": 99.0, ""brake_a"": 0.0, ""brake_b"": 0.0, ""delta_speed"": -1.0, ""faster_driver_segment"": ""LEC""}"
telemetry_compare,"{""driver_a"": ""RUS"", ""driver_b"": ""LEC"", ""lap_a"": 1, ""lap_b"": 1, ""distance_m"": 2215.0, ""speed_a"": 268.3069495582071, ""speed_b"": 269.0, ""throttle_a"": 100.0, ""throttle_b"": 99.0, ""brake_a"": 0.0, ""brake_b"": 0.0, ""delta_speed"": -0.6930504417928773, ""faster_driver_segment"": ""LEC""}"
telemetry_compare,"{""driver_a"": ""RUS"", ""driver_b"": ""LEC"", ""lap_a"": 1, ""lap_b"": 1, ""distance_m"": 2220.0, ""speed_a"": 269.2518558030945, ""speed_b"": 269.0, ""throttle_a"": 100.0, ""throttle_b"": 99.0, ""brake_a"": 0.0, ""brake_b"": 0.0, ""delta_speed"": 0.25185580309448596, ""faster_driver_segment"": ""RUS""}"
telemetry_compare,"{""driver_a"": ""RUS"", ""driver_b"": ""LEC"", ""lap_a"": 1, ""lap_b"": 1, ""distance_m"": 2225.0, ""speed_a"": 270.19676204798185, ""speed_b"": 269.0, ""throttle_a"": 100.0, ""throttle_b"": 99.0, ""brake_a"": 0.0, ""brake_b"": 0.0, ""delta_speed"": 1.1967620479818493, ""faster_driver_segment"": ""RUS""}"
telemetry_compare,"{""driver_a"": ""RUS"", ""driver_b"": ""LEC"", ""lap_a"": 1, ""lap_b"": 1, ""distance_m"": 2230.0, ""speed_a"": 271.14166829286916, ""speed_b"": 269.0, ""throttle_a"": 100.0, ""throttle_b"": 99.0, ""brake_a"": 0.0, ""brake_b"": 0.0, ""delta_speed"": 2.1416682928691557, ""faster_driver_segment"": ""RUS""}"
telemetry_compare,"{""driver_a"": ""RUS"", ""driver_b"": ""LEC"", ""lap_a"": 1, ""lap_b"": 1, ""distance_m"": 2235.0, ""speed_a"": 272.0, ""speed_b"": 269.9730264184119, ""throttle_a"": 100.0, ""throttle_b"": 99.0, ""brake_a"": 0.0, ""brake_b"": 0.0, ""delta_speed"": 2.026973581588095, ""faster_driver_segment"": ""RUS""}"
telemetry_compare,"{""driver_a"": ""RUS"", ""driver_b"": ""LEC"", ""lap_a"": 1, ""lap_b"": 1, ""distance_m"": 2240.0, ""speed_a"": 272.0, ""speed_b"": 273.7026847513391, ""throttle_a"": 100.0, ""throttle_b"": 99.0, ""brake_a"": 0.0, ""brake_b"": 0.0, ""delta_speed"": -1.7026847513391203, ""faster_driver_segment"": ""LEC""}"
telemetry_compare,"{""driver_a"": ""RUS"", ""driver_b"": ""LEC"", ""lap_a"": 1, ""lap_b"": 1, ""distance_m"": 2245.0, ""speed_a"": 272.0, ""speed_b"": 277.43234308426634, ""throttle_a"": 100.0, ""throttle_b"": 99.0, ""brake_a"": 0.0, ""brake_b"": 0.0, ""delta_speed"": -5.432343084266336, ""faster_driver_segment"": ""LEC""}"
telemetry_compare,"{""driver_a"": ""RUS"", ""driver_b"": ""LEC"", ""lap_a"": 1, ""lap_b"": 1, ""distance_m"": 2250.0, ""speed_a"": 272.0, ""speed_b"": 281.1142176839558, ""throttle_a"": 100.0, ""throttle_b"": 99.0, ""brake_a"": 0.0, ""brake_b"": 0.0, ""delta_speed"": -9.114217683955815, ""faster_driver_segment"": ""LEC""}"
telemetry_compare,"{""driver_a"": ""RUS"", ""driver_b"": ""LEC"", ""lap_a"": 1, ""lap_b"": 1, ""distance_m"": 2255.0, ""speed_a"": 272.0, ""speed_b"": 283.0963366341851, ""throttle_a"": 100.0, ""throttle_b"": 99.0, ""brake_a"": 0.0, ""brake_b"": 0.0, ""delta_speed"": -11.096336634185093, ""faster_driver_segment"": ""LEC""}"
telemetry_compare,"{""driver_a"": ""RUS"", ""driver_b"": ""LEC"", ""lap_a"": 1, ""lap_b"": 1, ""distance_m"": 2260.0, ""speed_a"": 273.22489808293847, ""speed_b"": 283.29400018236504, ""throttle_a"": 100.0, ""throttle_b"": 99.0, ""brake_a"": 0.0, ""brake_b"": 0.0, ""delta_speed"": -10.069102099426573, ""faster_driver_segment"": ""LEC""}"
telemetry_compare,"{""driver_a"": ""RUS"", ""driver_b"": ""LEC"", ""lap_a"": 1, ""lap_b"": 1, ""distance_m"": 2265.0, ""speed_a"": 277.980757766476, ""speed_b"": 283.492240490574, ""throttle_a"": 100.0, ""throttle_b"": 99.0, ""brake_a"": 0.0, ""brake_b"": 0.0, ""delta_speed"": -5.511482724097959, ""faster_driver_segment"": ""LEC""}"
telemetry_compare,"{""driver_a"": ""RUS"", ""driver_b"": ""LEC"", ""lap_a"": 1, ""lap_b"": 1, ""distance_m"": 2270.0, ""speed_a"": 282.7366174500135, ""speed_b"": 283.69048079878297, ""throttle_a"": 100.0, ""throttle_b"": 99.0, ""brake_a"": 0.0, ""brake_b"": 0.0, ""delta_speed"": -0.9538633487694597, ""faster_driver_segment"": ""LEC""}"
telemetry_compare,"{""driver_a"": ""RUS"", ""driver_b"": ""LEC"", ""lap_a"": 1, ""lap_b"": 1, ""distance_m"": 2275.0, ""speed_a"": 284.21961406619846, ""speed_b"": 283.88872110699197, ""throttle_a"": 100.0, ""throttle_b"": 99.0, ""brake_a"": 0.0, ""brake_b"": 0.0, ""delta_speed"": 0.3308929592064942, ""faster_driver_segment"": ""RUS""}"
telemetry_compare,"{""driver_a"": ""RUS"", ""driver_b"": ""LEC"", ""lap_a"": 1, ""lap_b"": 1, ""distance_m"": 2280.0, ""speed_a"": 284.51917856995505, ""speed_b"": 284.0, ""throttle_a"": 100.0, ""throttle_b"": 99.09943784661237, ""brake_a"": 0.0, ""brake_b"": 0.0, ""delta_speed"": 0.5191785699550451, ""faster_driver_segment"": ""RUS""}"
telemetry_compare,"{""driver_a"": ""RUS"", ""driver_b"": ""LEC"", ""lap_a"": 1, ""lap_b"": 1, ""distance_m"": 2285.0, ""speed_a"": 284.81874307371163, ""speed_b"": 284.0, ""throttle_a"": 100.0, ""throttle_b"": 99.3260461299674, ""brake_a"": 0.0, ""brake_b"": 0.0, ""delta_speed"": 0.8187430737116301, ""faster_driver_segment"": ""RUS""}"
telemetry_compare,"{""driver_a"": ""RUS"", ""driver_b"": ""LEC"", ""lap_a"": 1, ""lap_b"": 1, ""distance_m"": 2290.0, ""speed_a"": 285.1183075774683, ""speed_b"": 284.0, ""throttle_a"": 100.0, ""throttle_b"": 99.5526544133224, ""brake_a"": 0.0, ""brake_b"": 0.0, ""delta_speed"": 1.118307577468272, ""faster_driver_segment"": ""RUS""}"
telemetry_compare,"{""driver_a"": ""RUS"", ""driver_b"": ""LEC"", ""lap_a"": 1, ""lap_b"": 1, ""distance_m"": 2295.0, ""speed_a"": 285.41787208122486, ""speed_b"": 284.0, ""throttle_a"": 100.0, ""throttle_b"": 99.77926269667742, ""brake_a"": 0.0, ""brake_b"": 0.0, ""delta_speed"": 1.417872081224857, ""faster_driver_segment"": ""RUS""}"
telemetry_compare,"{""driver_a"": ""RUS"", ""driver_b"": ""LEC"", ""lap_a"": 1, ""lap_b"": 1, ""distance_m"": 2300.0, ""speed_a"": 285.7163123785087, ""speed_b"": 284.0243285934028, ""throttle_a"": 100.0, ""throttle_b"": 100.0, ""brake_a"": 0.0, ""brake_b"": 0.0, ""delta_speed"": 1.69198378510589, ""faster_driver_segment"": ""RUS""}"
telemetry_compare,"{""driver_a"": ""RUS"", ""driver_b"": ""LEC"", ""lap_a"": 1, ""lap_b"": 1, ""distance_m"": 2305.0, ""speed_a"": 286.0145830626042, ""speed_b"": 285.18899529886795, ""throttle_a"": 100.0, ""throttle_b"": 100.0, ""brake_a"": 0.0, ""brake_b"": 0.0, ""delta_speed"": 0.8255877637362232, ""faster_driver_segment"": ""RUS""}"
telemetry_compare,"{""driver_a"": ""RUS"", ""driver_b"": ""LEC"", ""lap_a"": 1, ""lap_b"": 1, ""distance_m"": 2310.0, ""speed_a"": 286.31285374669966, ""speed_b"": 286.3536620043331, ""throttle_a"": 100.0, ""throttle_b"": 100.0, ""brake_a"": 0.0, ""brake_b"": 0.0, ""delta_speed"": -0.040808257633443645, ""faster_driver_segment"": ""LEC""}"
telemetry_compare,"{""driver_a"": ""RUS"", ""driver_b"": ""LEC"", ""lap_a"": 1, ""lap_b"": 1, ""distance_m"": 2315.0, ""speed_a"": 286.61100611060425, ""speed_b"": 287.51832870979825, ""throttle_a"": 100.0, ""throttle_b"": 100.0, ""brake_a"": 0.0, ""brake_b"": 0.0, ""delta_speed"": -0.9073225991940035, ""faster_driver_segment"": ""LEC""}"
telemetry_compare,"{""driver_a"": ""RUS"", ""driver_b"": ""LEC"", ""lap_a"": 1, ""lap_b"": 1, ""distance_m"": 2320.0, ""speed_a"": 286.90610419389975, ""speed_b"": 288.68189602336236, ""throttle_a"": 100.0, ""throttle_b"": 100.0, ""brake_a"": 0.0, ""brake_b"": 0.0, ""delta_speed"": -1.7757918294626052, ""faster_driver_segment"": ""LEC""}"
telemetry_compare,"{""driver_a"": ""RUS"", ""driver_b"": ""LEC"", ""lap_a"": 1, ""lap_b"": 1, ""distance_m"": 2325.0, ""speed_a"": 287.2012022771952, ""speed_b"": 289.8435622777432, ""throttle_a"": 100.0, ""throttle_b"": 100.0, ""brake_a"": 0.0, ""brake_b"": 0.0, ""delta_speed"": -2.642360000548024, ""faster_driver_segment"": ""LEC""}"
telemetry_compare,"{""driver_a"": ""RUS"", ""driver_b"": ""LEC"", ""lap_a"": 1, ""lap_b"": 1, ""distance_m"": 2330.0, ""speed_a"": 287.49630036049064, ""speed_b"": 290.0, ""throttle_a"": 100.0, ""throttle_b"": 100.0, ""brake_a"": 0.0, ""brake_b"": 0.0, ""delta_speed"": -2.503699639509364, ""faster_driver_segment"": ""LEC""}"
telemetry_compare,"{""driver_a"": ""RUS"", ""driver_b"": ""LEC"", ""lap_a"": 1, ""lap_b"": 1, ""distance_m"": 2335.0, ""speed_a"": 287.7913984437861, ""speed_b"": 290.0, ""throttle_a"": 100.0, ""throttle_b"": 100.0, ""brake_a"": 0.0, ""brake_b"": 0.0, ""delta_speed"": -2.208601556213921, ""faster_driver_segment"": ""LEC""}"
telemetry_compare,"{""driver_a"": ""RUS"", ""driver_b"": ""LEC"", ""lap_a"": 1, ""lap_b"": 1, ""distance_m"": 2340.0, ""speed_a"": 288.3860806647599, ""speed_b"": 290.1258953579698, ""throttle_a"": 100.0, ""throttle_b"": 100.0, ""brake_a"": 0.0, ""brake_b"": 0.0, ""delta_speed"": -1.739814693209894, ""faster_driver_segment"": ""LEC""}"
telemetry_compare,"{""driver_a"": ""RUS"", ""driver_b"": ""LEC"", ""lap_a"": 1, ""lap_b"": 1, ""distance_m"": 2345.0, ""speed_a"": 289.7032626142816, ""speed_b"": 290.5637076538465, ""throttle_a"": 100.0, ""throttle_b"": 100.0, ""brake_a"": 0.0, ""brake_b"": 0.0, ""delta_speed"": -0.8604450395649224, ""faster_driver_segment"": ""LEC""}"
telemetry_compare,"{""driver_a"": ""RUS"", ""driver_b"": ""LEC"", ""lap_a"": 1, ""lap_b"": 1, ""distance_m"": 2350.0, ""speed_a"": 291.01447678438683, ""speed_b"": 291.0015199497232, ""throttle_a"": 100.0, ""throttle_b"": 100.0, ""brake_a"": 0.0, ""brake_b"": 0.0, ""delta_speed"": 0.012956834663611971, ""faster_driver_segment"": ""RUS""}"
telemetry_compare,"{""driver_a"": ""RUS"", ""driver_b"": ""LEC"", ""lap_a"": 1, ""lap_b"": 1, ""distance_m"": 2355.0, ""speed_a"": 292.32498353266476, ""speed_b"": 291.4393322455999, ""throttle_a"": 100.0, ""throttle_b"": 100.0, ""brake_a"": 0.0, ""brake_b"": 0.0, ""delta_speed"": 0.8856512870648316, ""faster_driver_segment"": ""RUS""}"
telemetry_compare,"{""driver_a"": ""RUS"", ""driver_b"": ""LEC"", ""lap_a"": 1, ""lap_b"": 1, ""distance_m"": 2360.0, ""speed_a"": 293.6341344839892, ""speed_b"": 291.87714454147664, ""throttle_a"": 100.0, ""throttle_b"": 100.0, ""brake_a"": 0.0, ""brake_b"": 0.0, ""delta_speed"": 1.7569899425125755, ""faster_driver_segment"": ""RUS""}"
telemetry_compare,"{""driver_a"": ""RUS"", ""driver_b"": ""LEC"", ""lap_a"": 1, ""lap_b"": 1, ""distance_m"": 2365.0, ""speed_a"": 294.4673881673882, ""speed_b"": 292.3131619585443, ""throttle_a"": 100.0, ""throttle_b"": 100.0, ""brake_a"": 0.0, ""brake_b"": 0.0, ""delta_speed"": 2.154226208843909, ""faster_driver_segment"": ""RUS""}"
telemetry_compare,"{""driver_a"": ""RUS"", ""driver_b"": ""LEC"", ""lap_a"": 1, ""lap_b"": 1, ""distance_m"": 2370.0, ""speed_a"": 295.11673881673886, ""speed_b"": 292.7448940156658, ""throttle_a"": 100.0, ""throttle_b"": 100.0, ""brake_a"": 0.0, ""brake_b"": 0.0, ""delta_speed"": 2.3718448010730526, ""faster_driver_segment"": ""RUS""}"
telemetry_compare,"{""driver_a"": ""RUS"", ""driver_b"": ""LEC"", ""lap_a"": 1, ""lap_b"": 1, ""distance_m"": 2375.0, ""speed_a"": 295.7660894660895, ""speed_b"": 293.17662607278737, ""throttle_a"": 100.0, ""throttle_b"": 100.0, ""brake_a"": 0.0, ""brake_b"": 0.0, ""delta_speed"": 2.5894633933021396, ""faster_driver_segment"": ""RUS""}"
telemetry_compare,"{""driver_a"": ""RUS"", ""driver_b"": ""LEC"", ""lap_a"": 1, ""lap_b"": 1, ""distance_m"": 2380.0, ""speed_a"": 296.41544011544016, ""speed_b"": 293.60835812990894, ""throttle_a"": 100.0, ""throttle_b"": 100.0, ""brake_a"": 0.0, ""brake_b"": 0.0, ""delta_speed"": 2.8070819855312266, ""faster_driver_segment"": ""RUS""}"
telemetry_compare,"{""driver_a"": ""RUS"", ""driver_b"": ""LEC"", ""lap_a"": 1, ""lap_b"": 1, ""distance_m"": 2385.0, ""speed_a"": 297.03766362132797, ""speed_b"": 294.04049068090717, ""throttle_a"": 100.0, ""throttle_b"": 100.0, ""brake_a"": 0.0, ""brake_b"": 0.0, ""delta_speed"": 2.9971729404207963, ""faster_driver_segment"": ""RUS""}"
telemetry_compare,"{""driver_a"": ""RUS"", ""driver_b"": ""LEC"", ""lap_a"": 1, ""lap_b"": 1, ""distance_m"": 2390.0, ""speed_a"": 297.41389444677316, ""speed_b"": 294.47345699417036, ""throttle_a"": 100.0, ""throttle_b"": 100.0, ""brake_a"": 0.0, ""brake_b"": 0.0, ""delta_speed"": 2.9404374526027937, ""faster_driver_segment"": ""RUS""}"
telemetry_compare,"{""driver_a"": ""RUS"", ""driver_b"": ""LEC"", ""lap_a"": 1, ""lap_b"": 1, ""distance_m"": 2395.0, ""speed_a"": 297.79012527221835, ""speed_b"": 294.9064233074335, ""throttle_a"": 100.0, ""throttle_b"": 100.0, ""brake_a"": 0.0, ""brake_b"": 0.0, ""delta_speed"": 2.883701964784848, ""faster_driver_segment"": ""RUS""}"
telemetry_compare,"{""driver_a"": ""RUS"", ""driver_b"": ""LEC"", ""lap_a"": 1, ""lap_b"": 1, ""distance_m"": 2400.0, ""speed_a"": 298.16635609766354, ""speed_b"": 295.33938962069664, ""throttle_a"": 100.0, ""throttle_b"": 100.0, ""brake_a"": 0.0, ""brake_b"": 0.0, ""delta_speed"": 2.826966476966902, ""faster_driver_segment"": ""RUS""}"
telemetry_compare,"{""driver_a"": ""RUS"", ""driver_b"": ""LEC"", ""lap_a"": 1, ""lap_b"": 1, ""distance_m"": 2405.0, ""speed_a"": 298.54258692310873, ""speed_b"": 295.77235593395983, ""throttle_a"": 100.0, ""throttle_b"": 100.0, ""brake_a"": 0.0, ""brake_b"": 0.0, ""delta_speed"": 2.7702309891488994, ""faster_driver_segment"": ""RUS""}"
telemetry_compare,"{""driver_a"": ""RUS"", ""driver_b"": ""LEC"", ""lap_a"": 1, ""lap_b"": 1, ""distance_m"": 2410.0, ""speed_a"": 298.9188177485539, ""speed_b"": 296.0, ""throttle_a"": 100.0, ""throttle_b"": 100.0, ""brake_a"": 0.0, ""brake_b"": 0.0, ""delta_speed"": 2.91881774855392, ""faster_driver_segment"": ""RUS""}"
telemetry_compare,"{""driver_a"": ""RUS"", ""driver_b"": ""LEC"", ""lap_a"": 1, ""lap_b"": 1, ""distance_m"": 2415.0, ""speed_a"": 299.4696709179715, ""speed_b"": 296.0, ""throttle_a"": 100.0, ""throttle_b"": 100.0, ""brake_a"": 0.0, ""brake_b"": 0.0, ""delta_speed"": 3.4696709179714844, ""faster_driver_segment"": ""RUS""}"
telemetry_compare,"{""driver_a"": ""RUS"", ""driver_b"": ""LEC"", ""lap_a"": 1, ""lap_b"": 1, ""distance_m"": 2420.0, ""speed_a"": 300.0685712100859, ""speed_b"": 296.0, ""throttle_a"": 100.0, ""throttle_b"": 100.0, ""brake_a"": 0.0, ""brake_b"": 0.0, ""delta_speed"": 4.068571210085906, ""faster_driver_segment"": ""RUS""}"
telemetry_compare,"{""driver_a"": ""RUS"", ""driver_b"": ""LEC"", ""lap_a"": 1, ""lap_b"": 1, ""distance_m"": 2425.0, ""speed_a"": 300.66583240052796, ""speed_b"": 296.0, ""throttle_a"": 100.0, ""throttle_b"": 100.0, ""brake_a"": 0.0, ""brake_b"": 0.0, ""delta_speed"": 4.665832400527961, ""faster_driver_segment"": ""RUS""}"
telemetry_compare,"{""driver_a"": ""RUS"", ""driver_b"": ""LEC"", ""lap_a"": 1, ""lap_b"": 1, ""distance_m"": 2430.0, ""speed_a"": 301.28062896240004, ""speed_b"": 296.0, ""throttle_a"": 100.0, ""throttle_b"": 100.0, ""brake_a"": 0.0, ""brake_b"": 0.0, ""delta_speed"": 5.280628962400044, ""faster_driver_segment"": ""RUS""}"
telemetry_compare,"{""driver_a"": ""RUS"", ""driver_b"": ""LEC"", ""lap_a"": 1, ""lap_b"": 1, ""distance_m"": 2435.0, ""speed_a"": 301.9187443392573, ""speed_b"": 296.37526366251194, ""throttle_a"": 100.0, ""throttle_b"": 100.0, ""brake_a"": 0.0, ""brake_b"": 0.0, ""delta_speed"": 5.543480676745332, ""faster_driver_segment"": ""RUS""}"
telemetry_compare,"{""driver_a"": ""RUS"", ""driver_b"": ""LEC"", ""lap_a"": 1, ""lap_b"": 1, ""distance_m"": 2440.0, ""speed_a"": 302.55602816899443, ""speed_b"": 296.8067114093959, ""throttle_a"": 100.0, ""throttle_b"": 100.0, ""brake_a"": 0.0, ""brake_b"": 0.0, ""delta_speed"": 5.749316759598514, ""faster_driver_segment"": ""RUS""}"
telemetry_compare,"{""driver_a"": ""RUS"", ""driver_b"": ""LEC"", ""lap_a"": 1, ""lap_b"": 1, ""distance_m"": 2445.0, ""speed_a"": 303.19151699437583, ""speed_b"": 297.2381591562799, ""throttle_a"": 100.0, ""throttle_b"": 100.0, ""brake_a"": 0.0, ""brake_b"": 0.0, ""delta_speed"": 5.95335783809594, ""faster_driver_segment"": ""RUS""}"
telemetry_compare,"{""driver_a"": ""RUS"", ""driver_b"": ""LEC"", ""lap_a"": 1, ""lap_b"": 1, ""distance_m"": 2450.0, ""speed_a"": 303.8270058197573, ""speed_b"": 297.66960690316387, ""throttle_a"": 100.0, ""throttle_b"": 100.0, ""brake_a"": 0.0, ""brake_b"": 0.0, ""delta_speed"": 6.157398916593422, ""faster_driver_segment"": ""RUS""}"
telemetry_compare,"{""driver_a"": ""RUS"", ""driver_b"": ""LEC"", ""lap_a"": 1, ""lap_b"": 1, ""distance_m"": 2455.0, ""speed_a"": 304.1343431743988, ""speed_b"": 297.91109207780306, ""throttle_a"": 100.0, ""throttle_b"": 100.0, ""brake_a"": 0.0, ""brake_b"": 0.0, ""delta_speed"": 6.223251096595732, ""faster_driver_segment"": ""RUS""}"
telemetry_compare,"{""driver_a"": ""RUS"", ""driver_b"": ""LEC"", ""lap_a"": 1, ""lap_b"": 1, ""distance_m"": 2460.0, ""speed_a"": 304.3188824465141, ""speed_b"": 297.53100216574995, ""throttle_a"": 100.0, ""throttle_b"": 100.0, ""brake_a"": 0.0, ""brake_b"": 0.0, ""delta_speed"": 6.7878802807641705, ""faster_driver_segment"": ""RUS""}"
telemetry_compare,"{""driver_a"": ""RUS"", ""driver_b"": ""LEC"", ""lap_a"": 1, ""lap_b"": 1, ""distance_m"": 2465.0, ""speed_a"": 304.50326273709175, ""speed_b"": 297.15091225369684, ""throttle_a"": 100.0, ""throttle_b"": 100.0, ""brake_a"": 0.0, ""brake_b"": 0.0, ""delta_speed"": 7.3523504833949005, ""faster_driver_segment"": ""RUS""}"
telemetry_compare,"{""driver_a"": ""RUS"", ""driver_b"": ""LEC"", ""lap_a"": 1, ""lap_b"": 1, ""distance_m"": 2470.0, ""speed_a"": 304.6876430276693, ""speed_b"": 296.77082234164374, ""throttle_a"": 100.0, ""throttle_b"": 100.0, ""brake_a"": 0.0, ""brake_b"": 0.0, ""delta_speed"": 7.916820686025574, ""faster_driver_segment"": ""RUS""}"
telemetry_compare,"{""driver_a"": ""RUS"", ""driver_b"": ""LEC"", ""lap_a"": 1, ""lap_b"": 1, ""distance_m"": 2475.0, ""speed_a"": 304.87202331824693, ""speed_b"": 296.3907324295906, ""throttle_a"": 100.0, ""throttle_b"": 100.0, ""brake_a"": 0.0, ""brake_b"": 0.0, ""delta_speed"": 8.481290888656304, ""faster_driver_segment"": ""RUS""}"
telemetry_compare,"{""driver_a"": ""RUS"", ""driver_b"": ""LEC"", ""lap_a"": 1, ""lap_b"": 1, ""distance_m"": 2480.0, ""speed_a"": 305.07489106753815, ""speed_b"": 296.0106425175375, ""throttle_a"": 100.0, ""throttle_b"": 100.0, ""brake_a"": 0.0, ""brake_b"": 0.0, ""delta_speed"": 9.064248550000627, ""faster_driver_segment"": ""RUS""}"
telemetry_compare,"{""driver_a"": ""RUS"", ""driver_b"": ""LEC"", ""lap_a"": 1, ""lap_b"": 1, ""distance_m"": 2485.0, ""speed_a"": 305.31998910675384, ""speed_b"": 296.878240199175, ""throttle_a"": 100.0, ""throttle_b"": 100.0, ""brake_a"": 0.0, ""brake_b"": 0.0, ""delta_speed"": 8.441748907578813, ""faster_driver_segment"": ""RUS""}"
telemetry_compare,"{""driver_a"": ""RUS"", ""driver_b"": ""LEC"", ""lap_a"": 1, ""lap_b"": 1, ""distance_m"": 2490.0, ""speed_a"": 305.56508714596947, ""speed_b"": 297.78177949873793, ""throttle_a"": 100.0, ""throttle_b"": 100.0, ""brake_a"": 0.0, ""brake_b"": 0.0, ""delta_speed"": 7.783307647231538, ""faster_driver_segment"": ""RUS""}"
telemetry_compare,"{""driver_a"": ""RUS"", ""driver_b"": ""LEC"", ""lap_a"": 1, ""lap_b"": 1, ""distance_m"": 2495.0, ""speed_a"": 305.81018518518516, ""speed_b"": 298.6840609336232, ""throttle_a"": 100.0, ""throttle_b"": 100.0, ""brake_a"": 0.0, ""brake_b"": 0.0, ""delta_speed"": 7.126124251561976, ""faster_driver_segment"": ""RUS""}"
telemetry_compare,"{""driver_a"": ""RUS"", ""driver_b"": ""LEC"", ""lap_a"": 1, ""lap_b"": 1, ""distance_m"": 2500.0, ""speed_a"": 306.0, ""speed_b"": 299.0, ""throttle_a"": 100.0, ""throttle_b"": 100.0, ""brake_a"": 0.0, ""brake_b"": 0.0, ""delta_speed"": 7.0, ""faster_driver_segment"": ""RUS""}"
telemetry_compare,"{""driver_a"": ""RUS"", ""driver_b"": ""LEC"", ""lap_a"": 1, ""lap_b"": 1, ""distance_m"": 2505.0, ""speed_a"": 306.0, ""speed_b"": 299.0, ""throttle_a"": 100.0, ""throttle_b"": 100.0, ""brake_a"": 0.0, ""brake_b"": 0.0, ""delta_speed"": 7.0, ""faster_driver_segment"": ""RUS""}"
telemetry_compare,"{""driver_a"": ""RUS"", ""driver_b"": ""LEC"", ""lap_a"": 1, ""lap_b"": 1, ""distance_m"": 2510.0, ""speed_a"": 306.0, ""speed_b"": 299.0, ""throttle_a"": 100.0, ""throttle_b"": 100.0, ""brake_a"": 0.0, ""brake_b"": 0.0, ""delta_speed"": 7.0, ""faster_driver_segment"": ""RUS""}"
telemetry_compare,"{""driver_a"": ""RUS"", ""driver_b"": ""LEC"", ""lap_a"": 1, ""lap_b"": 1, ""distance_m"": 2515.0, ""speed_a"": 306.0, ""speed_b"": 299.0, ""throttle_a"": 100.0, ""throttle_b"": 100.0, ""brake_a"": 0.0, ""brake_b"": 0.0, ""delta_speed"": 7.0, ""faster_driver_segment"": ""RUS""}"
telemetry_compare,"{""driver_a"": ""RUS"", ""driver_b"": ""LEC"", ""lap_a"": 1, ""lap_b"": 1, ""distance_m"": 2520.0, ""speed_a"": 306.0, ""speed_b"": 299.005722880764, ""throttle_a"": 100.0, ""throttle_b"": 100.0, ""brake_a"": 0.0, ""brake_b"": 0.0, ""delta_speed"": 6.994277119236017, ""faster_driver_segment"": ""RUS""}"
telemetry_compare,"{""driver_a"": ""RUS"", ""driver_b"": ""LEC"", ""lap_a"": 1, ""lap_b"": 1, ""distance_m"": 2525.0, ""speed_a"": 306.0, ""speed_b"": 299.38031143986257, ""throttle_a"": 100.0, ""throttle_b"": 100.0, ""brake_a"": 0.0, ""brake_b"": 0.0, ""delta_speed"": 6.619688560137433, ""faster_driver_segment"": ""RUS""}"
telemetry_compare,"{""driver_a"": ""RUS"", ""driver_b"": ""LEC"", ""lap_a"": 1, ""lap_b"": 1, ""distance_m"": 2530.0, ""speed_a"": 306.0, ""speed_b"": 299.7542492726965, ""throttle_a"": 100.0, ""throttle_b"": 100.0, ""brake_a"": 0.0, ""brake_b"": 0.0, ""delta_speed"": 6.245750727303516, ""faster_driver_segment"": ""RUS""}"
telemetry_compare,"{""driver_a"": ""RUS"", ""driver_b"": ""LEC"", ""lap_a"": 1, ""lap_b"": 1, ""distance_m"": 2535.0, ""speed_a"": 306.0, ""speed_b"": 300.12768342388705, ""throttle_a"": 100.0, ""throttle_b"": 100.0, ""brake_a"": 0.0, ""brake_b"": 0.0, ""delta_speed"": 5.872316576112951, ""faster_driver_segment"": ""RUS""}"
telemetry_compare,"{""driver_a"": ""RUS"", ""driver_b"": ""LEC"", ""lap_a"": 1, ""lap_b"": 1, ""distance_m"": 2540.0, ""speed_a"": 306.0, ""speed_b"": 300.50111757507767, ""throttle_a"": 100.0, ""throttle_b"": 100.0, ""brake_a"": 0.0, ""brake_b"": 0.0, ""delta_speed"": 5.4988824249223285, ""faster_driver_segment"": ""RUS""}"
telemetry_compare,"{""driver_a"": ""RUS"", ""driver_b"": ""LEC"", ""lap_a"": 1, ""lap_b"": 1, ""distance_m"": 2545.0, ""speed_a"": 306.0, ""speed_b"": 300.8745517262683, ""throttle_a"": 100.0, ""throttle_b"": 100.0, ""brake_a"": 0.0, ""brake_b"": 0.0, ""delta_speed"": 5.125448273731706, ""faster_driver_segment"": ""RUS""}"
telemetry_compare,"{""driver_a"": ""RUS"", ""driver_b"": ""LEC"", ""lap_a"": 1, ""lap_b"": 1, ""distance_m"": 2550.0, ""speed_a"": 306.0186723671079, ""speed_b"": 301.0, ""throttle_a"": 100.0, ""throttle_b"": 100.0, ""brake_a"": 0.0, ""brake_b"": 0.0, ""delta_speed"": 5.018672367107911, ""faster_driver_segment"": ""RUS""}"
telemetry_compare,"{""driver_a"": ""RUS"", ""driver_b"": ""LEC"", ""lap_a"": 1, ""lap_b"": 1, ""distance_m"": 2555.0, ""speed_a"": 306.74863923409515, ""speed_b"": 301.0, ""throttle_a"": 100.0, ""throttle_b"": 100.0, ""brake_a"": 0.0, ""brake_b"": 0.0, ""delta_speed"": 5.748639234095151, ""faster_driver_segment"": ""RUS""}"
telemetry_compare,"{""driver_a"": ""RUS"", ""driver_b"": ""LEC"", ""lap_a"": 1, ""lap_b"": 1, ""distance_m"": 2560.0, ""speed_a"": 307.47617738914573, ""speed_b"": 301.0, ""throttle_a"": 100.0, ""throttle_b"": 100.0, ""brake_a"": 0.0, ""brake_b"": 0.0, ""delta_speed"": 6.476177389145732, ""faster_driver_segment"": ""RUS""}"
telemetry_compare,"{""driver_a"": ""RUS"", ""driver_b"": ""LEC"", ""lap_a"": 1, ""lap_b"": 1, ""distance_m"": 2565.0, ""speed_a"": 308.2037155441963, ""speed_b"": 301.0, ""throttle_a"": 100.0, ""throttle_b"": 100.0, ""brake_a"": 0.0, ""brake_b"": 0.0, ""delta_speed"": 7.203715544196314, ""faster_driver_segment"": ""RUS""}"
telemetry_compare,"{""driver_a"": ""RUS"", ""driver_b"": ""LEC"", ""lap_a"": 1, ""lap_b"": 1, ""distance_m"": 2570.0, ""speed_a"": 308.93127352947073, ""speed_b"": 301.1079808732793, ""throttle_a"": 100.0, ""throttle_b"": 100.0, ""brake_a"": 0.0, ""brake_b"": 0.0, ""delta_speed"": 7.823292656191427, ""faster_driver_segment"": ""RUS""}"
telemetry_compare,"{""driver_a"": ""RUS"", ""driver_b"": ""LEC"", ""lap_a"": 1, ""lap_b"": 1, ""distance_m"": 2575.0, ""speed_a"": 309.0, ""speed_b"": 301.27375745665125, ""throttle_a"": 100.0, ""throttle_b"": 100.0, ""brake_a"": 0.0, ""brake_b"": 0.0, ""delta_speed"": 7.7262425433487465, ""faster_driver_segment"": ""RUS""}"
telemetry_compare,"{""driver_a"": ""RUS"", ""driver_b"": ""LEC"", ""lap_a"": 1, ""lap_b"": 1, ""distance_m"": 2580.0, ""speed_a"": 309.0, ""speed_b"": 301.439445183819, ""throttle_a"": 100.0, ""throttle_b"": 100.0, ""brake_a"": 0.0, ""brake_b"": 0.0, ""delta_speed"": 7.560554816181025, ""faster_driver_segment"": ""RUS""}"
telemetry_compare,"{""driver_a"": ""RUS"", ""driver_b"": ""LEC"", ""lap_a"": 1, ""lap_b"": 1, ""distance_m"": 2585.0, ""speed_a"": 309.02577568175917, ""speed_b"": 301.6048412446543, ""throttle_a"": 100.0, ""throttle_b"": 100.0, ""brake_a"": 0.0, ""brake_b"": 0.0, ""delta_speed"": 7.420934437104847, ""faster_driver_segment"": ""RUS""}"
telemetry_compare,"{""driver_a"": ""RUS"", ""driver_b"": ""LEC"", ""lap_a"": 1, ""lap_b"": 1, ""distance_m"": 2590.0, ""speed_a"": 309.2072161284098, ""speed_b"": 301.7702373054896, ""throttle_a"": 100.0, ""throttle_b"": 100.0, ""brake_a"": 0.0, ""brake_b"": 0.0, ""delta_speed"": 7.436978822920196, ""faster_driver_segment"": ""RUS""}"
telemetry_compare,"{""driver_a"": ""RUS"", ""driver_b"": ""LEC"", ""lap_a"": 1, ""lap_b"": 1, ""distance_m"": 2595.0, ""speed_a"": 309.3886565750604, ""speed_b"": 301.9356333663249, ""throttle_a"": 100.0, ""throttle_b"": 100.0, ""brake_a"": 0.0, ""brake_b"": 0.0, ""delta_speed"": 7.4530232087354875, ""faster_driver_segment"": ""RUS""}"
telemetry_compare,"{""driver_a"": ""RUS"", ""driver_b"": ""LEC"", ""lap_a"": 1, ""lap_b"": 1, ""distance_m"": 2600.0, ""speed_a"": 309.57009702171104, ""speed_b"": 302.1512508417779, ""throttle_a"": 100.0, ""throttle_b"": 99.8487491582221, ""brake_a"": 0.0, ""brake_b"": 0.0, ""delta_speed"": 7.418846179933155, ""faster_driver_segment"": ""RUS""}"
telemetry_compare,"{""driver_a"": ""RUS"", ""driver_b"": ""LEC"", ""lap_a"": 1, ""lap_b"": 1, ""distance_m"": 2605.0, ""speed_a"": 309.7515374683616, ""speed_b"": 302.3987738515144, ""throttle_a"": 100.0, ""throttle_b"": 99.60122614848558, ""brake_a"": 0.0, ""brake_b"": 0.0, ""delta_speed"": 7.352763616847199, ""faster_driver_segment"": ""RUS""}"
telemetry_compare,"{""driver_a"": ""RUS"", ""driver_b"": ""LEC"", ""lap_a"": 1, ""lap_b"": 1, ""distance_m"": 2610.0, ""speed_a"": 309.93297791501226, ""speed_b"": 302.64627689720317, ""throttle_a"": 100.0, ""throttle_b"": 99.35372310279685, ""brake_a"": 0.0, ""brake_b"": 0.0, ""delta_speed"": 7.286701017809094, ""faster_driver_segment"": ""RUS""}"
telemetry_compare,"{""driver_a"": ""RUS"", ""driver_b"": ""LEC"", ""lap_a"": 1, ""lap_b"": 1, ""distance_m"": 2615.0, ""speed_a"": 310.2729314402079, ""speed_b"": 302.89377994289185, ""throttle_a"": 100.0, ""throttle_b"": 99.10622005710813, ""brake_a"": 0.0, ""brake_b"": 0.0, ""delta_speed"": 7.379151497316059, ""faster_driver_segment"": ""RUS""}"
telemetry_compare,"{""driver_a"": ""RUS"", ""driver_b"": ""LEC"", ""lap_a"": 1, ""lap_b"": 1, ""distance_m"": 2620.0, ""speed_a"": 310.70448451497356, ""speed_b"": 302.8584293138445, ""throttle_a"": 100.0, ""throttle_b"": 99.14157068615549, ""brake_a"": 0.0, ""brake_b"": 0.0, ""delta_speed"": 7.846055201129047, ""faster_driver_segment"": ""RUS""}"
telemetry_compare,"{""driver_a"": ""RUS"", ""driver_b"": ""LEC"", ""lap_a"": 1, ""lap_b"": 1, ""distance_m"": 2625.0, ""speed_a"": 311.1360375897392, ""speed_b"": 302.6100969136284, ""throttle_a"": 100.0, ""throttle_b"": 99.3899030863716, ""brake_a"": 0.0, ""brake_b"": 0.0, ""delta_speed"": 8.525940676110793, ""faster_driver_segment"": ""RUS""}"
telemetry_compare,"{""driver_a"": ""RUS"", ""driver_b"": ""LEC"", ""lap_a"": 1, ""lap_b"": 1, ""distance_m"": 2630.0, ""speed_a"": 311.56759066450485, ""speed_b"": 302.36167339080026, ""throttle_a"": 100.0, ""throttle_b"": 99.63832660919972, ""brake_a"": 0.0, ""brake_b"": 0.0, ""delta_speed"": 9.205917273704586, ""faster_driver_segment"": ""RUS""}"
telemetry_compare,"{""driver_a"": ""RUS"", ""driver_b"": ""LEC"", ""lap_a"": 1, ""lap_b"": 1, ""distance_m"": 2635.0, ""speed_a"": 311.99857767530557, ""speed_b"": 302.1132498679721, ""throttle_a"": 100.0, ""throttle_b"": 99.88675013202784, ""brake_a"": 0.0, ""brake_b"": 0.0, ""delta_speed"": 9.885327807333454, ""faster_driver_segment"": ""RUS""}"
telemetry_compare,"{""driver_a"": ""RUS"", ""driver_b"": ""LEC"", ""lap_a"": 1, ""lap_b"": 1, ""distance_m"": 2640.0, ""speed_a"": 312.429307246968, ""speed_b"": 302.0, ""throttle_a"": 100.0, ""throttle_b"": 100.0, ""brake_a"": 0.0, ""brake_b"": 0.0, ""delta_speed"": 10.429307246967994, ""faster_driver_segment"": ""RUS""}"
telemetry_compare,"{""driver_a"": ""RUS"", ""driver_b"": ""LEC"", ""lap_a"": 1, ""lap_b"": 1, ""distance_m"": 2645.0, ""speed_a"": 312.8600368186304, ""speed_b"": 302.0, ""throttle_a"": 100.0, ""throttle_b"": 100.0, ""brake_a"": 0.0, ""brake_b"": 0.0, ""delta_speed"": 10.86003681863042, ""faster_driver_segment"": ""RUS""}"
telemetry_compare,"{""driver_a"": ""RUS"", ""driver_b"": ""LEC"", ""lap_a"": 1, ""lap_b"": 1, ""distance_m"": 2650.0, ""speed_a"": 313.0, ""speed_b"": 302.0, ""throttle_a"": 100.0, ""throttle_b"": 100.0, ""brake_a"": 0.0, ""brake_b"": 0.0, ""delta_speed"": 11.0, ""faster_driver_segment"": ""RUS""}"
telemetry_compare,"{""driver_a"": ""RUS"", ""driver_b"": ""LEC"", ""lap_a"": 1, ""lap_b"": 1, ""distance_m"": 2655.0, ""speed_a"": 313.0, ""speed_b"": 302.1565248128671, ""throttle_a"": 100.0, ""throttle_b"": 100.0, ""brake_a"": 0.0, ""brake_b"": 0.0, ""delta_speed"": 10.843475187132924, ""faster_driver_segment"": ""RUS""}"
telemetry_compare,"{""driver_a"": ""RUS"", ""driver_b"": ""LEC"", ""lap_a"": 1, ""lap_b"": 1, ""distance_m"": 2660.0, ""speed_a"": 313.0, ""speed_b"": 302.3421601017075, ""throttle_a"": 100.0, ""throttle_b"": 100.0, ""brake_a"": 0.0, ""brake_b"": 0.0, ""delta_speed"": 10.65783989829248, ""faster_driver_segment"": ""RUS""}"
telemetry_compare,"{""driver_a"": ""RUS"", ""driver_b"": ""LEC"", ""lap_a"": 1, ""lap_b"": 1, ""distance_m"": 2665.0, ""speed_a"": 313.0, ""speed_b"": 302.52779539054796, ""throttle_a"": 100.0, ""throttle_b"": 100.0, ""brake_a"": 0.0, ""brake_b"": 0.0, ""delta_speed"": 10.472204609452035, ""faster_driver_segment"": ""RUS""}"
telemetry_compare,"{""driver_a"": ""RUS"", ""driver_b"": ""LEC"", ""lap_a"": 1, ""lap_b"": 1, ""distance_m"": 2670.0, ""speed_a"": 313.0, ""speed_b"": 302.71343067938835, ""throttle_a"": 100.0, ""throttle_b"": 100.0, ""brake_a"": 0.0, ""brake_b"": 0.0, ""delta_speed"": 10.286569320611648, ""faster_driver_segment"": ""RUS""}"
telemetry_compare,"{""driver_a"": ""RUS"", ""driver_b"": ""LEC"", ""lap_a"": 1, ""lap_b"": 1, ""distance_m"": 2675.0, ""speed_a"": 313.0, ""speed_b"": 302.8990659682288, ""throttle_a"": 100.0, ""throttle_b"": 100.0, ""brake_a"": 0.0, ""brake_b"": 0.0, ""delta_speed"": 10.100934031771203, ""faster_driver_segment"": ""RUS""}"
telemetry_compare,"{""driver_a"": ""RUS"", ""driver_b"": ""LEC"", ""lap_a"": 1, ""lap_b"": 1, ""distance_m"": 2680.0, ""speed_a"": 313.0, ""speed_b"": 302.93221440538446, ""throttle_a"": 100.0, ""throttle_b"": 100.0, ""brake_a"": 0.0, ""brake_b"": 0.0, ""delta_speed"": 10.067785594615543, ""faster_driver_segment"": ""RUS""}"
telemetry_compare,"{""driver_a"": ""RUS"", ""driver_b"": ""LEC"", ""lap_a"": 1, ""lap_b"": 1, ""distance_m"": 2685.0, ""speed_a"": 313.0, ""speed_b"": 302.7835044003349, ""throttle_a"": 100.0, ""throttle_b"": 100.0, ""brake_a"": 0.0, ""brake_b"": 0.0, ""delta_speed"": 10.216495599665109, ""faster_driver_segment"": ""RUS""}"
telemetry_compare,"{""driver_a"": ""RUS"", ""driver_b"": ""LEC"", ""lap_a"": 1, ""lap_b"": 1, ""distance_m"": 2690.0, ""speed_a"": 313.0, ""speed_b"": 302.6347943952853, ""throttle_a"": 100.0, ""throttle_b"": 100.0, ""brake_a"": 0.0, ""brake_b"": 0.0, ""delta_speed"": 10.365205604714674, ""faster_driver_segment"": ""RUS""}"
telemetry_compare,"{""driver_a"": ""RUS"", ""driver_b"": ""LEC"", ""lap_a"": 1, ""lap_b"": 1, ""distance_m"": 2695.0, ""speed_a"": 313.0, ""speed_b"": 302.48608439023576, ""throttle_a"": 100.0, ""throttle_b"": 100.0, ""brake_a"": 0.0, ""brake_b"": 0.0, ""delta_speed"": 10.51391560976424, ""faster_driver_segment"": ""RUS""}"
telemetry_compare,"{""driver_a"": ""RUS"", ""driver_b"": ""LEC"", ""lap_a"": 1, ""lap_b"": 1, ""distance_m"": 2700.0, ""speed_a"": 313.0, ""speed_b"": 302.33691955350633, ""throttle_a"": 100.0, ""throttle_b"": 100.0, ""brake_a"": 0.0, ""brake_b"": 0.0, ""delta_speed"": 10.663080446493666, ""faster_driver_segment"": ""RUS""}"
telemetry_compare,"{""driver_a"": ""RUS"", ""driver_b"": ""LEC"", ""lap_a"": 1, ""lap_b"": 1, ""distance_m"": 2705.0, ""speed_a"": 313.0, ""speed_b"": 302.18749850826737, ""throttle_a"": 100.0, ""throttle_b"": 100.0, ""brake_a"": 0.0, ""brake_b"": 0.0, ""delta_speed"": 10.812501491732633, ""faster_driver_segment"": ""RUS""}"
telemetry_compare,"{""driver_a"": ""RUS"", ""driver_b"": ""LEC"", ""lap_a"": 1, ""lap_b"": 1, ""distance_m"": 2710.0, ""speed_a"": 313.0, ""speed_b"": 302.0380774630284, ""throttle_a"": 100.0, ""throttle_b"": 100.0, ""brake_a"": 0.0, ""brake_b"": 0.0, ""delta_speed"": 10.9619225369716, ""faster_driver_segment"": ""RUS""}"
telemetry_compare,"{""driver_a"": ""RUS"", ""driver_b"": ""LEC"", ""lap_a"": 1, ""lap_b"": 1, ""distance_m"": 2715.0, ""speed_a"": 313.0, ""speed_b"": 301.62663273726065, ""throttle_a"": 100.0, ""throttle_b"": 100.0, ""brake_a"": 0.0, ""brake_b"": 0.0, ""delta_speed"": 11.37336726273935, ""faster_driver_segment"": ""RUS""}"
telemetry_compare,"{""driver_a"": ""RUS"", ""driver_b"": ""LEC"", ""lap_a"": 1, ""lap_b"": 1, ""distance_m"": 2720.0, ""speed_a"": 313.0, ""speed_b"": 301.12558071837526, ""throttle_a"": 100.0, ""throttle_b"": 100.0, ""brake_a"": 0.0, ""brake_b"": 0.0, ""delta_speed"": 11.87441928162474, ""faster_driver_segment"": ""RUS""}"
telemetry_compare,"{""driver_a"": ""RUS"", ""driver_b"": ""LEC"", ""lap_a"": 1, ""lap_b"": 1, ""distance_m"": 2725.0, ""speed_a"": 313.0, ""speed_b"": 300.6242136268982, ""throttle_a"": 100.0, ""throttle_b"": 100.0, ""brake_a"": 0.0, ""brake_b"": 0.0, ""delta_speed"": 12.37578637310179, ""faster_driver_segment"": ""RUS""}"
telemetry_compare,"{""driver_a"": ""RUS"", ""driver_b"": ""LEC"", ""lap_a"": 1, ""lap_b"": 1, ""distance_m"": 2730.0, ""speed_a"": 313.0, ""speed_b"": 300.12211244902255, ""throttle_a"": 100.0, ""throttle_b"": 100.0, ""brake_a"": 0.0, ""brake_b"": 0.0, ""delta_speed"": 12.877887550977448, ""faster_driver_segment"": ""RUS""}"
telemetry_compare,"{""driver_a"": ""RUS"", ""driver_b"": ""LEC"", ""lap_a"": 1, ""lap_b"": 1, ""distance_m"": 2735.0, ""speed_a"": 313.0, ""speed_b"": 299.6200112711469, ""throttle_a"": 100.0, ""throttle_b"": 100.0, ""brake_a"": 0.0, ""brake_b"": 0.0, ""delta_speed"": 13.379988728853107, ""faster_driver_segment"": ""RUS""}"
telemetry_compare,"{""driver_a"": ""RUS"", ""driver_b"": ""LEC"", ""lap_a"": 1, ""lap_b"": 1, ""distance_m"": 2740.0, ""speed_a"": 313.0, ""speed_b"": 299.11791009327123, ""throttle_a"": 100.0, ""throttle_b"": 100.0, ""brake_a"": 0.0, ""brake_b"": 0.0, ""delta_speed"": 13.882089906728766, ""faster_driver_segment"": ""RUS""}"
telemetry_compare,"{""driver_a"": ""RUS"", ""driver_b"": ""LEC"", ""lap_a"": 1, ""lap_b"": 1, ""distance_m"": 2745.0, ""speed_a"": 313.0, ""speed_b"": 299.1640099117036, ""throttle_a"": 100.0, ""throttle_b"": 100.0, ""brake_a"": 0.0, ""brake_b"": 0.0, ""delta_speed"": 13.835990088296398, ""faster_driver_segment"": ""RUS""}"
telemetry_compare,"{""driver_a"": ""RUS"", ""driver_b"": ""LEC"", ""lap_a"": 1, ""lap_b"": 1, ""distance_m"": 2750.0, ""speed_a"": 313.0, ""speed_b"": 299.37829878682936, ""throttle_a"": 100.0, ""throttle_b"": 100.0, ""brake_a"": 0.0, ""brake_b"": 0.0, ""delta_speed"": 13.621701213170638, ""faster_driver_segment"": ""RUS""}"
telemetry_compare,"{""driver_a"": ""RUS"", ""driver_b"": ""LEC"", ""lap_a"": 1, ""lap_b"": 1, ""distance_m"": 2755.0, ""speed_a"": 312.8057435402563, ""speed_b"": 299.5925794161512, ""throttle_a"": 100.0, ""throttle_b"": 100.0, ""brake_a"": 0.0, ""brake_b"": 0.0, ""delta_speed"": 13.213164124105106, ""faster_driver_segment"": ""RUS""}"
telemetry_compare,"{""driver_a"": ""RUS"", ""driver_b"": ""LEC"", ""lap_a"": 1, ""lap_b"": 1, ""distance_m"": 2760.0, ""speed_a"": 312.56538664221074, ""speed_b"": 299.80684214759935, ""throttle_a"": 100.0, ""throttle_b"": 100.0, ""brake_a"": 0.0, ""brake_b"": 0.0, ""delta_speed"": 12.758544494611385, ""faster_driver_segment"": ""RUS""}"
telemetry_compare,"{""driver_a"": ""RUS"", ""driver_b"": ""LEC"", ""lap_a"": 1, ""lap_b"": 1, ""distance_m"": 2765.0, ""speed_a"": 312.32502974416514, ""speed_b"": 299.9629389632108, ""throttle_a"": 100.0, ""throttle_b"": 99.96293896321079, ""brake_a"": 0.0, ""brake_b"": 0.0, ""delta_speed"": 12.362090780954361, ""faster_driver_segment"": ""RUS""}"
telemetry_compare,"{""driver_a"": ""RUS"", ""driver_b"": ""LEC"", ""lap_a"": 1, ""lap_b"": 1, ""distance_m"": 2770.0, ""speed_a"": 312.08455682708586, ""speed_b"": 299.5866847826088, ""throttle_a"": 100.0, ""throttle_b"": 99.58668478260878, ""brake_a"": 0.0, ""brake_b"": 0.0, ""delta_speed"": 12.497872044477049, ""faster_driver_segment"": ""RUS""}"
telemetry_compare,"{""driver_a"": ""RUS"", ""driver_b"": ""LEC"", ""lap_a"": 1, ""lap_b"": 1, ""distance_m"": 2775.0, ""speed_a"": 312.0, ""speed_b"": 299.2104306020068, ""throttle_a"": 100.0, ""throttle_b"": 99.2104306020068, ""brake_a"": 0.0, ""brake_b"": 0.0, ""delta_speed"": 12.789569397993205, ""faster_driver_segment"": ""RUS""}"
telemetry_compare,"{""driver_a"": ""RUS"", ""driver_b"": ""LEC"", ""lap_a"": 1, ""lap_b"": 1, ""distance_m"": 2780.0, ""speed_a"": 312.0, ""speed_b"": 298.7335237616377, ""throttle_a"": 100.0, ""throttle_b"": 99.13323811918119, ""brake_a"": 0.0, ""brake_b"": 0.0, ""delta_speed"": 13.266476238362316, ""faster_driver_segment"": ""RUS""}"
telemetry_compare,"{""driver_a"": ""RUS"", ""driver_b"": ""LEC"", ""lap_a"": 1, ""lap_b"": 1, ""distance_m"": 2785.0, ""speed_a"": 312.0, ""speed_b"": 298.1272497187856, ""throttle_a"": 100.0, ""throttle_b"": 99.4363751406072, ""brake_a"": 0.0, ""brake_b"": 0.0, ""delta_speed"": 13.872750281214394, ""faster_driver_segment"": ""RUS""}"
telemetry_compare,"{""driver_a"": ""RUS"", ""driver_b"": ""LEC"", ""lap_a"": 1, ""lap_b"": 1, ""distance_m"": 2790.0, ""speed_a"": 312.0, ""speed_b"": 297.5209660680808, ""throttle_a"": 100.0, ""throttle_b"": 99.73951696595962, ""brake_a"": 0.0, ""brake_b"": 0.0, ""delta_speed"": 14.479033931919219, ""faster_driver_segment"": ""RUS""}"
telemetry_compare,"{""driver_a"": ""RUS"", ""driver_b"": ""LEC"", ""lap_a"": 1, ""lap_b"": 1, ""distance_m"": 2795.0, ""speed_a"": 312.0, ""speed_b"": 297.04249999999996, ""throttle_a"": 100.0, ""throttle_b"": 100.0, ""brake_a"": 0.0, ""brake_b"": 0.0, ""delta_speed"": 14.957500000000039, ""faster_driver_segment"": ""RUS""}"
telemetry_compare,"{""driver_a"": ""RUS"", ""driver_b"": ""LEC"", ""lap_a"": 1, ""lap_b"": 1, ""distance_m"": 2800.0, ""speed_a"": 312.0, ""speed_b"": 297.34451342281875, ""throttle_a"": 100.0, ""throttle_b"": 100.0, ""brake_a"": 0.0, ""brake_b"": 0.0, ""delta_speed"": 14.65548657718125, ""faster_driver_segment"": ""RUS""}"
telemetry_compare,"{""driver_a"": ""RUS"", ""driver_b"": ""LEC"", ""lap_a"": 1, ""lap_b"": 1, ""distance_m"": 2805.0, ""speed_a"": 312.0, ""speed_b"": 297.64652684563754, ""throttle_a"": 100.0, ""throttle_b"": 100.0, ""brake_a"": 0.0, ""brake_b"": 0.0, ""delta_speed"": 14.353473154362462, ""faster_driver_segment"": ""RUS""}"
telemetry_compare,"{""driver_a"": ""RUS"", ""driver_b"": ""LEC"", ""lap_a"": 1, ""lap_b"": 1, ""distance_m"": 2810.0, ""speed_a"": 312.0, ""speed_b"": 297.9485402684563, ""throttle_a"": 100.0, ""throttle_b"": 100.0, ""brake_a"": 0.0, ""brake_b"": 0.0, ""delta_speed"": 14.051459731543673, ""faster_driver_segment"": ""RUS""}"
telemetry_compare,"{""driver_a"": ""RUS"", ""driver_b"": ""LEC"", ""lap_a"": 1, ""lap_b"": 1, ""distance_m"": 2815.0, ""speed_a"": 312.0, ""speed_b"": 297.5799228814679, ""throttle_a"": 100.0, ""throttle_b"": 100.0, ""brake_a"": 0.0, ""brake_b"": 0.0, ""delta_speed"": 14.420077118532106, ""faster_driver_segment"": ""RUS""}"
telemetry_compare,"{""driver_a"": ""RUS"", ""driver_b"": ""LEC"", ""lap_a"": 1, ""lap_b"": 1, ""distance_m"": 2820.0, ""speed_a"": 312.0, ""speed_b"": 297.0733116200072, ""throttle_a"": 100.0, ""throttle_b"": 100.0, ""brake_a"": 0.0, ""brake_b"": 0.0, ""delta_speed"": 14.926688379992811, ""faster_driver_segment"": ""RUS""}"
telemetry_compare,"{""driver_a"": ""RUS"", ""driver_b"": ""LEC"", ""lap_a"": 1, ""lap_b"": 1, ""distance_m"": 2825.0, ""speed_a"": 312.0, ""speed_b"": 296.5666463990902, ""throttle_a"": 100.0, ""throttle_b"": 100.0, ""brake_a"": 0.0, ""brake_b"": 0.0, ""delta_speed"": 15.433353600909811, ""faster_driver_segment"": ""RUS""}"
telemetry_compare,"{""driver_a"": ""RUS"", ""driver_b"": ""LEC"", ""lap_a"": 1, ""lap_b"": 1, ""distance_m"": 2830.0, ""speed_a"": 312.0, ""speed_b"": 296.05937852304595, ""throttle_a"": 100.0, ""throttle_b"": 100.0, ""brake_a"": 0.0, ""brake_b"": 0.0, ""delta_speed"": 15.94062147695405, ""faster_driver_segment"": ""RUS""}"
telemetry_compare,"{""driver_a"": ""RUS"", ""driver_b"": ""LEC"", ""lap_a"": 1, ""lap_b"": 1, ""distance_m"": 2835.0, ""speed_a"": 312.0, ""speed_b"": 296.0, ""throttle_a"": 100.0, ""throttle_b"": 100.0, ""brake_a"": 0.0, ""brake_b"": 0.0, ""delta_speed"": 16.0, ""faster_driver_segment"": ""RUS""}"
telemetry_compare,"{""driver_a"": ""RUS"", ""driver_b"": ""LEC"", ""lap_a"": 1, ""lap_b"": 1, ""distance_m"": 2840.0, ""speed_a"": 312.0, ""speed_b"": 296.0, ""throttle_a"": 100.0, ""throttle_b"": 100.0, ""brake_a"": 0.0, ""brake_b"": 0.0, ""delta_speed"": 16.0, ""faster_driver_segment"": ""RUS""}"
telemetry_compare,"{""driver_a"": ""RUS"", ""driver_b"": ""LEC"", ""lap_a"": 1, ""lap_b"": 1, ""distance_m"": 2845.0, ""speed_a"": 312.0, ""speed_b"": 296.0, ""throttle_a"": 100.0, ""throttle_b"": 100.0, ""brake_a"": 0.0, ""brake_b"": 0.0, ""delta_speed"": 16.0, ""faster_driver_segment"": ""RUS""}"
telemetry_compare,"{""driver_a"": ""RUS"", ""driver_b"": ""LEC"", ""lap_a"": 1, ""lap_b"": 1, ""distance_m"": 2850.0, ""speed_a"": 312.0, ""speed_b"": 296.0, ""throttle_a"": 100.0, ""throttle_b"": 100.0, ""brake_a"": 0.0, ""brake_b"": 0.0, ""delta_speed"": 16.0, ""faster_driver_segment"": ""RUS""}"
telemetry_compare,"{""driver_a"": ""RUS"", ""driver_b"": ""LEC"", ""lap_a"": 1, ""lap_b"": 1, ""distance_m"": 2855.0, ""speed_a"": 312.0, ""speed_b"": 296.0, ""throttle_a"": 100.0, ""throttle_b"": 100.0, ""brake_a"": 0.0, ""brake_b"": 0.0, ""delta_speed"": 16.0, ""faster_driver_segment"": ""RUS""}"
telemetry_compare,"{""driver_a"": ""RUS"", ""driver_b"": ""LEC"", ""lap_a"": 1, ""lap_b"": 1, ""distance_m"": 2860.0, ""speed_a"": 312.0, ""speed_b"": 296.0, ""throttle_a"": 100.0, ""throttle_b"": 100.0, ""brake_a"": 0.0, ""brake_b"": 0.0, ""delta_speed"": 16.0, ""faster_driver_segment"": ""RUS""}"
telemetry_compare,"{""driver_a"": ""RUS"", ""driver_b"": ""LEC"", ""lap_a"": 1, ""lap_b"": 1, ""distance_m"": 2865.0, ""speed_a"": 312.0, ""speed_b"": 295.6327754237289, ""throttle_a"": 100.0, ""throttle_b"": 100.0, ""brake_a"": 0.0, ""brake_b"": 0.0, ""delta_speed"": 16.3672245762711, ""faster_driver_segment"": ""RUS""}"
telemetry_compare,"{""driver_a"": ""RUS"", ""driver_b"": ""LEC"", ""lap_a"": 1, ""lap_b"": 1, ""distance_m"": 2870.0, ""speed_a"": 312.0, ""speed_b"": 295.2514194915255, ""throttle_a"": 100.0, ""throttle_b"": 100.0, ""brake_a"": 0.0, ""brake_b"": 0.0, ""delta_speed"": 16.748580508474504, ""faster_driver_segment"": ""RUS""}"
telemetry_compare,"{""driver_a"": ""RUS"", ""driver_b"": ""LEC"", ""lap_a"": 1, ""lap_b"": 1, ""distance_m"": 2875.0, ""speed_a"": 311.77532258064514, ""speed_b"": 295.0, ""throttle_a"": 100.0, ""throttle_b"": 100.0, ""brake_a"": 0.0, ""brake_b"": 0.0, ""delta_speed"": 16.77532258064514, ""faster_driver_segment"": ""RUS""}"
telemetry_compare,"{""driver_a"": ""RUS"", ""driver_b"": ""LEC"", ""lap_a"": 1, ""lap_b"": 1, ""distance_m"": 2880.0, ""speed_a"": 311.36057603686635, ""speed_b"": 295.0, ""throttle_a"": 100.0, ""throttle_b"": 100.0, ""brake_a"": 0.0, ""brake_b"": 0.0, ""delta_speed"": 16.360576036866348, ""faster_driver_segment"": ""RUS""}"
telemetry_compare,"{""driver_a"": ""RUS"", ""driver_b"": ""LEC"", ""lap_a"": 1, ""lap_b"": 1, ""distance_m"": 2885.0, ""speed_a"": 310.9458294930875, ""speed_b"": 295.0, ""throttle_a"": 100.0, ""throttle_b"": 100.0, ""brake_a"": 0.0, ""brake_b"": 0.0, ""delta_speed"": 15.945829493087501, ""faster_driver_segment"": ""RUS""}"
telemetry_compare,"{""driver_a"": ""RUS"", ""driver_b"": ""LEC"", ""lap_a"": 1, ""lap_b"": 1, ""distance_m"": 2890.0, ""speed_a"": 310.5310829493087, ""speed_b"": 294.632167235495, ""throttle_a"": 100.0, ""throttle_b"": 100.0, ""brake_a"": 0.0, ""brake_b"": 0.0, ""delta_speed"": 15.898915713813722, ""faster_driver_segment"": ""RUS""}"
telemetry_compare,"{""driver_a"": ""RUS"", ""driver_b"": ""LEC"", ""lap_a"": 1, ""lap_b"": 1, ""distance_m"": 2895.0, ""speed_a"": 310.1163364055299, ""speed_b"": 294.1202218430035, ""throttle_a"": 100.0, ""throttle_b"": 100.0, ""brake_a"": 0.0, ""brake_b"": 0.0, ""delta_speed"": 15.99611456252643, ""faster_driver_segment"": ""RUS""}"
telemetry_compare,"{""driver_a"": ""RUS"", ""driver_b"": ""LEC"", ""lap_a"": 1, ""lap_b"": 1, ""distance_m"": 2900.0, ""speed_a"": 309.82538985978874, ""speed_b"": 293.60827645051205, ""throttle_a"": 100.0, ""throttle_b"": 100.0, ""brake_a"": 0.0, ""brake_b"": 0.0, ""delta_speed"": 16.217113409276692, ""faster_driver_segment"": ""RUS""}"
telemetry_compare,"{""driver_a"": ""RUS"", ""driver_b"": ""LEC"", ""lap_a"": 1, ""lap_b"": 1, ""distance_m"": 2905.0, ""speed_a"": 309.58266383132565, ""speed_b"": 293.09633105802055, ""throttle_a"": 100.0, ""throttle_b"": 100.0, ""brake_a"": 0.0, ""brake_b"": 0.0, ""delta_speed"": 16.486332773305094, ""faster_driver_segment"": ""RUS""}"
telemetry_compare,"{""driver_a"": ""RUS"", ""driver_b"": ""LEC"", ""lap_a"": 1, ""lap_b"": 1, ""distance_m"": 2910.0, ""speed_a"": 309.33993780286255, ""speed_b"": 293.20723316257096, ""throttle_a"": 100.0, ""throttle_b"": 100.0, ""brake_a"": 0.0, ""brake_b"": 0.0, ""delta_speed"": 16.132704640291593, ""faster_driver_segment"": ""RUS""}"
telemetry_compare,"{""driver_a"": ""RUS"", ""driver_b"": ""LEC"", ""lap_a"": 1, ""lap_b"": 1, ""distance_m"": 2915.0, ""speed_a"": 309.09721177439945, ""speed_b"": 293.4624749100821, ""throttle_a"": 100.0, ""throttle_b"": 100.0, ""brake_a"": 0.0, ""brake_b"": 0.0, ""delta_speed"": 15.634736864317347, ""faster_driver_segment"": ""RUS""}"
telemetry_compare,"{""driver_a"": ""RUS"", ""driver_b"": ""LEC"", ""lap_a"": 1, ""lap_b"": 1, ""distance_m"": 2920.0, ""speed_a"": 308.85404227119244, ""speed_b"": 293.7174476778509, ""throttle_a"": 100.0, ""throttle_b"": 100.0, ""brake_a"": 0.0, ""brake_b"": 0.0, ""delta_speed"": 15.136594593341556, ""faster_driver_segment"": ""RUS""}"
telemetry_compare,"{""driver_a"": ""RUS"", ""driver_b"": ""LEC"", ""lap_a"": 1, ""lap_b"": 1, ""distance_m"": 2925.0, ""speed_a"": 308.6105765017052, ""speed_b"": 293.9724204456196, ""throttle_a"": 100.0, ""throttle_b"": 100.0, ""brake_a"": 0.0, ""brake_b"": 0.0, ""delta_speed"": 14.63815605608562, ""faster_driver_segment"": ""RUS""}"
telemetry_compare,"{""driver_a"": ""RUS"", ""driver_b"": ""LEC"", ""lap_a"": 1, ""lap_b"": 1, ""distance_m"": 2930.0, ""speed_a"": 308.367110732218, ""speed_b"": 293.8043271574842, ""throttle_a"": 100.0, ""throttle_b"": 100.0, ""brake_a"": 0.0, ""brake_b"": 0.0, ""delta_speed"": 14.562783574733828, ""faster_driver_segment"": ""RUS""}"
telemetry_compare,"{""driver_a"": ""RUS"", ""driver_b"": ""LEC"", ""lap_a"": 1, ""lap_b"": 1, ""distance_m"": 2935.0, ""speed_a"": 308.1235382878268, ""speed_b"": 293.5849219892736, ""throttle_a"": 100.0, ""throttle_b"": 100.0, ""brake_a"": 0.0, ""brake_b"": 0.0, ""delta_speed"": 14.538616298553222, ""faster_driver_segment"": ""RUS""}"
telemetry_compare,"{""driver_a"": ""RUS"", ""driver_b"": ""LEC"", ""lap_a"": 1, ""lap_b"": 1, ""distance_m"": 2940.0, ""speed_a"": 308.0, ""speed_b"": 293.36551682106295, ""throttle_a"": 100.0, ""throttle_b"": 100.0, ""brake_a"": 0.0, ""brake_b"": 0.0, ""delta_speed"": 14.634483178937046, ""faster_driver_segment"": ""RUS""}"
telemetry_compare,"{""driver_a"": ""RUS"", ""driver_b"": ""LEC"", ""lap_a"": 1, ""lap_b"": 1, ""distance_m"": 2945.0, ""speed_a"": 308.0, ""speed_b"": 293.1461116528523, ""throttle_a"": 100.0, ""throttle_b"": 100.0, ""brake_a"": 0.0, ""brake_b"": 0.0, ""delta_speed"": 14.853888347147688, ""faster_driver_segment"": ""RUS""}"
telemetry_compare,"{""driver_a"": ""RUS"", ""driver_b"": ""LEC"", ""lap_a"": 1, ""lap_b"": 1, ""distance_m"": 2950.0, ""speed_a"": 308.0, ""speed_b"": 292.82793373616295, ""throttle_a"": 100.0, ""throttle_b"": 100.0, ""brake_a"": 0.0, ""brake_b"": 0.0, ""delta_speed"": 15.172066263837053, ""faster_driver_segment"": ""RUS""}"
telemetry_compare,"{""driver_a"": ""RUS"", ""driver_b"": ""LEC"", ""lap_a"": 1, ""lap_b"": 1, ""distance_m"": 2955.0, ""speed_a"": 308.0, ""speed_b"": 292.31243391240605, ""throttle_a"": 100.0, ""throttle_b"": 100.0, ""brake_a"": 0.0, ""brake_b"": 0.0, ""delta_speed"": 15.68756608759395, ""faster_driver_segment"": ""RUS""}"
telemetry_compare,"{""driver_a"": ""RUS"", ""driver_b"": ""LEC"", ""lap_a"": 1, ""lap_b"": 1, ""distance_m"": 2960.0, ""speed_a"": 308.0, ""speed_b"": 291.79693408864915, ""throttle_a"": 100.0, ""throttle_b"": 100.0, ""brake_a"": 0.0, ""brake_b"": 0.0, ""delta_speed"": 16.203065911350848, ""faster_driver_segment"": ""RUS""}"
telemetry_compare,"{""driver_a"": ""RUS"", ""driver_b"": ""LEC"", ""lap_a"": 1, ""lap_b"": 1, ""distance_m"": 2965.0, ""speed_a"": 308.0, ""speed_b"": 291.28143426489225, ""throttle_a"": 100.0, ""throttle_b"": 100.0, ""brake_a"": 0.0, ""brake_b"": 0.0, ""delta_speed"": 16.718565735107745, ""faster_driver_segment"": ""RUS""}"
telemetry_compare,"{""driver_a"": ""RUS"", ""driver_b"": ""LEC"", ""lap_a"": 1, ""lap_b"": 1, ""distance_m"": 2970.0, ""speed_a"": 308.0, ""speed_b"": 291.0, ""throttle_a"": 100.0, ""throttle_b"": 100.0, ""brake_a"": 0.0, ""brake_b"": 0.0, ""delta_speed"": 17.0, ""faster_driver_segment"": ""RUS""}"
telemetry_compare,"{""driver_a"": ""RUS"", ""driver_b"": ""LEC"", ""lap_a"": 1, ""lap_b"": 1, ""distance_m"": 2975.0, ""speed_a"": 308.0, ""speed_b"": 291.0, ""throttle_a"": 100.0, ""throttle_b"": 100.0, ""brake_a"": 0.0, ""brake_b"": 0.0, ""delta_speed"": 17.0, ""faster_driver_segment"": ""RUS""}"
telemetry_compare,"{""driver_a"": ""RUS"", ""driver_b"": ""LEC"", ""lap_a"": 1, ""lap_b"": 1, ""distance_m"": 2980.0, ""speed_a"": 307.9589923172128, ""speed_b"": 291.0, ""throttle_a"": 100.0, ""throttle_b"": 100.0, ""brake_a"": 0.0, ""brake_b"": 0.0, ""delta_speed"": 16.95899231721279, ""faster_driver_segment"": ""RUS""}"
telemetry_compare,"{""driver_a"": ""RUS"", ""driver_b"": ""LEC"", ""lap_a"": 1, ""lap_b"": 1, ""distance_m"": 2985.0, ""speed_a"": 307.8122170717653, ""speed_b"": 291.0, ""throttle_a"": 100.0, ""throttle_b"": 100.0, ""brake_a"": 0.0, ""brake_b"": 0.0, ""delta_speed"": 16.812217071765303, ""faster_driver_segment"": ""RUS""}"
telemetry_compare,"{""driver_a"": ""RUS"", ""driver_b"": ""LEC"", ""lap_a"": 1, ""lap_b"": 1, ""distance_m"": 2990.0, ""speed_a"": 307.66544182631776, ""speed_b"": 291.0, ""throttle_a"": 100.0, ""throttle_b"": 100.0, ""brake_a"": 0.0, ""brake_b"": 0.0, ""delta_speed"": 16.66544182631776, ""faster_driver_segment"": ""RUS""}"
telemetry_compare,"{""driver_a"": ""RUS"", ""driver_b"": ""LEC"", ""lap_a"": 1, ""lap_b"": 1, ""distance_m"": 2995.0, ""speed_a"": 307.5186373128107, ""speed_b"": 291.0, ""throttle_a"": 100.0, ""throttle_b"": 100.0, ""brake_a"": 0.0, ""brake_b"": 0.0, ""delta_speed"": 16.51863731281071, ""faster_driver_segment"": ""RUS""}"
telemetry_compare,"{""driver_a"": ""RUS"", ""driver_b"": ""LEC"", ""lap_a"": 1, ""lap_b"": 1, ""distance_m"": 3000.0, ""speed_a"": 307.3715788464565, ""speed_b"": 291.0, ""throttle_a"": 100.0, ""throttle_b"": 100.0, ""brake_a"": 0.0, ""brake_b"": 0.0, ""delta_speed"": 16.371578846456487, ""faster_driver_segment"": ""RUS""}"
telemetry_compare,"{""driver_a"": ""RUS"", ""driver_b"": ""LEC"", ""lap_a"": 1, ""lap_b"": 1, ""distance_m"": 3005.0, ""speed_a"": 307.2245203801022, ""speed_b"": 291.0, ""throttle_a"": 100.0, ""throttle_b"": 100.0, ""brake_a"": 0.0, ""brake_b"": 0.0, ""delta_speed"": 16.224520380102206, ""faster_driver_segment"": ""RUS""}"
telemetry_compare,"{""driver_a"": ""RUS"", ""driver_b"": ""LEC"", ""lap_a"": 1, ""lap_b"": 1, ""distance_m"": 3010.0, ""speed_a"": 307.0773958990116, ""speed_b"": 291.0, ""throttle_a"": 100.0, ""throttle_b"": 100.0, ""brake_a"": 0.0, ""brake_b"": 0.0, ""delta_speed"": 16.077395899011606, ""faster_driver_segment"": ""RUS""}"
telemetry_compare,"{""driver_a"": ""RUS"", ""driver_b"": ""LEC"", ""lap_a"": 1, ""lap_b"": 1, ""distance_m"": 3015.0, ""speed_a"": 306.8837597297014, ""speed_b"": 291.0, ""throttle_a"": 100.0, ""throttle_b"": 100.0, ""brake_a"": 0.0, ""brake_b"": 0.0, ""delta_speed"": 15.88375972970141, ""faster_driver_segment"": ""RUS""}"
telemetry_compare,"{""driver_a"": ""RUS"", ""driver_b"": ""LEC"", ""lap_a"": 1, ""lap_b"": 1, ""distance_m"": 3020.0, ""speed_a"": 306.6386994268935, ""speed_b"": 291.0, ""throttle_a"": 100.0, ""throttle_b"": 100.0, ""brake_a"": 0.0, ""brake_b"": 0.0, ""delta_speed"": 15.638699426893481, ""faster_driver_segment"": ""RUS""}"
telemetry_compare,"{""driver_a"": ""RUS"", ""driver_b"": ""LEC"", ""lap_a"": 1, ""lap_b"": 1, ""distance_m"": 3025.0, ""speed_a"": 306.39363912408555, ""speed_b"": 291.0, ""throttle_a"": 100.0, ""throttle_b"": 100.0, ""brake_a"": 0.0, ""brake_b"": 0.0, ""delta_speed"": 15.393639124085553, ""faster_driver_segment"": ""RUS""}"
telemetry_compare,"{""driver_a"": ""RUS"", ""driver_b"": ""LEC"", ""lap_a"": 1, ""lap_b"": 1, ""distance_m"": 3030.0, ""speed_a"": 306.1485000249919, ""speed_b"": 291.0, ""throttle_a"": 100.0, ""throttle_b"": 99.87405363699965, ""brake_a"": 0.0, ""brake_b"": 0.0, ""delta_speed"": 15.148500024991904, ""faster_driver_segment"": ""RUS""}"
telemetry_compare,"{""driver_a"": ""RUS"", ""driver_b"": ""LEC"", ""lap_a"": 1, ""lap_b"": 1, ""distance_m"": 3035.0, ""speed_a"": 306.0, ""speed_b"": 291.0, ""throttle_a"": 100.0, ""throttle_b"": 99.7193592511874, ""brake_a"": 0.0, ""brake_b"": 0.0, ""delta_speed"": 15.0, ""faster_driver_segment"": ""RUS""}"
telemetry_compare,"{""driver_a"": ""RUS"", ""driver_b"": ""LEC"", ""lap_a"": 1, ""lap_b"": 1, ""distance_m"": 3040.0, ""speed_a"": 306.0, ""speed_b"": 291.0, ""throttle_a"": 100.0, ""throttle_b"": 99.56466486537515, ""brake_a"": 0.0, ""brake_b"": 0.0, ""delta_speed"": 15.0, ""faster_driver_segment"": ""RUS""}"
telemetry_compare,"{""driver_a"": ""RUS"", ""driver_b"": ""LEC"", ""lap_a"": 1, ""lap_b"": 1, ""distance_m"": 3045.0, ""speed_a"": 306.0, ""speed_b"": 291.0, ""throttle_a"": 100.0, ""throttle_b"": 99.40965774028743, ""brake_a"": 0.0, ""brake_b"": 0.0, ""delta_speed"": 15.0, ""faster_driver_segment"": ""RUS""}"
telemetry_compare,"{""driver_a"": ""RUS"", ""driver_b"": ""LEC"", ""lap_a"": 1, ""lap_b"": 1, ""distance_m"": 3050.0, ""speed_a"": 306.0, ""speed_b"": 291.0, ""throttle_a"": 100.0, ""throttle_b"": 99.25457277234901, ""brake_a"": 0.0, ""brake_b"": 0.0, ""delta_speed"": 15.0, ""faster_driver_segment"": ""RUS""}"
telemetry_compare,"{""driver_a"": ""RUS"", ""driver_b"": ""LEC"", ""lap_a"": 1, ""lap_b"": 1, ""distance_m"": 3055.0, ""speed_a"": 306.0, ""speed_b"": 291.0, ""throttle_a"": 100.0, ""throttle_b"": 99.09928961963448, ""brake_a"": 0.0, ""brake_b"": 0.0, ""delta_speed"": 15.0, ""faster_driver_segment"": ""RUS""}"
telemetry_compare,"{""driver_a"": ""RUS"", ""driver_b"": ""LEC"", ""lap_a"": 1, ""lap_b"": 1, ""distance_m"": 3060.0, ""speed_a"": 306.0, ""speed_b"": 290.620546568514, ""throttle_a"": 81.35997172430262, ""throttle_b"": 99.0, ""brake_a"": 0.0, ""brake_b"": 0.0, ""delta_speed"": 15.379453431486013, ""faster_driver_segment"": ""RUS""}"
telemetry_compare,"{""driver_a"": ""RUS"", ""driver_b"": ""LEC"", ""lap_a"": 1, ""lap_b"": 1, ""distance_m"": 3065.0, ""speed_a"": 306.0, ""speed_b"": 289.5768176921765, ""throttle_a"": 51.94212007034154, ""throttle_b"": 99.0, ""brake_a"": 0.0, ""brake_b"": 0.0, ""delta_speed"": 16.42318230782348, ""faster_driver_segment"": ""RUS""}"
telemetry_compare,"{""driver_a"": ""RUS"", ""driver_b"": ""LEC"", ""lap_a"": 1, ""lap_b"": 1, ""distance_m"": 3070.0, ""speed_a"": 306.0, ""speed_b"": 288.5330888158391, ""throttle_a"": 22.524268416380448, ""throttle_b"": 99.0, ""brake_a"": 0.0, ""brake_b"": 0.0, ""delta_speed"": 17.466911184160892, ""faster_driver_segment"": ""RUS""}"
telemetry_compare,"{""driver_a"": ""RUS"", ""driver_b"": ""LEC"", ""lap_a"": 1, ""lap_b"": 1, ""distance_m"": 3075.0, ""speed_a"": 305.7511377270889, ""speed_b"": 287.4857569488644, ""throttle_a"": 0.0, ""throttle_b"": 99.0, ""brake_a"": 0.0, ""brake_b"": 0.0, ""delta_speed"": 18.26538077822454, ""faster_driver_segment"": ""RUS""}"
telemetry_compare,"{""driver_a"": ""RUS"", ""driver_b"": ""LEC"", ""lap_a"": 1, ""lap_b"": 1, ""distance_m"": 3080.0, ""speed_a"": 304.68913656246156, ""speed_b"": 286.63691509359336, ""throttle_a"": 0.0, ""throttle_b"": 99.12102830213556, ""brake_a"": 0.0, ""brake_b"": 0.0, ""delta_speed"": 18.052221468868197, ""faster_driver_segment"": ""RUS""}"
telemetry_compare,"{""driver_a"": ""RUS"", ""driver_b"": ""LEC"", ""lap_a"": 1, ""lap_b"": 1, ""distance_m"": 3085.0, ""speed_a"": 303.6260686781548, ""speed_b"": 285.96063939871306, ""throttle_a"": 0.0, ""throttle_b"": 99.34645353376231, ""brake_a"": 0.0, ""brake_b"": 0.0, ""delta_speed"": 17.665429279441753, ""faster_driver_segment"": ""RUS""}"
telemetry_compare,"{""driver_a"": ""RUS"", ""driver_b"": ""LEC"", ""lap_a"": 1, ""lap_b"": 1, ""distance_m"": 3090.0, ""speed_a"": 302.55327951273364, ""speed_b"": 285.2805413048247, ""throttle_a"": 0.0, ""throttle_b"": 99.57315289839177, ""brake_a"": 0.0, ""brake_b"": 0.0, ""delta_speed"": 17.272738207908958, ""faster_driver_segment"": ""RUS""}"
telemetry_compare,"{""driver_a"": ""RUS"", ""driver_b"": ""LEC"", ""lap_a"": 1, ""lap_b"": 1, ""distance_m"": 3095.0, ""speed_a"": 301.4804903473124, ""speed_b"": 284.59972421223125, ""throttle_a"": 0.0, ""throttle_b"": 99.80009192925624, ""brake_a"": 0.0, ""brake_b"": 0.0, ""delta_speed"": 16.88076613508116, ""faster_driver_segment"": ""RUS""}"
telemetry_compare,"{""driver_a"": ""RUS"", ""driver_b"": ""LEC"", ""lap_a"": 1, ""lap_b"": 1, ""distance_m"": 3100.0, ""speed_a"": 300.1646790380918, ""speed_b"": 283.8475754409026, ""throttle_a"": 0.0, ""throttle_b"": 100.0, ""brake_a"": 0.0, ""brake_b"": 0.0, ""delta_speed"": 16.317103597189202, ""faster_driver_segment"": ""RUS""}"
telemetry_compare,"{""driver_a"": ""RUS"", ""driver_b"": ""LEC"", ""lap_a"": 1, ""lap_b"": 1, ""distance_m"": 3105.0, ""speed_a"": 298.6502331514385, ""speed_b"": 282.56302790301237, ""throttle_a"": 0.0, ""throttle_b"": 100.0, ""brake_a"": 0.0, ""brake_b"": 0.0, ""delta_speed"": 16.08720524842613, ""faster_driver_segment"": ""RUS""}"
telemetry_compare,"{""driver_a"": ""RUS"", ""driver_b"": ""LEC"", ""lap_a"": 1, ""lap_b"": 1, ""distance_m"": 3110.0, ""speed_a"": 297.12428482036887, ""speed_b"": 281.27636730913076, ""throttle_a"": 0.0, ""throttle_b"": 100.0, ""brake_a"": 0.0, ""brake_b"": 0.0, ""delta_speed"": 15.847917511238109, ""faster_driver_segment"": ""RUS""}"
telemetry_compare,"{""driver_a"": ""RUS"", ""driver_b"": ""LEC"", ""lap_a"": 1, ""lap_b"": 1, ""distance_m"": 3115.0, ""speed_a"": 295.59458316125495, ""speed_b"": 279.99815643366935, ""throttle_a"": 0.0, ""throttle_b"": 100.0, ""brake_a"": 0.0, ""brake_b"": 0.0, ""delta_speed"": 15.596426727585595, ""faster_driver_segment"": ""RUS""}"
telemetry_compare,"{""driver_a"": ""RUS"", ""driver_b"": ""LEC"", ""lap_a"": 1, ""lap_b"": 1, ""distance_m"": 3120.0, ""speed_a"": 294.0448735296245, ""speed_b"": 279.76771064233617, ""throttle_a"": 0.0, ""throttle_b"": 100.0, ""brake_a"": 0.0, ""brake_b"": 0.0, ""delta_speed"": 14.277162887288341, ""faster_driver_segment"": ""RUS""}"
telemetry_compare,"{""driver_a"": ""RUS"", ""driver_b"": ""LEC"", ""lap_a"": 1, ""lap_b"": 1, ""distance_m"": 3125.0, ""speed_a"": 292.4856747148026, ""speed_b"": 279.53726711013576, ""throttle_a"": 0.0, ""throttle_b"": 100.0, ""brake_a"": 0.0, ""brake_b"": 0.0, ""delta_speed"": 12.94840760466684, ""faster_driver_segment"": ""RUS""}"
telemetry_compare,"{""driver_a"": ""RUS"", ""driver_b"": ""LEC"", ""lap_a"": 1, ""lap_b"": 1, ""distance_m"": 3130.0, ""speed_a"": 290.9264758999807, ""speed_b"": 279.3068781263726, ""throttle_a"": 0.0, ""throttle_b"": 100.0, ""brake_a"": 0.0, ""brake_b"": 0.0, ""delta_speed"": 11.619597773608064, ""faster_driver_segment"": ""RUS""}"
telemetry_compare,"{""driver_a"": ""RUS"", ""driver_b"": ""LEC"", ""lap_a"": 1, ""lap_b"": 1, ""distance_m"": 3135.0, ""speed_a"": 289.36447303397586, ""speed_b"": 279.07648914260943, ""throttle_a"": 0.0, ""throttle_b"": 100.0, ""brake_a"": 0.0, ""brake_b"": 0.0, ""delta_speed"": 10.287983891366423, ""faster_driver_segment"": ""RUS""}"
telemetry_compare,"{""driver_a"": ""RUS"", ""driver_b"": ""LEC"", ""lap_a"": 1, ""lap_b"": 1, ""distance_m"": 3140.0, ""speed_a"": 288.19528281284096, ""speed_b"": 279.0, ""throttle_a"": 0.0, ""throttle_b"": 78.50634370753552, ""brake_a"": 0.0, ""brake_b"": 0.0, ""delta_speed"": 9.195282812840958, ""faster_driver_segment"": ""RUS""}"
telemetry_compare,"{""driver_a"": ""RUS"", ""driver_b"": ""LEC"", ""lap_a"": 1, ""lap_b"": 1, ""distance_m"": 3145.0, ""speed_a"": 287.1470189997813, ""speed_b"": 279.0, ""throttle_a"": 0.0, ""throttle_b"": 46.28428743655287, ""brake_a"": 0.0, ""brake_b"": 0.0, ""delta_speed"": 8.147018999781324, ""faster_driver_segment"": ""RUS""}"
telemetry_compare,"{""driver_a"": ""RUS"", ""driver_b"": ""LEC"", ""lap_a"": 1, ""lap_b"": 1, ""distance_m"": 3150.0, ""speed_a"": 286.0987551867217, ""speed_b"": 279.0, ""throttle_a"": 0.0, ""throttle_b"": 13.96285766242722, ""brake_a"": 0.0, ""brake_b"": 0.0, ""delta_speed"": 7.098755186721689, ""faster_driver_segment"": ""RUS""}"
telemetry_compare,"{""driver_a"": ""RUS"", ""driver_b"": ""LEC"", ""lap_a"": 1, ""lap_b"": 1, ""distance_m"": 3155.0, ""speed_a"": 285.05049137366206, ""speed_b"": 277.94021530093, ""throttle_a"": 0.0, ""throttle_b"": 0.0, ""brake_a"": 0.0, ""brake_b"": 0.0, ""delta_speed"": 7.110276072732063, ""faster_driver_segment"": ""RUS""}"
telemetry_compare,"{""driver_a"": ""RUS"", ""driver_b"": ""LEC"", ""lap_a"": 1, ""lap_b"": 1, ""distance_m"": 3160.0, ""speed_a"": 283.47861625054566, ""speed_b"": 276.0463705453899, ""throttle_a"": 0.0, ""throttle_b"": 0.0, ""brake_a"": 0.0, ""brake_b"": 0.0, ""delta_speed"": 7.432245705155765, ""faster_driver_segment"": ""RUS""}"
telemetry_compare,"{""driver_a"": ""RUS"", ""driver_b"": ""LEC"", ""lap_a"": 1, ""lap_b"": 1, ""distance_m"": 3165.0, ""speed_a"": 281.87628202420365, ""speed_b"": 274.14751337150295, ""throttle_a"": 0.0, ""throttle_b"": 0.0, ""brake_a"": 0.0, ""brake_b"": 0.0, ""delta_speed"": 7.728768652700694, ""faster_driver_segment"": ""RUS""}"
telemetry_compare,"{""driver_a"": ""RUS"", ""driver_b"": ""LEC"", ""lap_a"": 1, ""lap_b"": 1, ""distance_m"": 3170.0, ""speed_a"": 280.51286010676176, ""speed_b"": 272.248656197616, ""throttle_a"": 0.0, ""throttle_b"": 0.0, ""brake_a"": 0.0, ""brake_b"": 0.0, ""delta_speed"": 8.264203909145749, ""faster_driver_segment"": ""RUS""}"
telemetry_compare,"{""driver_a"": ""RUS"", ""driver_b"": ""LEC"", ""lap_a"": 1, ""lap_b"": 1, ""distance_m"": 3175.0, ""speed_a"": 279.43999603258055, ""speed_b"": 269.9914309788403, ""throttle_a"": 0.0, ""throttle_b"": 0.0, ""brake_a"": 0.0, ""brake_b"": 0.10085690211596741, ""delta_speed"": 9.448565053740253, ""faster_driver_segment"": ""RUS""}"
telemetry_compare,"{""driver_a"": ""RUS"", ""driver_b"": ""LEC"", ""lap_a"": 1, ""lap_b"": 1, ""distance_m"": 3180.0, ""speed_a"": 278.3566290181527, ""speed_b"": 267.129791259281, ""throttle_a"": 0.0, ""throttle_b"": 0.0, ""brake_a"": 0.0, ""brake_b"": 0.38702087407190056, ""delta_speed"": 11.226837758871739, ""faster_driver_segment"": ""RUS""}"
telemetry_compare,"{""driver_a"": ""RUS"", ""driver_b"": ""LEC"", ""lap_a"": 1, ""lap_b"": 1, ""distance_m"": 3185.0, ""speed_a"": 277.2619357681973, ""speed_b"": 264.26815153972166, ""throttle_a"": 0.0, ""throttle_b"": 0.0, ""brake_a"": 0.0, ""brake_b"": 0.6731848460278337, ""delta_speed"": 12.993784228475647, ""faster_driver_segment"": ""RUS""}"
telemetry_compare,"{""driver_a"": ""RUS"", ""driver_b"": ""LEC"", ""lap_a"": 1, ""lap_b"": 1, ""distance_m"": 3190.0, ""speed_a"": 274.425035503243, ""speed_b"": 261.40651182016234, ""throttle_a"": 0.0, ""throttle_b"": 0.0, ""brake_a"": 0.0, ""brake_b"": 0.9593488179837668, ""delta_speed"": 13.018523683080673, ""faster_driver_segment"": ""RUS""}"
telemetry_compare,"{""driver_a"": ""RUS"", ""driver_b"": ""LEC"", ""lap_a"": 1, ""lap_b"": 1, ""distance_m"": 3195.0, ""speed_a"": 270.9573510522608, ""speed_b"": 261.0, ""throttle_a"": 0.0, ""throttle_b"": 0.0, ""brake_a"": 0.0, ""brake_b"": 1.0, ""delta_speed"": 9.957351052260776, ""faster_driver_segment"": ""RUS""}"
telemetry_compare,"{""driver_a"": ""RUS"", ""driver_b"": ""LEC"", ""lap_a"": 1, ""lap_b"": 1, ""distance_m"": 3200.0, ""speed_a"": 267.39838184636943, ""speed_b"": 261.0, ""throttle_a"": 0.0, ""throttle_b"": 0.0, ""brake_a"": 0.0, ""brake_b"": 1.0, ""delta_speed"": 6.398381846369432, ""faster_driver_segment"": ""RUS""}"
telemetry_compare,"{""driver_a"": ""RUS"", ""driver_b"": ""LEC"", ""lap_a"": 1, ""lap_b"": 1, ""distance_m"": 3205.0, ""speed_a"": 263.83941264047803, ""speed_b"": 257.1714848262433, ""throttle_a"": 0.0, ""throttle_b"": 0.0, ""brake_a"": 0.0, ""brake_b"": 1.0, ""delta_speed"": 6.667927814234758, ""faster_driver_segment"": ""RUS""}"
telemetry_compare,"{""driver_a"": ""RUS"", ""driver_b"": ""LEC"", ""lap_a"": 1, ""lap_b"": 1, ""distance_m"": 3210.0, ""speed_a"": 260.2804434345867, ""speed_b"": 250.05455070173102, ""throttle_a"": 0.0, ""throttle_b"": 0.0, ""brake_a"": 0.0, ""brake_b"": 1.0, ""delta_speed"": 10.22589273285567, ""faster_driver_segment"": ""RUS""}"
telemetry_compare,"{""driver_a"": ""RUS"", ""driver_b"": ""LEC"", ""lap_a"": 1, ""lap_b"": 1, ""distance_m"": 3215.0, ""speed_a"": 256.6247911986354, ""speed_b"": 242.7024905234166, ""throttle_a"": 0.0, ""throttle_b"": 0.0, ""brake_a"": 0.4549183544516257, ""brake_b"": 1.0, ""delta_speed"": 13.922300675218821, ""faster_driver_segment"": ""RUS""}"
telemetry_compare,"{""driver_a"": ""RUS"", ""driver_b"": ""LEC"", ""lap_a"": 1, ""lap_b"": 1, ""distance_m"": 3220.0, ""speed_a"": 252.96196629868072, ""speed_b"": 237.5292342193798, ""throttle_a"": 0.0, ""throttle_b"": 0.05884572257752841, ""brake_a"": 1.0, ""brake_b"": 1.0, ""delta_speed"": 15.432732079300933, ""faster_driver_segment"": ""RUS""}"
telemetry_compare,"{""driver_a"": ""RUS"", ""driver_b"": ""LEC"", ""lap_a"": 1, ""lap_b"": 1, ""distance_m"": 3225.0, ""speed_a"": 250.25073895241076, ""speed_b"": 236.2359279666926, ""throttle_a"": 0.0, ""throttle_b"": 0.2205090041634248, ""brake_a"": 1.0, ""brake_b"": 1.0, ""delta_speed"": 14.014810985718157, ""faster_driver_segment"": ""RUS""}"
telemetry_compare,"{""driver_a"": ""RUS"", ""driver_b"": ""LEC"", ""lap_a"": 1, ""lap_b"": 1, ""distance_m"": 3230.0, ""speed_a"": 247.49840686190268, ""speed_b"": 234.9358362164298, ""throttle_a"": 0.0, ""throttle_b"": 0.3830204729462746, ""brake_a"": 1.0, ""brake_b"": 1.0, ""delta_speed"": 12.562570645472874, ""faster_driver_segment"": ""RUS""}"
telemetry_compare,"{""driver_a"": ""RUS"", ""driver_b"": ""LEC"", ""lap_a"": 1, ""lap_b"": 1, ""distance_m"": 3235.0, ""speed_a"": 244.7460747713946, ""speed_b"": 233.635744466167, ""throttle_a"": 0.0, ""throttle_b"": 0.5455319417291243, ""brake_a"": 1.0, ""brake_b"": 1.0, ""delta_speed"": 11.110330305227592, ""faster_driver_segment"": ""RUS""}"
telemetry_compare,"{""driver_a"": ""RUS"", ""driver_b"": ""LEC"", ""lap_a"": 1, ""lap_b"": 1, ""distance_m"": 3240.0, ""speed_a"": 241.9836751504071, ""speed_b"": 232.33565271590422, ""throttle_a"": 0.0, ""throttle_b"": 0.7080434105119742, ""brake_a"": 1.0, ""brake_b"": 1.0, ""delta_speed"": 9.648022434502877, ""faster_driver_segment"": ""RUS""}"
telemetry_compare,"{""driver_a"": ""RUS"", ""driver_b"": ""LEC"", ""lap_a"": 1, ""lap_b"": 1, ""distance_m"": 3245.0, ""speed_a"": 239.1827211832125, ""speed_b"": 231.01597899652486, ""throttle_a"": 0.0, ""throttle_b"": 0.8730026254343902, ""brake_a"": 1.0, ""brake_b"": 0.4583366099626747, ""delta_speed"": 8.166742186687628, ""faster_driver_segment"": ""RUS""}"
telemetry_compare,"{""driver_a"": ""RUS"", ""driver_b"": ""LEC"", ""lap_a"": 1, ""lap_b"": 1, ""distance_m"": 3250.0, ""speed_a"": 236.40048148085728, ""speed_b"": 229.66317823568943, ""throttle_a"": 0.0, ""throttle_b"": 1.3368217643105702, ""brake_a"": 1.0, ""brake_b"": 0.0, ""delta_speed"": 6.737303245167851, ""faster_driver_segment"": ""RUS""}"
telemetry_compare,"{""driver_a"": ""RUS"", ""driver_b"": ""LEC"", ""lap_a"": 1, ""lap_b"": 1, ""distance_m"": 3255.0, ""speed_a"": 233.66111323558764, ""speed_b"": 228.1991113727875, ""throttle_a"": 0.0, ""throttle_b"": 2.800888627212491, ""brake_a"": 1.0, ""brake_b"": 0.0, ""delta_speed"": 5.462001862800122, ""faster_driver_segment"": ""RUS""}"
telemetry_compare,"{""driver_a"": ""RUS"", ""driver_b"": ""LEC"", ""lap_a"": 1, ""lap_b"": 1, ""distance_m"": 3260.0, ""speed_a"": 230.91836390189675, ""speed_b"": 226.72321835822927, ""throttle_a"": 0.0, ""throttle_b"": 4.27678164177071, ""brake_a"": 1.0, ""brake_b"": 0.0, ""delta_speed"": 4.195145543667479, ""faster_driver_segment"": ""RUS""}"
telemetry_compare,"{""driver_a"": ""RUS"", ""driver_b"": ""LEC"", ""lap_a"": 1, ""lap_b"": 1, ""distance_m"": 3265.0, ""speed_a"": 228.94158403326725, ""speed_b"": 225.24732534367106, ""throttle_a"": 0.0, ""throttle_b"": 5.752674656328929, ""brake_a"": 1.0, ""brake_b"": 0.0, ""delta_speed"": 3.6942586895961824, ""faster_driver_segment"": ""RUS""}"
telemetry_compare,"{""driver_a"": ""RUS"", ""driver_b"": ""LEC"", ""lap_a"": 1, ""lap_b"": 1, ""distance_m"": 3270.0, ""speed_a"": 227.3290293371489, ""speed_b"": 223.7688227620746, ""throttle_a"": 0.0, ""throttle_b"": 7.231177237925401, ""brake_a"": 1.0, ""brake_b"": 0.0, ""delta_speed"": 3.560206575074318, ""faster_driver_segment"": ""RUS""}"
telemetry_compare,"{""driver_a"": ""RUS"", ""driver_b"": ""LEC"", ""lap_a"": 1, ""lap_b"": 1, ""distance_m"": 3275.0, ""speed_a"": 225.7118839942392, ""speed_b"": 222.2891178907014, ""throttle_a"": 0.0, ""throttle_b"": 8.7108821092986, ""brake_a"": 1.0, ""brake_b"": 0.0, ""delta_speed"": 3.4227661035378105, ""faster_driver_segment"": ""RUS""}"
telemetry_compare,"{""driver_a"": ""RUS"", ""driver_b"": ""LEC"", ""lap_a"": 1, ""lap_b"": 1, ""distance_m"": 3280.0, ""speed_a"": 224.0806797106358, ""speed_b"": 222.0, ""throttle_a"": 0.0, ""throttle_b"": 9.0, ""brake_a"": 0.679960974178377, ""brake_b"": 0.0, ""delta_speed"": 2.080679710635792, ""faster_driver_segment"": ""RUS""}"
telemetry_compare,"{""driver_a"": ""RUS"", ""driver_b"": ""LEC"", ""lap_a"": 1, ""lap_b"": 1, ""distance_m"": 3285.0, ""speed_a"": 222.4399807667775, ""speed_b"": 222.0, ""throttle_a"": 0.0, ""throttle_b"": 9.0, ""brake_a"": 0.1437846244515759, ""brake_b"": 0.0, ""delta_speed"": 0.4399807667774951, ""faster_driver_segment"": ""RUS""}"
telemetry_compare,"{""driver_a"": ""RUS"", ""driver_b"": ""LEC"", ""lap_a"": 1, ""lap_b"": 1, ""distance_m"": 3290.0, ""speed_a"": 220.69919265064252, ""speed_b"": 222.0, ""throttle_a"": 0.6504036746787453, ""throttle_b"": 9.0, ""brake_a"": 0.0, ""brake_b"": 0.0, ""delta_speed"": -1.300807349357484, ""faster_driver_segment"": ""LEC""}"
telemetry_compare,"{""driver_a"": ""RUS"", ""driver_b"": ""LEC"", ""lap_a"": 1, ""lap_b"": 1, ""distance_m"": 3295.0, ""speed_a"": 218.92039548333696, ""speed_b"": 222.0, ""throttle_a"": 1.5398022583315105, ""throttle_b"": 9.0, ""brake_a"": 0.0, ""brake_b"": 0.0, ""delta_speed"": -3.0796045166630392, ""faster_driver_segment"": ""LEC""}"
telemetry_compare,"{""driver_a"": ""RUS"", ""driver_b"": ""LEC"", ""lap_a"": 1, ""lap_b"": 1, ""distance_m"": 3300.0, ""speed_a"": 217.1311265630446, ""speed_b"": 222.0, ""throttle_a"": 2.4344367184776936, ""throttle_b"": 9.0, ""brake_a"": 0.0, ""brake_b"": 0.0, ""delta_speed"": -4.868873436955397, ""faster_driver_segment"": ""LEC""}"
telemetry_compare,"{""driver_a"": ""RUS"", ""driver_b"": ""LEC"", ""lap_a"": 1, ""lap_b"": 1, ""distance_m"": 3305.0, ""speed_a"": 215.20914293623719, ""speed_b"": 222.0, ""throttle_a"": 7.2706281443192715, ""throttle_b"": 9.0, ""brake_a"": 0.0, ""brake_b"": 0.0, ""delta_speed"": -6.7908570637628145, ""faster_driver_segment"": ""LEC""}"
telemetry_compare,"{""driver_a"": ""RUS"", ""driver_b"": ""LEC"", ""lap_a"": 1, ""lap_b"": 1, ""distance_m"": 3310.0, ""speed_a"": 213.08223016950762, ""speed_b"": 222.0, ""throttle_a"": 18.755957084658768, ""throttle_b"": 9.0, ""brake_a"": 0.0, ""brake_b"": 0.0, ""delta_speed"": -8.917769830492375, ""faster_driver_segment"": ""LEC""}"
telemetry_compare,"{""driver_a"": ""RUS"", ""driver_b"": ""LEC"", ""lap_a"": 1, ""lap_b"": 1, ""distance_m"": 3315.0, ""speed_a"": 210.97348669668008, ""speed_b"": 221.40222317426984, ""throttle_a"": 30.13919484242963, ""throttle_b"": 15.575545083031644, ""brake_a"": 0.0, ""brake_b"": 0.0, ""delta_speed"": -10.428736477589752, ""faster_driver_segment"": ""LEC""}"
telemetry_compare,"{""driver_a"": ""RUS"", ""driver_b"": ""LEC"", ""lap_a"": 1, ""lap_b"": 1, ""distance_m"": 3320.0, ""speed_a"": 210.00545533815279, ""speed_b"": 219.92224285931346, ""throttle_a"": 35.221359474697934, ""throttle_b"": 31.85532854755184, ""brake_a"": 0.0, ""brake_b"": 0.0, ""delta_speed"": -9.916787521160671, ""faster_driver_segment"": ""LEC""}"
telemetry_compare,"{""driver_a"": ""RUS"", ""driver_b"": ""LEC"", ""lap_a"": 1, ""lap_b"": 1, ""distance_m"": 3325.0, ""speed_a"": 209.0374239796255, ""speed_b"": 218.44156528310864, ""throttle_a"": 40.30352410696623, ""throttle_b"": 48.14278188580467, ""brake_a"": 0.0, ""brake_b"": 0.1319600923802216, ""delta_speed"": -9.404141303483158, ""faster_driver_segment"": ""LEC""}"
telemetry_compare,"{""driver_a"": ""RUS"", ""driver_b"": ""LEC"", ""lap_a"": 1, ""lap_b"": 1, ""distance_m"": 3330.0, ""speed_a"": 208.0693926210982, ""speed_b"": 217.0, ""throttle_a"": 45.38568873923453, ""throttle_b"": 64.0, ""brake_a"": 0.0, ""brake_b"": 1.0, ""delta_speed"": -8.930607378901811, ""faster_driver_segment"": ""LEC""}"
telemetry_compare,"{""driver_a"": ""RUS"", ""driver_b"": ""LEC"", ""lap_a"": 1, ""lap_b"": 1, ""distance_m"": 3335.0, ""speed_a"": 207.10821000164484, ""speed_b"": 217.0, ""throttle_a"": 50.4318974913646, ""throttle_b"": 64.0, ""brake_a"": 0.0, ""brake_b"": 1.0, ""delta_speed"": -9.891789998355165, ""faster_driver_segment"": ""LEC""}"
telemetry_compare,"{""driver_a"": ""RUS"", ""driver_b"": ""LEC"", ""lap_a"": 1, ""lap_b"": 1, ""distance_m"": 3340.0, ""speed_a"": 208.12681798964923, ""speed_b"": 217.0, ""throttle_a"": 54.56825696722252, ""throttle_b"": 64.0, ""brake_a"": 0.0, ""brake_b"": 1.0, ""delta_speed"": -8.873182010350774, ""faster_driver_segment"": ""LEC""}"
telemetry_compare,"{""driver_a"": ""RUS"", ""driver_b"": ""LEC"", ""lap_a"": 1, ""lap_b"": 1, ""distance_m"": 3345.0, ""speed_a"": 209.39663103752255, ""speed_b"": 217.0, ""throttle_a"": 58.58933161882142, ""throttle_b"": 64.0, ""brake_a"": 0.0, ""brake_b"": 1.0, ""delta_speed"": -7.603368962477447, ""faster_driver_segment"": ""LEC""}"
telemetry_compare,"{""driver_a"": ""RUS"", ""driver_b"": ""LEC"", ""lap_a"": 1, ""lap_b"": 1, ""distance_m"": 3350.0, ""speed_a"": 210.66644408539588, ""speed_b"": 217.0, ""throttle_a"": 62.61040627042033, ""throttle_b"": 64.0, ""brake_a"": 0.0, ""brake_b"": 1.0, ""delta_speed"": -6.333555914604119, ""faster_driver_segment"": ""LEC""}"
telemetry_compare,"{""driver_a"": ""RUS"", ""driver_b"": ""LEC"", ""lap_a"": 1, ""lap_b"": 1, ""distance_m"": 3355.0, ""speed_a"": 211.93582575822066, ""speed_b"": 217.0, ""throttle_a"": 66.63011490103209, ""throttle_b"": 64.0, ""brake_a"": 0.0, ""brake_b"": 1.0, ""delta_speed"": -5.064174241779341, ""faster_driver_segment"": ""LEC""}"
telemetry_compare,"{""driver_a"": ""RUS"", ""driver_b"": ""LEC"", ""lap_a"": 1, ""lap_b"": 1, ""distance_m"": 3360.0, ""speed_a"": 213.12897674418625, ""speed_b"": 217.0, ""throttle_a"": 68.6457441860443, ""throttle_b"": 64.0, ""brake_a"": 0.0, ""brake_b"": 0.6461746276712138, ""delta_speed"": -3.8710232558137534, ""faster_driver_segment"": ""LEC""}"
telemetry_compare,"{""driver_a"": ""RUS"", ""driver_b"": ""LEC"", ""lap_a"": 1, ""lap_b"": 1, ""distance_m"": 3365.0, ""speed_a"": 213.96618604651184, ""speed_b"": 216.88357462306413, ""throttle_a"": 59.85504651162562, ""throttle_b"": 63.76714924612826, ""brake_a"": 0.0, ""brake_b"": 0.0, ""delta_speed"": -2.917388576552298, ""faster_driver_segment"": ""LEC""}"
telemetry_compare,"{""driver_a"": ""RUS"", ""driver_b"": ""LEC"", ""lap_a"": 1, ""lap_b"": 1, ""distance_m"": 3370.0, ""speed_a"": 214.80339534883743, ""speed_b"": 216.4646945941121, ""throttle_a"": 51.06434883720694, ""throttle_b"": 62.9293891882242, ""brake_a"": 0.0, ""brake_b"": 0.0, ""delta_speed"": -1.6612992452746767, ""faster_driver_segment"": ""LEC""}"
telemetry_compare,"{""driver_a"": ""RUS"", ""driver_b"": ""LEC"", ""lap_a"": 1, ""lap_b"": 1, ""distance_m"": 3375.0, ""speed_a"": 215.0, ""speed_b"": 216.04581456516007, ""throttle_a"": 49.320609037786426, ""throttle_b"": 62.09162913032013, ""brake_a"": 0.0, ""brake_b"": 0.0, ""delta_speed"": -1.0458145651600717, ""faster_driver_segment"": ""LEC""}"
telemetry_compare,"{""driver_a"": ""RUS"", ""driver_b"": ""LEC"", ""lap_a"": 1, ""lap_b"": 1, ""distance_m"": 3380.0, ""speed_a"": 215.0, ""speed_b"": 215.62693453620804, ""throttle_a"": 49.73941310681007, ""throttle_b"": 61.25386907241606, ""brake_a"": 0.0, ""brake_b"": 0.0, ""delta_speed"": -0.6269345362080401, ""faster_driver_segment"": ""LEC""}"
telemetry_compare,"{""driver_a"": ""RUS"", ""driver_b"": ""LEC"", ""lap_a"": 1, ""lap_b"": 1, ""distance_m"": 3385.0, ""speed_a"": 215.0, ""speed_b"": 215.20862833478958, ""throttle_a"": 50.15821255755541, ""throttle_b"": 60.41725666957917, ""brake_a"": 0.0, ""brake_b"": 0.0, ""delta_speed"": -0.2086283347895801, ""faster_driver_segment"": ""LEC""}"
telemetry_compare,"{""driver_a"": ""RUS"", ""driver_b"": ""LEC"", ""lap_a"": 1, ""lap_b"": 1, ""distance_m"": 3390.0, ""speed_a"": 215.0, ""speed_b"": 215.41488479262662, ""throttle_a"": 50.577012008300755, ""throttle_b"": 62.2818663594464, ""brake_a"": 0.0, ""brake_b"": 0.0, ""delta_speed"": -0.4148847926266228, ""faster_driver_segment"": ""LEC""}"
telemetry_compare,"{""driver_a"": ""RUS"", ""driver_b"": ""LEC"", ""lap_a"": 1, ""lap_b"": 1, ""distance_m"": 3395.0, ""speed_a"": 215.0, ""speed_b"": 216.24437788018423, ""throttle_a"": 50.994752213199575, ""throttle_b"": 66.84407834101336, ""brake_a"": 0.0, ""brake_b"": 0.0, ""delta_speed"": -1.2443778801842313, ""faster_driver_segment"": ""LEC""}"
telemetry_compare,"{""driver_a"": ""RUS"", ""driver_b"": ""LEC"", ""lap_a"": 1, ""lap_b"": 1, ""distance_m"": 3400.0, ""speed_a"": 215.5564862725574, ""speed_b"": 217.0549942170503, ""throttle_a"": 56.56486272557412, ""throttle_b"": 71.32996530230182, ""brake_a"": 0.0, ""brake_b"": 0.0, ""delta_speed"": -1.4985079444929, ""faster_driver_segment"": ""LEC""}"
telemetry_compare,"{""driver_a"": ""RUS"", ""driver_b"": ""LEC"", ""lap_a"": 1, ""lap_b"": 1, ""distance_m"": 3405.0, ""speed_a"": 216.12008008935993, ""speed_b"": 217.67119083075224, ""throttle_a"": 62.20080089359933, ""throttle_b"": 75.02714498451348, ""brake_a"": 0.0, ""brake_b"": 0.0, ""delta_speed"": -1.551110741392307, ""faster_driver_segment"": ""LEC""}"
telemetry_compare,"{""driver_a"": ""RUS"", ""driver_b"": ""LEC"", ""lap_a"": 1, ""lap_b"": 1, ""distance_m"": 3410.0, ""speed_a"": 216.6836578349601, ""speed_b"": 218.2840897180282, ""throttle_a"": 67.8365783496007, ""throttle_b"": 78.70453830816923, ""brake_a"": 0.0, ""brake_b"": 0.0, ""delta_speed"": -1.6004318830681257, ""faster_driver_segment"": ""LEC""}"
telemetry_compare,"{""driver_a"": ""RUS"", ""driver_b"": ""LEC"", ""lap_a"": 1, ""lap_b"": 1, ""distance_m"": 3415.0, ""speed_a"": 217.2458368505655, ""speed_b"": 218.89698860530416, ""throttle_a"": 73.45836850565487, ""throttle_b"": 82.38193163182497, ""brake_a"": 0.0, ""brake_b"": 0.0, ""delta_speed"": -1.6511517547386632, ""faster_driver_segment"": ""LEC""}"
telemetry_compare,"{""driver_a"": ""RUS"", ""driver_b"": ""LEC"", ""lap_a"": 1, ""lap_b"": 1, ""distance_m"": 3420.0, ""speed_a"": 217.8080158661709, ""speed_b"": 219.50988749258013, ""throttle_a"": 79.08015866170905, ""throttle_b"": 86.05932495548072, ""brake_a"": 0.0, ""brake_b"": 0.0, ""delta_speed"": -1.701871626409229, ""faster_driver_segment"": ""LEC""}"
telemetry_compare,"{""driver_a"": ""RUS"", ""driver_b"": ""LEC"", ""lap_a"": 1, ""lap_b"": 1, ""distance_m"": 3425.0, ""speed_a"": 218.0, ""speed_b"": 220.0, ""throttle_a"": 81.0, ""throttle_b"": 89.0, ""brake_a"": 0.0, ""brake_b"": 0.0, ""delta_speed"": -2.0, ""faster_driver_segment"": ""LEC""}"
telemetry_compare,"{""driver_a"": ""RUS"", ""driver_b"": ""LEC"", ""lap_a"": 1, ""lap_b"": 1, ""distance_m"": 3430.0, ""speed_a"": 218.0, ""speed_b"": 220.0, ""throttle_a"": 81.0, ""throttle_b"": 89.0, ""brake_a"": 0.0, ""brake_b"": 0.0, ""delta_speed"": -2.0, ""faster_driver_segment"": ""LEC""}"
telemetry_compare,"{""driver_a"": ""RUS"", ""driver_b"": ""LEC"", ""lap_a"": 1, ""lap_b"": 1, ""distance_m"": 3435.0, ""speed_a"": 218.275788014179, ""speed_b"": 220.0, ""throttle_a"": 82.30999306735025, ""throttle_b"": 89.0, ""brake_a"": 0.0, ""brake_b"": 0.0, ""delta_speed"": -1.7242119858210003, ""faster_driver_segment"": ""LEC""}"
telemetry_compare,"{""driver_a"": ""RUS"", ""driver_b"": ""LEC"", ""lap_a"": 1, ""lap_b"": 1, ""distance_m"": 3440.0, ""speed_a"": 219.44300744874639, ""speed_b"": 220.0, ""throttle_a"": 87.85428538154534, ""throttle_b"": 89.0, ""brake_a"": 0.0, ""brake_b"": 0.0, ""delta_speed"": -0.5569925512536145, ""faster_driver_segment"": ""LEC""}"
telemetry_compare,"{""driver_a"": ""RUS"", ""driver_b"": ""LEC"", ""lap_a"": 1, ""lap_b"": 1, ""distance_m"": 3445.0, ""speed_a"": 220.60192195302656, ""speed_b"": 220.0, ""throttle_a"": 93.35912927687627, ""throttle_b"": 89.0, ""brake_a"": 0.0, ""brake_b"": 0.0, ""delta_speed"": 0.6019219530265616, ""faster_driver_segment"": ""RUS""}"
telemetry_compare,"{""driver_a"": ""RUS"", ""driver_b"": ""LEC"", ""lap_a"": 1, ""lap_b"": 1, ""distance_m"": 3450.0, ""speed_a"": 221.75066002056332, ""speed_b"": 220.0, ""throttle_a"": 98.8156350976758, ""throttle_b"": 89.0, ""brake_a"": 0.0, ""brake_b"": 0.0, ""delta_speed"": 1.7506600205633163, ""faster_driver_segment"": ""RUS""}"
telemetry_compare,"{""driver_a"": ""RUS"", ""driver_b"": ""LEC"", ""lap_a"": 1, ""lap_b"": 1, ""distance_m"": 3455.0, ""speed_a"": 223.77383051208506, ""speed_b"": 220.0, ""throttle_a"": 100.0, ""throttle_b"": 89.0, ""brake_a"": 0.0, ""brake_b"": 0.0, ""delta_speed"": 3.7738305120850555, ""faster_driver_segment"": ""RUS""}"
telemetry_compare,"{""driver_a"": ""RUS"", ""driver_b"": ""LEC"", ""lap_a"": 1, ""lap_b"": 1, ""distance_m"": 3460.0, ""speed_a"": 226.01279594023418, ""speed_b"": 220.0, ""throttle_a"": 100.0, ""throttle_b"": 89.0, ""brake_a"": 0.0, ""brake_b"": 0.0, ""delta_speed"": 6.012795940234184, ""faster_driver_segment"": ""RUS""}"
telemetry_compare,"{""driver_a"": ""RUS"", ""driver_b"": ""LEC"", ""lap_a"": 1, ""lap_b"": 1, ""distance_m"": 3465.0, ""speed_a"": 228.2517613683833, ""speed_b"": 220.0, ""throttle_a"": 100.0, ""throttle_b"": 89.0, ""brake_a"": 0.0, ""brake_b"": 0.0, ""delta_speed"": 8.251761368383313, ""faster_driver_segment"": ""RUS""}"
telemetry_compare,"{""driver_a"": ""RUS"", ""driver_b"": ""LEC"", ""lap_a"": 1, ""lap_b"": 1, ""distance_m"": 3470.0, ""speed_a"": 230.2404400246304, ""speed_b"": 220.0, ""throttle_a"": 100.0, ""throttle_b"": 89.0, ""brake_a"": 0.0, ""brake_b"": 0.0, ""delta_speed"": 10.240440024630402, ""faster_driver_segment"": ""RUS""}"
telemetry_compare,"{""driver_a"": ""RUS"", ""driver_b"": ""LEC"", ""lap_a"": 1, ""lap_b"": 1, ""distance_m"": 3475.0, ""speed_a"": 231.3436570634636, ""speed_b"": 220.0, ""throttle_a"": 100.0, ""throttle_b"": 89.0, ""brake_a"": 0.0, ""brake_b"": 0.0, ""delta_speed"": 11.34365706346361, ""faster_driver_segment"": ""RUS""}"
telemetry_compare,"{""driver_a"": ""RUS"", ""driver_b"": ""LEC"", ""lap_a"": 1, ""lap_b"": 1, ""distance_m"": 3480.0, ""speed_a"": 232.44402952366517, ""speed_b"": 220.0, ""throttle_a"": 100.0, ""throttle_b"": 89.0, ""brake_a"": 0.0, ""brake_b"": 0.0, ""delta_speed"": 12.444029523665165, ""faster_driver_segment"": ""RUS""}"
telemetry_compare,"{""driver_a"": ""RUS"", ""driver_b"": ""LEC"", ""lap_a"": 1, ""lap_b"": 1, ""distance_m"": 3485.0, ""speed_a"": 233.53819948788092, ""speed_b"": 221.38600263039257, ""throttle_a"": 100.0, ""throttle_b"": 89.0, ""brake_a"": 0.0, ""brake_b"": 0.0, ""delta_speed"": 12.152196857488349, ""faster_driver_segment"": ""RUS""}"
telemetry_compare,"{""driver_a"": ""RUS"", ""driver_b"": ""LEC"", ""lap_a"": 1, ""lap_b"": 1, ""distance_m"": 3490.0, ""speed_a"": 234.6573079375336, ""speed_b"": 222.8181552594393, ""throttle_a"": 100.0, ""throttle_b"": 89.0, ""brake_a"": 0.0, ""brake_b"": 0.0, ""delta_speed"": 11.839152678094308, ""faster_driver_segment"": ""RUS""}"
telemetry_compare,"{""driver_a"": ""RUS"", ""driver_b"": ""LEC"", ""lap_a"": 1, ""lap_b"": 1, ""distance_m"": 3495.0, ""speed_a"": 235.78649276554145, ""speed_b"": 224.25030788848602, ""throttle_a"": 100.0, ""throttle_b"": 89.0, ""brake_a"": 0.0, ""brake_b"": 0.0, ""delta_speed"": 11.536184877055433, ""faster_driver_segment"": ""RUS""}"
telemetry_compare,"{""driver_a"": ""RUS"", ""driver_b"": ""LEC"", ""lap_a"": 1, ""lap_b"": 1, ""distance_m"": 3500.0, ""speed_a"": 236.9156775935493, ""speed_b"": 227.934594246395, ""throttle_a"": 100.0, ""throttle_b"": 90.34502236293103, ""brake_a"": 0.0, ""brake_b"": 0.0, ""delta_speed"": 8.98108334715431, ""faster_driver_segment"": ""RUS""}"
telemetry_compare,"{""driver_a"": ""RUS"", ""driver_b"": ""LEC"", ""lap_a"": 1, ""lap_b"": 1, ""distance_m"": 3505.0, ""speed_a"": 238.04486242155716, ""speed_b"": 234.2021187403586, ""throttle_a"": 100.0, ""throttle_b"": 93.21763775599769, ""brake_a"": 0.0, ""brake_b"": 0.0, ""delta_speed"": 3.842743681198556, ""faster_driver_segment"": ""RUS""}"
telemetry_compare,"{""driver_a"": ""RUS"", ""driver_b"": ""LEC"", ""lap_a"": 1, ""lap_b"": 1, ""distance_m"": 3510.0, ""speed_a"": 239.1632343524919, ""speed_b"": 240.40175927801252, ""throttle_a"": 100.0, ""throttle_b"": 96.05913966908906, ""brake_a"": 0.0, ""brake_b"": 0.0, ""delta_speed"": -1.2385249255206077, ""faster_driver_segment"": ""LEC""}"
telemetry_compare,"{""driver_a"": ""RUS"", ""driver_b"": ""LEC"", ""lap_a"": 1, ""lap_b"": 1, ""distance_m"": 3515.0, ""speed_a"": 240.77988360323954, ""speed_b"": 246.52101963685155, ""throttle_a"": 100.0, ""throttle_b"": 98.8638006668903, ""brake_a"": 0.0, ""brake_b"": 0.0, ""delta_speed"": -5.741136033612008, ""faster_driver_segment"": ""LEC""}"
telemetry_compare,"{""driver_a"": ""RUS"", ""driver_b"": ""LEC"", ""lap_a"": 1, ""lap_b"": 1, ""distance_m"": 3520.0, ""speed_a"": 243.9681427125513, ""speed_b"": 249.0, ""throttle_a"": 100.0, ""throttle_b"": 100.0, ""brake_a"": 0.0, ""brake_b"": 0.0, ""delta_speed"": -5.031857287448702, ""faster_driver_segment"": ""LEC""}"
telemetry_compare,"{""driver_a"": ""RUS"", ""driver_b"": ""LEC"", ""lap_a"": 1, ""lap_b"": 1, ""distance_m"": 3525.0, ""speed_a"": 247.0532696029487, ""speed_b"": 249.0, ""throttle_a"": 100.0, ""throttle_b"": 100.0, ""brake_a"": 0.0, ""brake_b"": 0.0, ""delta_speed"": -1.9467303970513115, ""faster_driver_segment"": ""LEC""}"
telemetry_compare,"{""driver_a"": ""RUS"", ""driver_b"": ""LEC"", ""lap_a"": 1, ""lap_b"": 1, ""distance_m"": 3530.0, ""speed_a"": 248.13609280497676, ""speed_b"": 249.0, ""throttle_a"": 100.0, ""throttle_b"": 100.0, ""brake_a"": 0.0, ""brake_b"": 0.0, ""delta_speed"": -0.8639071950232449, ""faster_driver_segment"": ""LEC""}"
telemetry_compare,"{""driver_a"": ""RUS"", ""driver_b"": ""LEC"", ""lap_a"": 1, ""lap_b"": 1, ""distance_m"": 3535.0, ""speed_a"": 249.21429216578989, ""speed_b"": 249.0, ""throttle_a"": 100.0, ""throttle_b"": 100.0, ""brake_a"": 0.0, ""brake_b"": 0.0, ""delta_speed"": 0.2142921657898853, ""faster_driver_segment"": ""RUS""}"
telemetry_compare,"{""driver_a"": ""RUS"", ""driver_b"": ""LEC"", ""lap_a"": 1, ""lap_b"": 1, ""distance_m"": 3540.0, ""speed_a"": 250.41348317863824, ""speed_b"": 249.0, ""throttle_a"": 100.0, ""throttle_b"": 100.0, ""brake_a"": 0.0, ""brake_b"": 0.0, ""delta_speed"": 1.413483178638245, ""faster_driver_segment"": ""RUS""}"
telemetry_compare,"{""driver_a"": ""RUS"", ""driver_b"": ""LEC"", ""lap_a"": 1, ""lap_b"": 1, ""distance_m"": 3545.0, ""speed_a"": 251.9248726748915, ""speed_b"": 249.24156976744135, ""throttle_a"": 100.0, ""throttle_b"": 100.0, ""brake_a"": 0.0, ""brake_b"": 0.0, ""delta_speed"": 2.6833029074501553, ""faster_driver_segment"": ""RUS""}"
telemetry_compare,"{""driver_a"": ""RUS"", ""driver_b"": ""LEC"", ""lap_a"": 1, ""lap_b"": 1, ""distance_m"": 3550.0, ""speed_a"": 253.42808582020697, ""speed_b"": 253.16598837209267, ""throttle_a"": 100.0, ""throttle_b"": 100.0, ""brake_a"": 0.0, ""brake_b"": 0.0, ""delta_speed"": 0.2620974481143037, ""faster_driver_segment"": ""RUS""}"
telemetry_compare,"{""driver_a"": ""RUS"", ""driver_b"": ""LEC"", ""lap_a"": 1, ""lap_b"": 1, ""distance_m"": 3555.0, ""speed_a"": 254.93129896552242, ""speed_b"": 257.09040697674396, ""throttle_a"": 100.0, ""throttle_b"": 100.0, ""brake_a"": 0.0, ""brake_b"": 0.0, ""delta_speed"": -2.159108011221548, ""faster_driver_segment"": ""LEC""}"
telemetry_compare,"{""driver_a"": ""RUS"", ""driver_b"": ""LEC"", ""lap_a"": 1, ""lap_b"": 1, ""distance_m"": 3560.0, ""speed_a"": 256.1665430035791, ""speed_b"": 258.0, ""throttle_a"": 100.0, ""throttle_b"": 100.0, ""brake_a"": 0.0, ""brake_b"": 0.0, ""delta_speed"": -1.8334569964209209, ""faster_driver_segment"": ""LEC""}"
telemetry_compare,"{""driver_a"": ""RUS"", ""driver_b"": ""LEC"", ""lap_a"": 1, ""lap_b"": 1, ""distance_m"": 3565.0, ""speed_a"": 256.744663824839, ""speed_b"": 258.0, ""throttle_a"": 100.0, ""throttle_b"": 100.0, ""brake_a"": 0.0, ""brake_b"": 0.0, ""delta_speed"": -1.2553361751610055, ""faster_driver_segment"": ""LEC""}"
telemetry_compare,"{""driver_a"": ""RUS"", ""driver_b"": ""LEC"", ""lap_a"": 1, ""lap_b"": 1, ""distance_m"": 3570.0, ""speed_a"": 257.3230018378806, ""speed_b"": 258.0, ""throttle_a"": 100.0, ""throttle_b"": 100.0, ""brake_a"": 0.0, ""brake_b"": 0.0, ""delta_speed"": -0.6769981621193892, ""faster_driver_segment"": ""LEC""}"
telemetry_compare,"{""driver_a"": ""RUS"", ""driver_b"": ""LEC"", ""lap_a"": 1, ""lap_b"": 1, ""distance_m"": 3575.0, ""speed_a"": 257.901610336658, ""speed_b"": 258.8900616283942, ""throttle_a"": 100.0, ""throttle_b"": 100.0, ""brake_a"": 0.0, ""brake_b"": 0.0, ""delta_speed"": -0.9884512917362258, ""faster_driver_segment"": ""LEC""}"
telemetry_compare,"{""driver_a"": ""RUS"", ""driver_b"": ""LEC"", ""lap_a"": 1, ""lap_b"": 1, ""distance_m"": 3580.0, ""speed_a"": 254.65435222671962, ""speed_b"": 259.86987838063294, ""throttle_a"": 100.0, ""throttle_b"": 100.0, ""brake_a"": 0.0, ""brake_b"": 0.0, ""delta_speed"": -5.215526153913316, ""faster_driver_segment"": ""LEC""}"
telemetry_compare,"{""driver_a"": ""RUS"", ""driver_b"": ""LEC"", ""lap_a"": 1, ""lap_b"": 1, ""distance_m"": 3585.0, ""speed_a"": 250.64625506072758, ""speed_b"": 260.84969513287166, ""throttle_a"": 100.0, ""throttle_b"": 100.0, ""brake_a"": 0.0, ""brake_b"": 0.0, ""delta_speed"": -10.203440072144076, ""faster_driver_segment"": ""LEC""}"
telemetry_compare,"{""driver_a"": ""RUS"", ""driver_b"": ""LEC"", ""lap_a"": 1, ""lap_b"": 1, ""distance_m"": 3590.0, ""speed_a"": 247.59069051365327, ""speed_b"": 261.8295118851104, ""throttle_a"": 100.0, ""throttle_b"": 100.0, ""brake_a"": 0.0, ""brake_b"": 0.0, ""delta_speed"": -14.238821371457107, ""faster_driver_segment"": ""LEC""}"
telemetry_compare,"{""driver_a"": ""RUS"", ""driver_b"": ""LEC"", ""lap_a"": 1, ""lap_b"": 1, ""distance_m"": 3595.0, ""speed_a"": 254.13372389563546, ""speed_b"": 262.6992275279614, ""throttle_a"": 100.0, ""throttle_b"": 100.0, ""brake_a"": 0.0, ""brake_b"": 0.0, ""delta_speed"": -8.565503632325942, ""faster_driver_segment"": ""LEC""}"
telemetry_compare,"{""driver_a"": ""RUS"", ""driver_b"": ""LEC"", ""lap_a"": 1, ""lap_b"": 1, ""distance_m"": 3600.0, ""speed_a"": 260.5114235995573, ""speed_b"": 263.54439757372774, ""throttle_a"": 100.0, ""throttle_b"": 100.0, ""brake_a"": 0.0, ""brake_b"": 0.0, ""delta_speed"": -3.0329739741704316, ""faster_driver_segment"": ""LEC""}"
telemetry_compare,"{""driver_a"": ""RUS"", ""driver_b"": ""LEC"", ""lap_a"": 1, ""lap_b"": 1, ""distance_m"": 3605.0, ""speed_a"": 266.1220287352902, ""speed_b"": 264.389567619494, ""throttle_a"": 100.0, ""throttle_b"": 100.0, ""brake_a"": 0.0, ""brake_b"": 0.0, ""delta_speed"": 1.732461115796184, ""faster_driver_segment"": ""RUS""}"
telemetry_compare,"{""driver_a"": ""RUS"", ""driver_b"": ""LEC"", ""lap_a"": 1, ""lap_b"": 1, ""distance_m"": 3610.0, ""speed_a"": 267.02780903847326, ""speed_b"": 265.0, ""throttle_a"": 100.0, ""throttle_b"": 100.0, ""brake_a"": 0.0, ""brake_b"": 0.0, ""delta_speed"": 2.027809038473265, ""faster_driver_segment"": ""RUS""}"
telemetry_compare,"{""driver_a"": ""RUS"", ""driver_b"": ""LEC"", ""lap_a"": 1, ""lap_b"": 1, ""distance_m"": 3615.0, ""speed_a"": 267.93358934165633, ""speed_b"": 265.0, ""throttle_a"": 100.0, ""throttle_b"": 100.0, ""brake_a"": 0.0, ""brake_b"": 0.0, ""delta_speed"": 2.9335893416563295, ""faster_driver_segment"": ""RUS""}"
telemetry_compare,"{""driver_a"": ""RUS"", ""driver_b"": ""LEC"", ""lap_a"": 1, ""lap_b"": 1, ""distance_m"": 3620.0, ""speed_a"": 268.8360028259235, ""speed_b"": 265.0, ""throttle_a"": 100.0, ""throttle_b"": 100.0, ""brake_a"": 0.0, ""brake_b"": 0.0, ""delta_speed"": 3.836002825923515, ""faster_driver_segment"": ""RUS""}"
telemetry_compare,"{""driver_a"": ""RUS"", ""driver_b"": ""LEC"", ""lap_a"": 1, ""lap_b"": 1, ""distance_m"": 3625.0, ""speed_a"": 269.7363577248783, ""speed_b"": 265.44772787636754, ""throttle_a"": 100.0, ""throttle_b"": 100.0, ""brake_a"": 0.0, ""brake_b"": 0.0, ""delta_speed"": 4.288629848510766, ""faster_driver_segment"": ""RUS""}"
telemetry_compare,"{""driver_a"": ""RUS"", ""driver_b"": ""LEC"", ""lap_a"": 1, ""lap_b"": 1, ""distance_m"": 3630.0, ""speed_a"": 270.63671262383303, ""speed_b"": 266.78996126209387, ""throttle_a"": 100.0, ""throttle_b"": 100.0, ""brake_a"": 0.0, ""brake_b"": 0.0, ""delta_speed"": 3.846751361739166, ""faster_driver_segment"": ""RUS""}"
telemetry_compare,"{""driver_a"": ""RUS"", ""driver_b"": ""LEC"", ""lap_a"": 1, ""lap_b"": 1, ""distance_m"": 3635.0, ""speed_a"": 271.53706752278777, ""speed_b"": 268.12501839141254, ""throttle_a"": 100.0, ""throttle_b"": 100.0, ""brake_a"": 0.0, ""brake_b"": 0.0, ""delta_speed"": 3.412049131375227, ""faster_driver_segment"": ""RUS""}"
telemetry_compare,"{""driver_a"": ""RUS"", ""driver_b"": ""LEC"", ""lap_a"": 1, ""lap_b"": 1, ""distance_m"": 3640.0, ""speed_a"": 272.22847697195834, ""speed_b"": 269.0523157612694, ""throttle_a"": 100.0, ""throttle_b"": 100.0, ""brake_a"": 0.0, ""brake_b"": 0.0, ""delta_speed"": 3.1761612106889174, ""faster_driver_segment"": ""RUS""}"
telemetry_compare,"{""driver_a"": ""RUS"", ""driver_b"": ""LEC"", ""lap_a"": 1, ""lap_b"": 1, ""distance_m"": 3645.0, ""speed_a"": 272.6981898117311, ""speed_b"": 269.20412677253006, ""throttle_a"": 100.0, ""throttle_b"": 100.0, ""brake_a"": 0.0, ""brake_b"": 0.0, ""delta_speed"": 3.4940630392010235, ""faster_driver_segment"": ""RUS""}"
telemetry_compare,"{""driver_a"": ""RUS"", ""driver_b"": ""LEC"", ""lap_a"": 1, ""lap_b"": 1, ""distance_m"": 3650.0, ""speed_a"": 273.1679026515038, ""speed_b"": 269.3559377837907, ""throttle_a"": 100.0, ""throttle_b"": 100.0, ""brake_a"": 0.0, ""brake_b"": 0.0, ""delta_speed"": 3.8119648677131295, ""faster_driver_segment"": ""RUS""}"
telemetry_compare,"{""driver_a"": ""RUS"", ""driver_b"": ""LEC"", ""lap_a"": 1, ""lap_b"": 1, ""distance_m"": 3655.0, ""speed_a"": 273.6363542921491, ""speed_b"": 269.5073465838666, ""throttle_a"": 100.0, ""throttle_b"": 100.0, ""brake_a"": 0.0, ""brake_b"": 0.0, ""delta_speed"": 4.129007708282529, ""faster_driver_segment"": ""RUS""}"
telemetry_compare,"{""driver_a"": ""RUS"", ""driver_b"": ""LEC"", ""lap_a"": 1, ""lap_b"": 1, ""distance_m"": 3660.0, ""speed_a"": 274.12181583788487, ""speed_b"": 269.6586813192695, ""throttle_a"": 100.0, ""throttle_b"": 100.0, ""brake_a"": 0.0, ""brake_b"": 0.0, ""delta_speed"": 4.463134518615391, ""faster_driver_segment"": ""RUS""}"
telemetry_compare,"{""driver_a"": ""RUS"", ""driver_b"": ""LEC"", ""lap_a"": 1, ""lap_b"": 1, ""distance_m"": 3665.0, ""speed_a"": 274.6665823178661, ""speed_b"": 269.8100160546723, ""throttle_a"": 100.0, ""throttle_b"": 100.0, ""brake_a"": 0.0, ""brake_b"": 0.0, ""delta_speed"": 4.85656626319377, ""faster_driver_segment"": ""RUS""}"
telemetry_compare,"{""driver_a"": ""RUS"", ""driver_b"": ""LEC"", ""lap_a"": 1, ""lap_b"": 1, ""distance_m"": 3670.0, ""speed_a"": 275.2105823307343, ""speed_b"": 269.9613507900752, ""throttle_a"": 100.0, ""throttle_b"": 100.0, ""brake_a"": 0.0, ""brake_b"": 0.0, ""delta_speed"": 5.249231540659139, ""faster_driver_segment"": ""RUS""}"
telemetry_compare,"{""driver_a"": ""RUS"", ""driver_b"": ""LEC"", ""lap_a"": 1, ""lap_b"": 1, ""distance_m"": 3675.0, ""speed_a"": 275.75262002086544, ""speed_b"": 270.5271206453269, ""throttle_a"": 100.0, ""throttle_b"": 100.0, ""brake_a"": 0.0, ""brake_b"": 0.0, ""delta_speed"": 5.225499375538561, ""faster_driver_segment"": ""RUS""}"
telemetry_compare,"{""driver_a"": ""RUS"", ""driver_b"": ""LEC"", ""lap_a"": 1, ""lap_b"": 1, ""distance_m"": 3680.0, ""speed_a"": 276.52620370861626, ""speed_b"": 271.23369775349414, ""throttle_a"": 100.0, ""throttle_b"": 100.0, ""brake_a"": 0.0, ""brake_b"": 0.0, ""delta_speed"": 5.292505955122124, ""faster_driver_segment"": ""RUS""}"
telemetry_compare,"{""driver_a"": ""RUS"", ""driver_b"": ""LEC"", ""lap_a"": 1, ""lap_b"": 1, ""distance_m"": 3685.0, ""speed_a"": 277.49418191557436, ""speed_b"": 271.9400764676018, ""throttle_a"": 100.0, ""throttle_b"": 100.0, ""brake_a"": 0.0, ""brake_b"": 0.0, ""delta_speed"": 5.554105447972574, ""faster_driver_segment"": ""RUS""}"
telemetry_compare,"{""driver_a"": ""RUS"", ""driver_b"": ""LEC"", ""lap_a"": 1, ""lap_b"": 1, ""distance_m"": 3690.0, ""speed_a"": 278.46216012253245, ""speed_b"": 272.645725155813, ""throttle_a"": 100.0, ""throttle_b"": 100.0, ""brake_a"": 0.0, ""brake_b"": 0.0, ""delta_speed"": 5.8164349667194415, ""faster_driver_segment"": ""RUS""}"
telemetry_compare,"{""driver_a"": ""RUS"", ""driver_b"": ""LEC"", ""lap_a"": 1, ""lap_b"": 1, ""distance_m"": 3695.0, ""speed_a"": 279.23680308422325, ""speed_b"": 273.0, ""throttle_a"": 100.0, ""throttle_b"": 100.0, ""brake_a"": 0.0, ""brake_b"": 0.0, ""delta_speed"": 6.236803084223254, ""faster_driver_segment"": ""RUS""}"
telemetry_compare,"{""driver_a"": ""RUS"", ""driver_b"": ""LEC"", ""lap_a"": 1, ""lap_b"": 1, ""distance_m"": 3700.0, ""speed_a"": 279.7706109134047, ""speed_b"": 273.0, ""throttle_a"": 100.0, ""throttle_b"": 100.0, ""brake_a"": 0.0, ""brake_b"": 0.0, ""delta_speed"": 6.77061091340471, ""faster_driver_segment"": ""RUS""}"
telemetry_compare,"{""driver_a"": ""RUS"", ""driver_b"": ""LEC"", ""lap_a"": 1, ""lap_b"": 1, ""distance_m"": 3705.0, ""speed_a"": 280.3044187425862, ""speed_b"": 273.0, ""throttle_a"": 100.0, ""throttle_b"": 100.0, ""brake_a"": 0.0, ""brake_b"": 0.0, ""delta_speed"": 7.304418742586222, ""faster_driver_segment"": ""RUS""}"
telemetry_compare,"{""driver_a"": ""RUS"", ""driver_b"": ""LEC"", ""lap_a"": 1, ""lap_b"": 1, ""distance_m"": 3710.0, ""speed_a"": 280.8382265717677, ""speed_b"": 273.0, ""throttle_a"": 100.0, ""throttle_b"": 100.0, ""brake_a"": 0.0, ""brake_b"": 0.0, ""delta_speed"": 7.838226571767677, ""faster_driver_segment"": ""RUS""}"
telemetry_compare,"{""driver_a"": ""RUS"", ""driver_b"": ""LEC"", ""lap_a"": 1, ""lap_b"": 1, ""distance_m"": 3715.0, ""speed_a"": 281.2471089001523, ""speed_b"": 273.0, ""throttle_a"": 100.0, ""throttle_b"": 100.0, ""brake_a"": 0.0, ""brake_b"": 0.0, ""delta_speed"": 8.247108900152284, ""faster_driver_segment"": ""RUS""}"
telemetry_compare,"{""driver_a"": ""RUS"", ""driver_b"": ""LEC"", ""lap_a"": 1, ""lap_b"": 1, ""distance_m"": 3720.0, ""speed_a"": 281.60086165048125, ""speed_b"": 273.0, ""throttle_a"": 100.0, ""throttle_b"": 100.0, ""brake_a"": 0.0, ""brake_b"": 0.0, ""delta_speed"": 8.60086165048125, ""faster_driver_segment"": ""RUS""}"
telemetry_compare,"{""driver_a"": ""RUS"", ""driver_b"": ""LEC"", ""lap_a"": 1, ""lap_b"": 1, ""distance_m"": 3725.0, ""speed_a"": 281.9541740028482, ""speed_b"": 273.0, ""throttle_a"": 100.0, ""throttle_b"": 100.0, ""brake_a"": 0.0, ""brake_b"": 0.0, ""delta_speed"": 8.95417400284822, ""faster_driver_segment"": ""RUS""}"
telemetry_compare,"{""driver_a"": ""RUS"", ""driver_b"": ""LEC"", ""lap_a"": 1, ""lap_b"": 1, ""distance_m"": 3730.0, ""speed_a"": 282.30748635521525, ""speed_b"": 273.0, ""throttle_a"": 100.0, ""throttle_b"": 100.0, ""brake_a"": 0.0, ""brake_b"": 0.0, ""delta_speed"": 9.307486355215246, ""faster_driver_segment"": ""RUS""}"
telemetry_compare,"{""driver_a"": ""RUS"", ""driver_b"": ""LEC"", ""lap_a"": 1, ""lap_b"": 1, ""distance_m"": 3735.0, ""speed_a"": 282.6607987075822, ""speed_b"": 273.0, ""throttle_a"": 100.0, ""throttle_b"": 100.0, ""brake_a"": 0.0, ""brake_b"": 0.0, ""delta_speed"": 9.660798707582217, ""faster_driver_segment"": ""RUS""}"
telemetry_compare,"{""driver_a"": ""RUS"", ""driver_b"": ""LEC"", ""lap_a"": 1, ""lap_b"": 1, ""distance_m"": 3740.0, ""speed_a"": 283.0194444444446, ""speed_b"": 273.0, ""throttle_a"": 100.0, ""throttle_b"": 100.0, ""brake_a"": 0.0, ""brake_b"": 0.0, ""delta_speed"": 10.019444444444616, ""faster_driver_segment"": ""RUS""}"
telemetry_compare,"{""driver_a"": ""RUS"", ""driver_b"": ""LEC"", ""lap_a"": 1, ""lap_b"": 1, ""distance_m"": 3745.0, ""speed_a"": 283.5457602339183, ""speed_b"": 273.0, ""throttle_a"": 100.0, ""throttle_b"": 100.0, ""brake_a"": 0.0, ""brake_b"": 0.0, ""delta_speed"": 10.545760233918315, ""faster_driver_segment"": ""RUS""}"
telemetry_compare,"{""driver_a"": ""RUS"", ""driver_b"": ""LEC"", ""lap_a"": 1, ""lap_b"": 1, ""distance_m"": 3750.0, ""speed_a"": 284.072076023392, ""speed_b"": 273.0, ""throttle_a"": 100.0, ""throttle_b"": 100.0, ""brake_a"": 0.0, ""brake_b"": 0.0, ""delta_speed"": 11.072076023392015, ""faster_driver_segment"": ""RUS""}"
telemetry_compare,"{""driver_a"": ""RUS"", ""driver_b"": ""LEC"", ""lap_a"": 1, ""lap_b"": 1, ""distance_m"": 3755.0, ""speed_a"": 284.59839181286566, ""speed_b"": 273.0, ""throttle_a"": 100.0, ""throttle_b"": 100.0, ""brake_a"": 0.0, ""brake_b"": 0.0, ""delta_speed"": 11.598391812865657, ""faster_driver_segment"": ""RUS""}"
telemetry_compare,"{""driver_a"": ""RUS"", ""driver_b"": ""LEC"", ""lap_a"": 1, ""lap_b"": 1, ""distance_m"": 3760.0, ""speed_a"": 285.0746156651591, ""speed_b"": 273.0, ""throttle_a"": 100.0, ""throttle_b"": 100.0, ""brake_a"": 0.0, ""brake_b"": 0.0, ""delta_speed"": 12.074615665159115, ""faster_driver_segment"": ""RUS""}"
telemetry_compare,"{""driver_a"": ""RUS"", ""driver_b"": ""LEC"", ""lap_a"": 1, ""lap_b"": 1, ""distance_m"": 3765.0, ""speed_a"": 285.3895235134269, ""speed_b"": 273.0, ""throttle_a"": 100.0, ""throttle_b"": 100.0, ""brake_a"": 0.0, ""brake_b"": 0.0, ""delta_speed"": 12.389523513426923, ""faster_driver_segment"": ""RUS""}"
telemetry_compare,"{""driver_a"": ""RUS"", ""driver_b"": ""LEC"", ""lap_a"": 1, ""lap_b"": 1, ""distance_m"": 3770.0, ""speed_a"": 285.70417408559365, ""speed_b"": 273.0, ""throttle_a"": 100.0, ""throttle_b"": 100.0, ""brake_a"": 0.0, ""brake_b"": 0.0, ""delta_speed"": 12.70417408559365, ""faster_driver_segment"": ""RUS""}"
telemetry_compare,"{""driver_a"": ""RUS"", ""driver_b"": ""LEC"", ""lap_a"": 1, ""lap_b"": 1, ""distance_m"": 3775.0, ""speed_a"": 286.0092771251479, ""speed_b"": 273.5907155797099, ""throttle_a"": 100.0, ""throttle_b"": 100.0, ""brake_a"": 0.0, ""brake_b"": 0.0, ""delta_speed"": 12.418561545437967, ""faster_driver_segment"": ""RUS""}"
telemetry_compare,"{""driver_a"": ""RUS"", ""driver_b"": ""LEC"", ""lap_a"": 1, ""lap_b"": 1, ""distance_m"": 3780.0, ""speed_a"": 286.16607360652006, ""speed_b"": 274.40593297101424, ""throttle_a"": 100.0, ""throttle_b"": 100.0, ""brake_a"": 0.0, ""brake_b"": 0.0, ""delta_speed"": 11.76014063550582, ""faster_driver_segment"": ""RUS""}"
telemetry_compare,"{""driver_a"": ""RUS"", ""driver_b"": ""LEC"", ""lap_a"": 1, ""lap_b"": 1, ""distance_m"": 3785.0, ""speed_a"": 286.32287008789217, ""speed_b"": 275.2211503623186, ""throttle_a"": 100.0, ""throttle_b"": 100.0, ""brake_a"": 0.0, ""brake_b"": 0.0, ""delta_speed"": 11.10171972557356, ""faster_driver_segment"": ""RUS""}"
telemetry_compare,"{""driver_a"": ""RUS"", ""driver_b"": ""LEC"", ""lap_a"": 1, ""lap_b"": 1, ""distance_m"": 3790.0, ""speed_a"": 286.4796665692643, ""speed_b"": 276.0, ""throttle_a"": 100.0, ""throttle_b"": 100.0, ""brake_a"": 0.0, ""brake_b"": 0.0, ""delta_speed"": 10.479666569264282, ""faster_driver_segment"": ""RUS""}"
telemetry_compare,"{""driver_a"": ""RUS"", ""driver_b"": ""LEC"", ""lap_a"": 1, ""lap_b"": 1, ""distance_m"": 3795.0, ""speed_a"": 286.6364630506364, ""speed_b"": 276.0, ""throttle_a"": 100.0, ""throttle_b"": 100.0, ""brake_a"": 0.0, ""brake_b"": 0.0, ""delta_speed"": 10.636463050636394, ""faster_driver_segment"": ""RUS""}"
telemetry_compare,"{""driver_a"": ""RUS"", ""driver_b"": ""LEC"", ""lap_a"": 1, ""lap_b"": 1, ""distance_m"": 3800.0, ""speed_a"": 286.7932545719765, ""speed_b"": 276.0, ""throttle_a"": 100.0, ""throttle_b"": 100.0, ""brake_a"": 0.0, ""brake_b"": 0.0, ""delta_speed"": 10.79325457197649, ""faster_driver_segment"": ""RUS""}"
telemetry_compare,"{""driver_a"": ""RUS"", ""driver_b"": ""LEC"", ""lap_a"": 1, ""lap_b"": 1, ""distance_m"": 3805.0, ""speed_a"": 286.9500448691926, ""speed_b"": 276.0, ""throttle_a"": 100.0, ""throttle_b"": 100.0, ""brake_a"": 0.0, ""brake_b"": 0.0, ""delta_speed"": 10.950044869192595, ""faster_driver_segment"": ""RUS""}"
telemetry_compare,"{""driver_a"": ""RUS"", ""driver_b"": ""LEC"", ""lap_a"": 1, ""lap_b"": 1, ""distance_m"": 3810.0, ""speed_a"": 287.0, ""speed_b"": 276.31677731742394, ""throttle_a"": 100.0, ""throttle_b"": 100.0, ""brake_a"": 0.0, ""brake_b"": 0.0, ""delta_speed"": 10.683222682576059, ""faster_driver_segment"": ""RUS""}"
telemetry_compare,"{""driver_a"": ""RUS"", ""driver_b"": ""LEC"", ""lap_a"": 1, ""lap_b"": 1, ""distance_m"": 3815.0, ""speed_a"": 287.0, ""speed_b"": 276.6406989054278, ""throttle_a"": 100.0, ""throttle_b"": 100.0, ""brake_a"": 0.0, ""brake_b"": 0.0, ""delta_speed"": 10.359301094572174, ""faster_driver_segment"": ""RUS""}"
telemetry_compare,"{""driver_a"": ""RUS"", ""driver_b"": ""LEC"", ""lap_a"": 1, ""lap_b"": 1, ""distance_m"": 3820.0, ""speed_a"": 287.0, ""speed_b"": 276.9646204934317, ""throttle_a"": 100.0, ""throttle_b"": 100.0, ""brake_a"": 0.0, ""brake_b"": 0.0, ""delta_speed"": 10.03537950656829, ""faster_driver_segment"": ""RUS""}"
telemetry_compare,"{""driver_a"": ""RUS"", ""driver_b"": ""LEC"", ""lap_a"": 1, ""lap_b"": 1, ""distance_m"": 3825.0, ""speed_a"": 287.3834342560557, ""speed_b"": 277.2885420814356, ""throttle_a"": 100.0, ""throttle_b"": 100.0, ""brake_a"": 0.0, ""brake_b"": 0.0, ""delta_speed"": 10.0948921746201, ""faster_driver_segment"": ""RUS""}"
telemetry_compare,"{""driver_a"": ""RUS"", ""driver_b"": ""LEC"", ""lap_a"": 1, ""lap_b"": 1, ""distance_m"": 3830.0, ""speed_a"": 288.1619809688585, ""speed_b"": 277.6119989828766, ""throttle_a"": 100.0, ""throttle_b"": 100.0, ""brake_a"": 0.0, ""brake_b"": 0.0, ""delta_speed"": 10.549981985981844, ""faster_driver_segment"": ""RUS""}"
telemetry_compare,"{""driver_a"": ""RUS"", ""driver_b"": ""LEC"", ""lap_a"": 1, ""lap_b"": 1, ""distance_m"": 3835.0, ""speed_a"": 288.94052768166125, ""speed_b"": 277.9353780775759, ""throttle_a"": 100.0, ""throttle_b"": 100.0, ""brake_a"": 0.0, ""brake_b"": 0.0, ""delta_speed"": 11.005149604085375, ""faster_driver_segment"": ""RUS""}"
telemetry_compare,"{""driver_a"": ""RUS"", ""driver_b"": ""LEC"", ""lap_a"": 1, ""lap_b"": 1, ""distance_m"": 3840.0, ""speed_a"": 289.286672351149, ""speed_b"": 278.0, ""throttle_a"": 100.0, ""throttle_b"": 100.0, ""brake_a"": 0.0, ""brake_b"": 0.0, ""delta_speed"": 11.28667235114898, ""faster_driver_segment"": ""RUS""}"
telemetry_compare,"{""driver_a"": ""RUS"", ""driver_b"": ""LEC"", ""lap_a"": 1, ""lap_b"": 1, ""distance_m"": 3845.0, ""speed_a"": 289.5970022044256, ""speed_b"": 278.0, ""throttle_a"": 100.0, ""throttle_b"": 100.0, ""brake_a"": 0.0, ""brake_b"": 0.0, ""delta_speed"": 11.597002204425621, ""faster_driver_segment"": ""RUS""}"
telemetry_compare,"{""driver_a"": ""RUS"", ""driver_b"": ""LEC"", ""lap_a"": 1, ""lap_b"": 1, ""distance_m"": 3850.0, ""speed_a"": 289.90733205770226, ""speed_b"": 278.0, ""throttle_a"": 100.0, ""throttle_b"": 100.0, ""brake_a"": 0.0, ""brake_b"": 0.0, ""delta_speed"": 11.907332057702263, ""faster_driver_segment"": ""RUS""}"
telemetry_compare,"{""driver_a"": ""RUS"", ""driver_b"": ""LEC"", ""lap_a"": 1, ""lap_b"": 1, ""distance_m"": 3855.0, ""speed_a"": 290.1548879512968, ""speed_b"": 278.0, ""throttle_a"": 100.0, ""throttle_b"": 100.0, ""brake_a"": 0.0, ""brake_b"": 0.0, ""delta_speed"": 12.154887951296814, ""faster_driver_segment"": ""RUS""}"
telemetry_compare,"{""driver_a"": ""RUS"", ""driver_b"": ""LEC"", ""lap_a"": 1, ""lap_b"": 1, ""distance_m"": 3860.0, ""speed_a"": 290.3757182977001, ""speed_b"": 278.0, ""throttle_a"": 100.0, ""throttle_b"": 100.0, ""brake_a"": 0.0, ""brake_b"": 0.0, ""delta_speed"": 12.375718297700075, ""faster_driver_segment"": ""RUS""}"
telemetry_compare,"{""driver_a"": ""RUS"", ""driver_b"": ""LEC"", ""lap_a"": 1, ""lap_b"": 1, ""distance_m"": 3865.0, ""speed_a"": 290.59654864410334, ""speed_b"": 278.0, ""throttle_a"": 100.0, ""throttle_b"": 100.0, ""brake_a"": 0.0, ""brake_b"": 0.0, ""delta_speed"": 12.596548644103336, ""faster_driver_segment"": ""RUS""}"
telemetry_compare,"{""driver_a"": ""RUS"", ""driver_b"": ""LEC"", ""lap_a"": 1, ""lap_b"": 1, ""distance_m"": 3870.0, ""speed_a"": 290.81749491714913, ""speed_b"": 278.0, ""throttle_a"": 100.0, ""throttle_b"": 100.0, ""brake_a"": 0.0, ""brake_b"": 0.0, ""delta_speed"": 12.817494917149133, ""faster_driver_segment"": ""RUS""}"
telemetry_compare,"{""driver_a"": ""RUS"", ""driver_b"": ""LEC"", ""lap_a"": 1, ""lap_b"": 1, ""distance_m"": 3875.0, ""speed_a"": 290.94577496828657, ""speed_b"": 278.0, ""throttle_a"": 100.0, ""throttle_b"": 100.0, ""brake_a"": 0.0, ""brake_b"": 0.0, ""delta_speed"": 12.945774968286571, ""faster_driver_segment"": ""RUS""}"
telemetry_compare,"{""driver_a"": ""RUS"", ""driver_b"": ""LEC"", ""lap_a"": 1, ""lap_b"": 1, ""distance_m"": 3880.0, ""speed_a"": 290.6354250252534, ""speed_b"": 277.8581781136153, ""throttle_a"": 100.0, ""throttle_b"": 100.0, ""brake_a"": 0.0, ""brake_b"": 0.0, ""delta_speed"": 12.777246911638144, ""faster_driver_segment"": ""RUS""}"
telemetry_compare,"{""driver_a"": ""RUS"", ""driver_b"": ""LEC"", ""lap_a"": 1, ""lap_b"": 1, ""distance_m"": 3885.0, ""speed_a"": 290.32508016460713, ""speed_b"": 276.9206849241445, ""throttle_a"": 100.0, ""throttle_b"": 100.0, ""brake_a"": 0.0, ""brake_b"": 0.0, ""delta_speed"": 13.404395240462634, ""faster_driver_segment"": ""RUS""}"
telemetry_compare,"{""driver_a"": ""RUS"", ""driver_b"": ""LEC"", ""lap_a"": 1, ""lap_b"": 1, ""distance_m"": 3890.0, ""speed_a"": 290.0147411053162, ""speed_b"": 275.9831917346737, ""throttle_a"": 100.0, ""throttle_b"": 100.0, ""brake_a"": 0.0, ""brake_b"": 0.0, ""delta_speed"": 14.031549370642495, ""faster_driver_segment"": ""RUS""}"
telemetry_compare,"{""driver_a"": ""RUS"", ""driver_b"": ""LEC"", ""lap_a"": 1, ""lap_b"": 1, ""distance_m"": 3895.0, ""speed_a"": 290.24553196458305, ""speed_b"": 275.04565293567106, ""throttle_a"": 76.1833994354449, ""throttle_b"": 100.0, ""brake_a"": 0.0, ""brake_b"": 0.0, ""delta_speed"": 15.199879028911994, ""faster_driver_segment"": ""RUS""}"
telemetry_compare,"{""driver_a"": ""RUS"", ""driver_b"": ""LEC"", ""lap_a"": 1, ""lap_b"": 1, ""distance_m"": 3900.0, ""speed_a"": 290.5032494830859, ""speed_b"": 274.1044241092434, ""throttle_a"": 51.18480014066875, ""throttle_b"": 100.0, ""brake_a"": 0.0, ""brake_b"": 0.0, ""delta_speed"": 16.3988253738425, ""faster_driver_segment"": ""RUS""}"
telemetry_compare,"{""driver_a"": ""RUS"", ""driver_b"": ""LEC"", ""lap_a"": 1, ""lap_b"": 1, ""distance_m"": 3905.0, ""speed_a"": 290.7609670015887, ""speed_b"": 273.7071130953932, ""throttle_a"": 26.186200845892596, ""throttle_b"": 100.0, ""brake_a"": 0.0, ""brake_b"": 0.0, ""delta_speed"": 17.053853906195513, ""faster_driver_segment"": ""RUS""}"
telemetry_compare,"{""driver_a"": ""RUS"", ""driver_b"": ""LEC"", ""lap_a"": 1, ""lap_b"": 1, ""distance_m"": 3910.0, ""speed_a"": 291.0, ""speed_b"": 273.37753726166557, ""throttle_a"": 3.0, ""throttle_b"": 100.0, ""brake_a"": 0.0, ""brake_b"": 0.0, ""delta_speed"": 17.622462738334434, ""faster_driver_segment"": ""RUS""}"
telemetry_compare,"{""driver_a"": ""RUS"", ""driver_b"": ""LEC"", ""lap_a"": 1, ""lap_b"": 1, ""distance_m"": 3915.0, ""speed_a"": 291.0, ""speed_b"": 273.0476022852137, ""throttle_a"": 3.0, ""throttle_b"": 100.0, ""brake_a"": 0.0, ""brake_b"": 0.0, ""delta_speed"": 17.952397714786287, ""faster_driver_segment"": ""RUS""}"
telemetry_compare,"{""driver_a"": ""RUS"", ""driver_b"": ""LEC"", ""lap_a"": 1, ""lap_b"": 1, ""distance_m"": 3920.0, ""speed_a"": 291.0, ""speed_b"": 272.76407539921684, ""throttle_a"": 3.0, ""throttle_b"": 76.40753992168136, ""brake_a"": 0.0, ""brake_b"": 0.0, ""delta_speed"": 18.235924600783164, ""faster_driver_segment"": ""RUS""}"
telemetry_compare,"{""driver_a"": ""RUS"", ""driver_b"": ""LEC"", ""lap_a"": 1, ""lap_b"": 1, ""distance_m"": 3925.0, ""speed_a"": 290.66383886798934, ""speed_b"": 272.4883299216239, ""throttle_a"": 2.7478791509919964, ""throttle_b"": 48.83299216239025, ""brake_a"": 0.0, ""brake_b"": 0.0, ""delta_speed"": 18.175508946365426, ""faster_driver_segment"": ""RUS""}"
telemetry_compare,"{""driver_a"": ""RUS"", ""driver_b"": ""LEC"", ""lap_a"": 1, ""lap_b"": 1, ""distance_m"": 3930.0, ""speed_a"": 289.97191200964875, ""speed_b"": 272.212584444031, ""throttle_a"": 2.228934007236561, ""throttle_b"": 21.258444403099134, ""brake_a"": 0.0, ""brake_b"": 0.0, ""delta_speed"": 17.759327565617752, ""faster_driver_segment"": ""RUS""}"
telemetry_compare,"{""driver_a"": ""RUS"", ""driver_b"": ""LEC"", ""lap_a"": 1, ""lap_b"": 1, ""distance_m"": 3935.0, ""speed_a"": 289.27998515130815, ""speed_b"": 272.0, ""throttle_a"": 1.7099888634811249, ""throttle_b"": 0.0, ""brake_a"": 0.0, ""brake_b"": 0.0, ""delta_speed"": 17.279985151308153, ""faster_driver_segment"": ""RUS""}"
telemetry_compare,"{""driver_a"": ""RUS"", ""driver_b"": ""LEC"", ""lap_a"": 1, ""lap_b"": 1, ""distance_m"": 3940.0, ""speed_a"": 288.58049779635036, ""speed_b"": 272.0, ""throttle_a"": 1.1853733472627777, ""throttle_b"": 0.0, ""brake_a"": 0.0, ""brake_b"": 0.0, ""delta_speed"": 16.580497796350357, ""faster_driver_segment"": ""RUS""}"
telemetry_compare,"{""driver_a"": ""RUS"", ""driver_b"": ""LEC"", ""lap_a"": 1, ""lap_b"": 1, ""distance_m"": 3945.0, ""speed_a"": 287.87935274806176, ""speed_b"": 272.0, ""throttle_a"": 0.6595145610463106, ""throttle_b"": 0.0, ""brake_a"": 0.0, ""brake_b"": 0.0, ""delta_speed"": 15.879352748061763, ""faster_driver_segment"": ""RUS""}"
telemetry_compare,"{""driver_a"": ""RUS"", ""driver_b"": ""LEC"", ""lap_a"": 1, ""lap_b"": 1, ""distance_m"": 3950.0, ""speed_a"": 287.1782076997731, ""speed_b"": 270.1537566569115, ""throttle_a"": 0.1336557748298434, ""throttle_b"": 0.0, ""brake_a"": 0.0, ""brake_b"": 0.0, ""delta_speed"": 17.024451042861585, ""faster_driver_segment"": ""RUS""}"
telemetry_compare,"{""driver_a"": ""RUS"", ""driver_b"": ""LEC"", ""lap_a"": 1, ""lap_b"": 1, ""distance_m"": 3955.0, ""speed_a"": 285.328452898922, ""speed_b"": 267.8780338482004, ""throttle_a"": 0.0, ""throttle_b"": 0.0, ""brake_a"": 0.0, ""brake_b"": 0.0, ""delta_speed"": 17.45041905072162, ""faster_driver_segment"": ""RUS""}"
telemetry_compare,"{""driver_a"": ""RUS"", ""driver_b"": ""LEC"", ""lap_a"": 1, ""lap_b"": 1, ""distance_m"": 3960.0, ""speed_a"": 283.0810215175977, ""speed_b"": 265.5795042779191, ""throttle_a"": 0.0, ""throttle_b"": 0.0, ""brake_a"": 0.0, ""brake_b"": 0.0, ""delta_speed"": 17.501517239678606, ""faster_driver_segment"": ""RUS""}"
telemetry_compare,"{""driver_a"": ""RUS"", ""driver_b"": ""LEC"", ""lap_a"": 1, ""lap_b"": 1, ""distance_m"": 3965.0, ""speed_a"": 280.8243221354297, ""speed_b"": 263.2437348753439, ""throttle_a"": 0.0, ""throttle_b"": 0.0, ""brake_a"": 0.0, ""brake_b"": 0.0, ""delta_speed"": 17.58058726008585, ""faster_driver_segment"": ""RUS""}"
telemetry_compare,"{""driver_a"": ""RUS"", ""driver_b"": ""LEC"", ""lap_a"": 1, ""lap_b"": 1, ""distance_m"": 3970.0, ""speed_a"": 279.16794115505, ""speed_b"": 260.90796547276864, ""throttle_a"": 0.0, ""throttle_b"": 0.0, ""brake_a"": 0.20801471123749612, ""brake_b"": 0.0, ""delta_speed"": 18.25997568228138, ""faster_driver_segment"": ""RUS""}"
telemetry_compare,"{""driver_a"": ""RUS"", ""driver_b"": ""LEC"", ""lap_a"": 1, ""lap_b"": 1, ""distance_m"": 3975.0, ""speed_a"": 277.85703881727426, ""speed_b"": 258.7062718871146, ""throttle_a"": 0.0, ""throttle_b"": 0.0, ""brake_a"": 0.5357402956814357, ""brake_b"": 0.0, ""delta_speed"": 19.150766930159648, ""faster_driver_segment"": ""RUS""}"
telemetry_compare,"{""driver_a"": ""RUS"", ""driver_b"": ""LEC"", ""lap_a"": 1, ""lap_b"": 1, ""distance_m"": 3980.0, ""speed_a"": 276.5461364794985, ""speed_b"": 256.583243896387, ""throttle_a"": 0.0, ""throttle_b"": 0.0, ""brake_a"": 0.8634658801253752, ""brake_b"": 0.0, ""delta_speed"": 19.96289258311151, ""faster_driver_segment"": ""RUS""}"
telemetry_compare,"{""driver_a"": ""RUS"", ""driver_b"": ""LEC"", ""lap_a"": 1, ""lap_b"": 1, ""distance_m"": 3985.0, ""speed_a"": 273.568070191405, ""speed_b"": 254.44999665433735, ""throttle_a"": 0.0, ""throttle_b"": 0.0, ""brake_a"": 1.0, ""brake_b"": 0.0, ""delta_speed"": 19.11807353706766, ""faster_driver_segment"": ""RUS""}"
telemetry_compare,"{""driver_a"": ""RUS"", ""driver_b"": ""LEC"", ""lap_a"": 1, ""lap_b"": 1, ""distance_m"": 3990.0, ""speed_a"": 269.378065026484, ""speed_b"": 251.37817659727307, ""throttle_a"": 0.0, ""throttle_b"": 0.0, ""brake_a"": 1.0, ""brake_b"": 0.2913137114141024, ""delta_speed"": 17.999888429210955, ""faster_driver_segment"": ""RUS""}"
telemetry_compare,"{""driver_a"": ""RUS"", ""driver_b"": ""LEC"", ""lap_a"": 1, ""lap_b"": 1, ""distance_m"": 3995.0, ""speed_a"": 265.1749243119112, ""speed_b"": 248.05544046764552, ""throttle_a"": 0.0, ""throttle_b"": 0.0, ""brake_a"": 1.0, ""brake_b"": 0.6605066147060523, ""delta_speed"": 17.11948384426566, ""faster_driver_segment"": ""RUS""}"
telemetry_compare,"{""driver_a"": ""RUS"", ""driver_b"": ""LEC"", ""lap_a"": 1, ""lap_b"": 1, ""distance_m"": 4000.0, ""speed_a"": 260.90309843026944, ""speed_b"": 244.30648395680083, ""throttle_a"": 0.0, ""throttle_b"": 0.0, ""brake_a"": 1.0, ""brake_b"": 1.0, ""delta_speed"": 16.596614473468605, ""faster_driver_segment"": ""RUS""}"
telemetry_compare,"{""driver_a"": ""RUS"", ""driver_b"": ""LEC"", ""lap_a"": 1, ""lap_b"": 1, ""distance_m"": 4005.0, ""speed_a"": 257.7210951505947, ""speed_b"": 235.1510046823932, ""throttle_a"": 0.0, ""throttle_b"": 0.0, ""brake_a"": 1.0, ""brake_b"": 1.0, ""delta_speed"": 22.5700904682015, ""faster_driver_segment"": ""RUS""}"
telemetry_compare,"{""driver_a"": ""RUS"", ""driver_b"": ""LEC"", ""lap_a"": 1, ""lap_b"": 1, ""distance_m"": 4010.0, ""speed_a"": 255.4146842409387, ""speed_b"": 225.9663215384847, ""throttle_a"": 0.0, ""throttle_b"": 0.0, ""brake_a"": 1.0, ""brake_b"": 1.0, ""delta_speed"": 29.448362702454006, ""faster_driver_segment"": ""RUS""}"
telemetry_compare,"{""driver_a"": ""RUS"", ""driver_b"": ""LEC"", ""lap_a"": 1, ""lap_b"": 1, ""distance_m"": 4015.0, ""speed_a"": 253.1082733312827, ""speed_b"": 216.3813363261013, ""throttle_a"": 0.0, ""throttle_b"": 0.0, ""brake_a"": 1.0, ""brake_b"": 1.0, ""delta_speed"": 36.72693700518141, ""faster_driver_segment"": ""RUS""}"
telemetry_compare,"{""driver_a"": ""RUS"", ""driver_b"": ""LEC"", ""lap_a"": 1, ""lap_b"": 1, ""distance_m"": 4020.0, ""speed_a"": 250.80186242162674, ""speed_b"": 211.13998732795963, ""throttle_a"": 0.0, ""throttle_b"": 0.0, ""brake_a"": 1.0, ""brake_b"": 1.0, ""delta_speed"": 39.661875093667106, ""faster_driver_segment"": ""RUS""}"
telemetry_compare,"{""driver_a"": ""RUS"", ""driver_b"": ""LEC"", ""lap_a"": 1, ""lap_b"": 1, ""distance_m"": 4025.0, ""speed_a"": 242.11025593270077, ""speed_b"": 207.3345298991642, ""throttle_a"": 0.0, ""throttle_b"": 0.0, ""brake_a"": 1.0, ""brake_b"": 1.0, ""delta_speed"": 34.77572603353656, ""faster_driver_segment"": ""RUS""}"
telemetry_compare,"{""driver_a"": ""RUS"", ""driver_b"": ""LEC"", ""lap_a"": 1, ""lap_b"": 1, ""distance_m"": 4030.0, ""speed_a"": 230.2568719738256, ""speed_b"": 203.52907247036882, ""throttle_a"": 0.0, ""throttle_b"": 0.0, ""brake_a"": 1.0, ""brake_b"": 1.0, ""delta_speed"": 26.727799503456794, ""faster_driver_segment"": ""RUS""}"
telemetry_compare,"{""driver_a"": ""RUS"", ""driver_b"": ""LEC"", ""lap_a"": 1, ""lap_b"": 1, ""distance_m"": 4035.0, ""speed_a"": 218.40348801495045, ""speed_b"": 194.10240744515428, ""throttle_a"": 0.0, ""throttle_b"": 0.0, ""brake_a"": 1.0, ""brake_b"": 1.0, ""delta_speed"": 24.30108056979617, ""faster_driver_segment"": ""RUS""}"
telemetry_compare,"{""driver_a"": ""RUS"", ""driver_b"": ""LEC"", ""lap_a"": 1, ""lap_b"": 1, ""distance_m"": 4040.0, ""speed_a"": 208.8825370171293, ""speed_b"": 181.1413693354453, ""throttle_a"": 0.0, ""throttle_b"": 0.0, ""brake_a"": 1.0, ""brake_b"": 1.0, ""delta_speed"": 27.741167681684004, ""faster_driver_segment"": ""RUS""}"
telemetry_compare,"{""driver_a"": ""RUS"", ""driver_b"": ""LEC"", ""lap_a"": 1, ""lap_b"": 1, ""distance_m"": 4045.0, ""speed_a"": 203.1342314771677, ""speed_b"": 168.05643791217125, ""throttle_a"": 0.0, ""throttle_b"": 0.0, ""brake_a"": 1.0, ""brake_b"": 1.0, ""delta_speed"": 35.077793564996455, ""faster_driver_segment"": ""RUS""}"
telemetry_compare,"{""driver_a"": ""RUS"", ""driver_b"": ""LEC"", ""lap_a"": 1, ""lap_b"": 1, ""distance_m"": 4050.0, ""speed_a"": 197.35026588847686, ""speed_b"": 159.11700333720233, ""throttle_a"": 0.0, ""throttle_b"": 0.0, ""brake_a"": 1.0, ""brake_b"": 1.0, ""delta_speed"": 38.23326255127452, ""faster_driver_segment"": ""RUS""}"
telemetry_compare,"{""driver_a"": ""RUS"", ""driver_b"": ""LEC"", ""lap_a"": 1, ""lap_b"": 1, ""distance_m"": 4055.0, ""speed_a"": 191.5045606124278, ""speed_b"": 149.93585928206997, ""throttle_a"": 0.0, ""throttle_b"": 0.0, ""brake_a"": 1.0, ""brake_b"": 1.0, ""delta_speed"": 41.56870133035784, ""faster_driver_segment"": ""RUS""}"
telemetry_compare,"{""driver_a"": ""RUS"", ""driver_b"": ""LEC"", ""lap_a"": 1, ""lap_b"": 1, ""distance_m"": 4060.0, ""speed_a"": 182.51122516445616, ""speed_b"": 141.17028437587598, ""throttle_a"": 0.0, ""throttle_b"": 0.11853080344628898, ""brake_a"": 1.0, ""brake_b"": 1.0, ""delta_speed"": 41.340940788580184, ""faster_driver_segment"": ""RUS""}"
telemetry_compare,"{""driver_a"": ""RUS"", ""driver_b"": ""LEC"", ""lap_a"": 1, ""lap_b"": 1, ""distance_m"": 4065.0, ""speed_a"": 171.49217022450753, ""speed_b"": 135.83514195321573, ""throttle_a"": 0.0, ""throttle_b"": 0.8806940066834713, ""brake_a"": 1.0, ""brake_b"": 1.0, ""delta_speed"": 35.65702827129181, ""faster_driver_segment"": ""RUS""}"
telemetry_compare,"{""driver_a"": ""RUS"", ""driver_b"": ""LEC"", ""lap_a"": 1, ""lap_b"": 1, ""distance_m"": 4070.0, ""speed_a"": 159.75280727830935, ""speed_b"": 130.30239256334775, ""throttle_a"": 0.0, ""throttle_b"": 1.6710867766646047, ""brake_a"": 1.0, ""brake_b"": 1.0, ""delta_speed"": 29.450414714961596, ""faster_driver_segment"": ""RUS""}"
telemetry_compare,"{""driver_a"": ""RUS"", ""driver_b"": ""LEC"", ""lap_a"": 1, ""lap_b"": 1, ""distance_m"": 4075.0, ""speed_a"": 150.78026548704008, ""speed_b"": 125.08314211226549, ""throttle_a"": 0.0, ""throttle_b"": 1.635392764033186, ""brake_a"": 1.0, ""brake_b"": 1.0, ""delta_speed"": 25.69712337477459, ""faster_driver_segment"": ""RUS""}"
telemetry_compare,"{""driver_a"": ""RUS"", ""driver_b"": ""LEC"", ""lap_a"": 1, ""lap_b"": 1, ""distance_m"": 4080.0, ""speed_a"": 144.4510378277499, ""speed_b"": 120.05639866888345, ""throttle_a"": 0.0, ""throttle_b"": 1.0070498336104308, ""brake_a"": 1.0, ""brake_b"": 1.0, ""delta_speed"": 24.394639158866454, ""faster_driver_segment"": ""RUS""}"
telemetry_compare,"{""driver_a"": ""RUS"", ""driver_b"": ""LEC"", ""lap_a"": 1, ""lap_b"": 1, ""distance_m"": 4085.0, ""speed_a"": 138.3267851819736, ""speed_b"": 116.66354136567882, ""throttle_a"": 0.0, ""throttle_b"": 1.5560764390535289, ""brake_a"": 1.0, ""brake_b"": 1.0, ""delta_speed"": 21.66324381629478, ""faster_driver_segment"": ""RUS""}"
telemetry_compare,"{""driver_a"": ""RUS"", ""driver_b"": ""LEC"", ""lap_a"": 1, ""lap_b"": 1, ""distance_m"": 4090.0, ""speed_a"": 132.41654412320756, ""speed_b"": 113.44970432974735, ""throttle_a"": 0.0, ""throttle_b"": 6.292306227970648, ""brake_a"": 1.0, ""brake_b"": 1.0, ""delta_speed"": 18.96683979346021, ""faster_driver_segment"": ""RUS""}"
telemetry_compare,"{""driver_a"": ""RUS"", ""driver_b"": ""LEC"", ""lap_a"": 1, ""lap_b"": 1, ""distance_m"": 4095.0, ""speed_a"": 127.82939817171058, ""speed_b"": 110.87707031481197, ""throttle_a"": 0.0, ""throttle_b"": 26.358851544466614, ""brake_a"": 1.0, ""brake_b"": 1.0, ""delta_speed"": 16.952327856898606, ""faster_driver_segment"": ""RUS""}"
telemetry_compare,"{""driver_a"": ""RUS"", ""driver_b"": ""LEC"", ""lap_a"": 1, ""lap_b"": 1, ""distance_m"": 4100.0, ""speed_a"": 124.13013544039603, ""speed_b"": 109.0, ""throttle_a"": 0.0, ""throttle_b"": 42.35471983244933, ""brake_a"": 1.0, ""brake_b"": 0.0, ""delta_speed"": 15.130135440396032, ""faster_driver_segment"": ""RUS""}"
telemetry_compare,"{""driver_a"": ""RUS"", ""driver_b"": ""LEC"", ""lap_a"": 1, ""lap_b"": 1, ""distance_m"": 4105.0, ""speed_a"": 120.33858630248241, ""speed_b"": 109.0, ""throttle_a"": 0.0, ""throttle_b"": 47.17068954471508, ""brake_a"": 1.0, ""brake_b"": 0.0, ""delta_speed"": 11.338586302482412, ""faster_driver_segment"": ""RUS""}"
telemetry_compare,"{""driver_a"": ""RUS"", ""driver_b"": ""LEC"", ""lap_a"": 1, ""lap_b"": 1, ""distance_m"": 4110.0, ""speed_a"": 116.4546235690148, ""speed_b"": 113.46291829708107, ""throttle_a"": 0.0, ""throttle_b"": 54.24808561591351, ""brake_a"": 0.19553715349429837, ""brake_b"": 0.0, ""delta_speed"": 2.991705271933725, ""faster_driver_segment"": ""RUS""}"
telemetry_compare,"{""driver_a"": ""RUS"", ""driver_b"": ""LEC"", ""lap_a"": 1, ""lap_b"": 1, ""distance_m"": 4115.0, ""speed_a"": 115.00469868962882, ""speed_b"": 118.85811653049643, ""throttle_a"": 2.4882532759279568, ""throttle_b"": 61.80136314269501, ""brake_a"": 0.0, ""brake_b"": 0.0, ""delta_speed"": -3.853417840867607, ""faster_driver_segment"": ""LEC""}"
telemetry_compare,"{""driver_a"": ""RUS"", ""driver_b"": ""LEC"", ""lap_a"": 1, ""lap_b"": 1, ""distance_m"": 4120.0, ""speed_a"": 113.85142964668266, ""speed_b"": 119.80547299471841, ""throttle_a"": 5.7428517665866705, ""throttle_b"": 66.02736497359204, ""brake_a"": 0.0, ""brake_b"": 0.0, ""delta_speed"": -5.9540433480357535, ""faster_driver_segment"": ""LEC""}"
telemetry_compare,"{""driver_a"": ""RUS"", ""driver_b"": ""LEC"", ""lap_a"": 1, ""lap_b"": 1, ""distance_m"": 4125.0, ""speed_a"": 112.50554823767243, ""speed_b"": 120.6315133418704, ""throttle_a"": 12.472258811637845, ""throttle_b"": 70.15756670935201, ""brake_a"": 0.0, ""brake_b"": 0.0, ""delta_speed"": -8.125965104197974, ""faster_driver_segment"": ""LEC""}"
telemetry_compare,"{""driver_a"": ""RUS"", ""driver_b"": ""LEC"", ""lap_a"": 1, ""lap_b"": 1, ""distance_m"": 4130.0, ""speed_a"": 111.14894210192942, ""speed_b"": 121.0, ""throttle_a"": 19.25528949035289, ""throttle_b"": 72.0, ""brake_a"": 0.0, ""brake_b"": 0.0, ""delta_speed"": -9.851057898070579, ""faster_driver_segment"": ""LEC""}"
telemetry_compare,"{""driver_a"": ""RUS"", ""driver_b"": ""LEC"", ""lap_a"": 1, ""lap_b"": 1, ""distance_m"": 4135.0, ""speed_a"": 111.0, ""speed_b"": 121.0, ""throttle_a"": 20.0, ""throttle_b"": 74.31053481889384, ""brake_a"": 0.0, ""brake_b"": 0.0, ""delta_speed"": -10.0, ""faster_driver_segment"": ""LEC""}"
telemetry_compare,"{""driver_a"": ""RUS"", ""driver_b"": ""LEC"", ""lap_a"": 1, ""lap_b"": 1, ""distance_m"": 4140.0, ""speed_a"": 114.05550720012141, ""speed_b"": 121.0, ""throttle_a"": 29.603022628952996, ""throttle_b"": 78.9695356538194, ""brake_a"": 0.0, ""brake_b"": 0.0, ""delta_speed"": -6.944492799878589, ""faster_driver_segment"": ""LEC""}"
telemetry_compare,"{""driver_a"": ""RUS"", ""driver_b"": ""LEC"", ""lap_a"": 1, ""lap_b"": 1, ""distance_m"": 4145.0, ""speed_a"": 117.35957058850235, ""speed_b"": 125.37252132436208, ""throttle_a"": 39.987221849578795, ""throttle_b"": 84.24872525252907, ""brake_a"": 0.0, ""brake_b"": 0.0, ""delta_speed"": -8.012950735859732, ""faster_driver_segment"": ""LEC""}"
telemetry_compare,"{""driver_a"": ""RUS"", ""driver_b"": ""LEC"", ""lap_a"": 1, ""lap_b"": 1, ""distance_m"": 4150.0, ""speed_a"": 118.7657217745261, ""speed_b"": 138.25238061437423, ""throttle_a"": 51.57152218157628, ""throttle_b"": 90.87265288739245, ""brake_a"": 0.0, ""brake_b"": 0.0, ""delta_speed"": -19.486658839848133, ""faster_driver_segment"": ""LEC""}"
telemetry_compare,"{""driver_a"": ""RUS"", ""driver_b"": ""LEC"", ""lap_a"": 1, ""lap_b"": 1, ""distance_m"": 4155.0, ""speed_a"": 119.69557604391613, ""speed_b"": 150.52032028185397, ""throttle_a"": 63.19470054895177, ""throttle_b"": 97.18187900209634, ""brake_a"": 0.0, ""brake_b"": 0.0, ""delta_speed"": -30.824744237937836, ""faster_driver_segment"": ""LEC""}"
telemetry_compare,"{""driver_a"": ""RUS"", ""driver_b"": ""LEC"", ""lap_a"": 1, ""lap_b"": 1, ""distance_m"": 4160.0, ""speed_a"": 126.88677953743138, ""speed_b"": 156.0, ""throttle_a"": 69.2955931791438, ""throttle_b"": 100.0, ""brake_a"": 0.0, ""brake_b"": 0.0, ""delta_speed"": -29.11322046256862, ""faster_driver_segment"": ""LEC""}"
telemetry_compare,"{""driver_a"": ""RUS"", ""driver_b"": ""LEC"", ""lap_a"": 1, ""lap_b"": 1, ""distance_m"": 4165.0, ""speed_a"": 134.18331572527796, ""speed_b"": 156.62400057049098, ""throttle_a"": 78.91451950413257, ""throttle_b"": 100.0, ""brake_a"": 0.0, ""brake_b"": 0.0, ""delta_speed"": -22.440684845213013, ""faster_driver_segment"": ""LEC""}"
telemetry_compare,"{""driver_a"": ""RUS"", ""driver_b"": ""LEC"", ""lap_a"": 1, ""lap_b"": 1, ""distance_m"": 4170.0, ""speed_a"": 138.44313610850466, ""speed_b"": 160.316111214018, ""throttle_a"": 94.35636839332935, ""throttle_b"": 100.0, ""brake_a"": 0.0, ""brake_b"": 0.0, ""delta_speed"": -21.872975105513348, ""faster_driver_segment"": ""LEC""}"
telemetry_compare,"{""driver_a"": ""RUS"", ""driver_b"": ""LEC"", ""lap_a"": 1, ""lap_b"": 1, ""distance_m"": 4175.0, ""speed_a"": 143.12026233584075, ""speed_b"": 163.92776688654783, ""throttle_a"": 100.0, ""throttle_b"": 100.0, ""brake_a"": 0.0, ""brake_b"": 0.0, ""delta_speed"": -20.80750455070708, ""faster_driver_segment"": ""LEC""}"
telemetry_compare,"{""driver_a"": ""RUS"", ""driver_b"": ""LEC"", ""lap_a"": 1, ""lap_b"": 1, ""distance_m"": 4180.0, ""speed_a"": 147.94293174532265, ""speed_b"": 168.6074464922466, ""throttle_a"": 100.0, ""throttle_b"": 100.0, ""brake_a"": 0.0, ""brake_b"": 0.0, ""delta_speed"": -20.664514746923942, ""faster_driver_segment"": ""LEC""}"
telemetry_compare,"{""driver_a"": ""RUS"", ""driver_b"": ""LEC"", ""lap_a"": 1, ""lap_b"": 1, ""distance_m"": 4185.0, ""speed_a"": 153.02823797884193, ""speed_b"": 173.0, ""throttle_a"": 100.0, ""throttle_b"": 100.0, ""brake_a"": 0.0, ""brake_b"": 0.0, ""delta_speed"": -19.97176202115807, ""faster_driver_segment"": ""LEC""}"
telemetry_compare,"{""driver_a"": ""RUS"", ""driver_b"": ""LEC"", ""lap_a"": 1, ""lap_b"": 1, ""distance_m"": 4190.0, ""speed_a"": 155.0, ""speed_b"": 173.0, ""throttle_a"": 100.0, ""throttle_b"": 100.0, ""brake_a"": 0.0, ""brake_b"": 0.0, ""delta_speed"": -18.0, ""faster_driver_segment"": ""LEC""}"
telemetry_compare,"{""driver_a"": ""RUS"", ""driver_b"": ""LEC"", ""lap_a"": 1, ""lap_b"": 1, ""distance_m"": 4195.0, ""speed_a"": 155.0, ""speed_b"": 175.56929902843837, ""throttle_a"": 100.0, ""throttle_b"": 100.0, ""brake_a"": 0.0, ""brake_b"": 0.0, ""delta_speed"": -20.569299028438365, ""faster_driver_segment"": ""LEC""}"
telemetry_compare,"{""driver_a"": ""RUS"", ""driver_b"": ""LEC"", ""lap_a"": 1, ""lap_b"": 1, ""distance_m"": 4200.0, ""speed_a"": 156.23363705841984, ""speed_b"": 180.4138371987601, ""throttle_a"": 100.0, ""throttle_b"": 100.0, ""brake_a"": 0.0, ""brake_b"": 0.0, ""delta_speed"": -24.180200140340247, ""faster_driver_segment"": ""LEC""}"
telemetry_compare,"{""driver_a"": ""RUS"", ""driver_b"": ""LEC"", ""lap_a"": 1, ""lap_b"": 1, ""distance_m"": 4205.0, ""speed_a"": 158.49601153246567, ""speed_b"": 185.07676979209734, ""throttle_a"": 100.0, ""throttle_b"": 100.0, ""brake_a"": 0.0, ""brake_b"": 0.0, ""delta_speed"": -26.580758259631665, ""faster_driver_segment"": ""LEC""}"
telemetry_compare,"{""driver_a"": ""RUS"", ""driver_b"": ""LEC"", ""lap_a"": 1, ""lap_b"": 1, ""distance_m"": 4210.0, ""speed_a"": 159.0, ""speed_b"": 186.51530521566545, ""throttle_a"": 100.0, ""throttle_b"": 100.0, ""brake_a"": 0.0, ""brake_b"": 0.0, ""delta_speed"": -27.51530521566545, ""faster_driver_segment"": ""LEC""}"
telemetry_compare,"{""driver_a"": ""RUS"", ""driver_b"": ""LEC"", ""lap_a"": 1, ""lap_b"": 1, ""distance_m"": 4215.0, ""speed_a"": 159.07403335469934, ""speed_b"": 187.94902335504378, ""throttle_a"": 100.0, ""throttle_b"": 100.0, ""brake_a"": 0.0, ""brake_b"": 0.0, ""delta_speed"": -28.87499000034444, ""faster_driver_segment"": ""LEC""}"
telemetry_compare,"{""driver_a"": ""RUS"", ""driver_b"": ""LEC"", ""lap_a"": 1, ""lap_b"": 1, ""distance_m"": 4220.0, ""speed_a"": 166.20023861950466, ""speed_b"": 189.37027773187538, ""throttle_a"": 100.0, ""throttle_b"": 100.0, ""brake_a"": 0.0, ""brake_b"": 0.0, ""delta_speed"": -23.170039112370716, ""faster_driver_segment"": ""LEC""}"
telemetry_compare,"{""driver_a"": ""RUS"", ""driver_b"": ""LEC"", ""lap_a"": 1, ""lap_b"": 1, ""distance_m"": 4225.0, ""speed_a"": 173.32644388430998, ""speed_b"": 190.7779073300631, ""throttle_a"": 100.0, ""throttle_b"": 100.0, ""brake_a"": 0.0, ""brake_b"": 0.0, ""delta_speed"": -17.45146344575312, ""faster_driver_segment"": ""LEC""}"
telemetry_compare,"{""driver_a"": ""RUS"", ""driver_b"": ""LEC"", ""lap_a"": 1, ""lap_b"": 1, ""distance_m"": 4230.0, ""speed_a"": 180.43213562279414, ""speed_b"": 192.20964586426095, ""throttle_a"": 100.0, ""throttle_b"": 100.0, ""brake_a"": 0.0, ""brake_b"": 0.0, ""delta_speed"": -11.777510241466814, ""faster_driver_segment"": ""LEC""}"
telemetry_compare,"{""driver_a"": ""RUS"", ""driver_b"": ""LEC"", ""lap_a"": 1, ""lap_b"": 1, ""distance_m"": 4235.0, ""speed_a"": 182.5384208124785, ""speed_b"": 193.6459008482127, ""throttle_a"": 100.0, ""throttle_b"": 100.0, ""brake_a"": 0.0, ""brake_b"": 0.0, ""delta_speed"": -11.107480035734199, ""faster_driver_segment"": ""LEC""}"
telemetry_compare,"{""driver_a"": ""RUS"", ""driver_b"": ""LEC"", ""lap_a"": 1, ""lap_b"": 1, ""distance_m"": 4240.0, ""speed_a"": 183.23759069020278, ""speed_b"": 195.08215583216443, ""throttle_a"": 100.0, ""throttle_b"": 100.0, ""brake_a"": 0.0, ""brake_b"": 0.0, ""delta_speed"": -11.844565141961652, ""faster_driver_segment"": ""LEC""}"
telemetry_compare,"{""driver_a"": ""RUS"", ""driver_b"": ""LEC"", ""lap_a"": 1, ""lap_b"": 1, ""distance_m"": 4245.0, ""speed_a"": 183.93872835823316, ""speed_b"": 196.3486432444936, ""throttle_a"": 100.0, ""throttle_b"": 100.0, ""brake_a"": 0.0, ""brake_b"": 0.0, ""delta_speed"": -12.409914886260424, ""faster_driver_segment"": ""LEC""}"
telemetry_compare,"{""driver_a"": ""RUS"", ""driver_b"": ""LEC"", ""lap_a"": 1, ""lap_b"": 1, ""distance_m"": 4250.0, ""speed_a"": 184.0, ""speed_b"": 197.32146575347167, ""throttle_a"": 100.0, ""throttle_b"": 100.0, ""brake_a"": 0.0, ""brake_b"": 0.0, ""delta_speed"": -13.32146575347167, ""faster_driver_segment"": ""LEC""}"
telemetry_compare,"{""driver_a"": ""RUS"", ""driver_b"": ""LEC"", ""lap_a"": 1, ""lap_b"": 1, ""distance_m"": 4255.0, ""speed_a"": 184.0, ""speed_b"": 198.28737420735607, ""throttle_a"": 100.0, ""throttle_b"": 100.0, ""brake_a"": 0.0, ""brake_b"": 0.0, ""delta_speed"": -14.287374207356066, ""faster_driver_segment"": ""LEC""}"
telemetry_compare,"{""driver_a"": ""RUS"", ""driver_b"": ""LEC"", ""lap_a"": 1, ""lap_b"": 1, ""distance_m"": 4260.0, ""speed_a"": 184.0, ""speed_b"": 199.3862958647341, ""throttle_a"": 100.0, ""throttle_b"": 100.0, ""brake_a"": 0.0, ""brake_b"": 0.0, ""delta_speed"": -15.386295864734109, ""faster_driver_segment"": ""LEC""}"
telemetry_compare,"{""driver_a"": ""RUS"", ""driver_b"": ""LEC"", ""lap_a"": 1, ""lap_b"": 1, ""distance_m"": 4265.0, ""speed_a"": 185.15296311396614, ""speed_b"": 200.859458060756, ""throttle_a"": 100.0, ""throttle_b"": 100.0, ""brake_a"": 0.0, ""brake_b"": 0.0, ""delta_speed"": -15.70649494678986, ""faster_driver_segment"": ""LEC""}"
telemetry_compare,"{""driver_a"": ""RUS"", ""driver_b"": ""LEC"", ""lap_a"": 1, ""lap_b"": 1, ""distance_m"": 4270.0, ""speed_a"": 190.10957549785016, ""speed_b"": 202.32945811338638, ""throttle_a"": 100.0, ""throttle_b"": 100.0, ""brake_a"": 0.0, ""brake_b"": 0.0, ""delta_speed"": -12.219882615536221, ""faster_driver_segment"": ""LEC""}"
telemetry_compare,"{""driver_a"": ""RUS"", ""driver_b"": ""LEC"", ""lap_a"": 1, ""lap_b"": 1, ""distance_m"": 4275.0, ""speed_a"": 194.9762688094439, ""speed_b"": 203.7825945692218, ""throttle_a"": 100.0, ""throttle_b"": 100.0, ""brake_a"": 0.0, ""brake_b"": 0.0, ""delta_speed"": -8.806325759777906, ""faster_driver_segment"": ""LEC""}"
telemetry_compare,"{""driver_a"": ""RUS"", ""driver_b"": ""LEC"", ""lap_a"": 1, ""lap_b"": 1, ""distance_m"": 4280.0, ""speed_a"": 199.69993775581165, ""speed_b"": 205.14072834478006, ""throttle_a"": 100.0, ""throttle_b"": 99.92963582760997, ""brake_a"": 0.0, ""brake_b"": 0.0, ""delta_speed"": -5.440790588968412, ""faster_driver_segment"": ""LEC""}"
telemetry_compare,"{""driver_a"": ""RUS"", ""driver_b"": ""LEC"", ""lap_a"": 1, ""lap_b"": 1, ""distance_m"": 4285.0, ""speed_a"": 204.4236067021794, ""speed_b"": 206.00823184000157, ""throttle_a"": 100.0, ""throttle_b"": 99.49588407999921, ""brake_a"": 0.0, ""brake_b"": 0.0, ""delta_speed"": -1.5846251378221723, ""faster_driver_segment"": ""LEC""}"
telemetry_compare,"{""driver_a"": ""RUS"", ""driver_b"": ""LEC"", ""lap_a"": 1, ""lap_b"": 1, ""distance_m"": 4290.0, ""speed_a"": 207.09919445098362, ""speed_b"": 206.87402831294511, ""throttle_a"": 84.29722212880522, ""throttle_b"": 99.06298584352744, ""brake_a"": 0.0, ""brake_b"": 0.08984748905584243, ""delta_speed"": 0.22516613803850305, ""faster_driver_segment"": ""RUS""}"
telemetry_compare,"{""driver_a"": ""RUS"", ""driver_b"": ""LEC"", ""lap_a"": 1, ""lap_b"": 1, ""distance_m"": 4295.0, ""speed_a"": 208.74188780846808, ""speed_b"": 207.73453269483406, ""throttle_a"": 60.83017416474156, ""throttle_b"": 98.63273365258297, ""brake_a"": 0.0, ""brake_b"": 0.4582391419755592, ""delta_speed"": 1.00735511363402, ""faster_driver_segment"": ""RUS""}"
telemetry_compare,"{""driver_a"": ""RUS"", ""driver_b"": ""LEC"", ""lap_a"": 1, ""lap_b"": 1, ""distance_m"": 4300.0, ""speed_a"": 210.38358719903923, ""speed_b"": 208.595037076723, ""throttle_a"": 37.37732572801116, ""throttle_b"": 98.2024814616385, ""brake_a"": 0.0, ""brake_b"": 0.8266307948952759, ""delta_speed"": 1.7885501223162237, ""faster_driver_segment"": ""RUS""}"
telemetry_compare,"{""driver_a"": ""RUS"", ""driver_b"": ""LEC"", ""lap_a"": 1, ""lap_b"": 1, ""distance_m"": 4305.0, ""speed_a"": 212.02528658961035, ""speed_b"": 209.0, ""throttle_a"": 13.924477291280768, ""throttle_b"": 86.95214111890085, ""brake_a"": 0.0, ""brake_b"": 1.0, ""delta_speed"": 3.025286589610346, ""faster_driver_segment"": ""RUS""}"
telemetry_compare,"{""driver_a"": ""RUS"", ""driver_b"": ""LEC"", ""lap_a"": 1, ""lap_b"": 1, ""distance_m"": 4310.0, ""speed_a"": 212.7534514993852, ""speed_b"": 209.0, ""throttle_a"": 0.0, ""throttle_b"": 65.91479712368397, ""brake_a"": 0.0, ""brake_b"": 1.0, ""delta_speed"": 3.753451499385193, ""faster_driver_segment"": ""RUS""}"
telemetry_compare,"{""driver_a"": ""RUS"", ""driver_b"": ""LEC"", ""lap_a"": 1, ""lap_b"": 1, ""distance_m"": 4315.0, ""speed_a"": 212.14375561225748, ""speed_b"": 209.0, ""throttle_a"": 0.0, ""throttle_b"": 44.81973836938793, ""brake_a"": 0.0, ""brake_b"": 1.0, ""delta_speed"": 3.143755612257479, ""faster_driver_segment"": ""RUS""}"
telemetry_compare,"{""driver_a"": ""RUS"", ""driver_b"": ""LEC"", ""lap_a"": 1, ""lap_b"": 1, ""distance_m"": 4320.0, ""speed_a"": 211.53405972512977, ""speed_b"": 209.0, ""throttle_a"": 0.0, ""throttle_b"": 23.724679615091897, ""brake_a"": 0.0, ""brake_b"": 1.0, ""delta_speed"": 2.534059725129765, ""faster_driver_segment"": ""RUS""}"
telemetry_compare,"{""driver_a"": ""RUS"", ""driver_b"": ""LEC"", ""lap_a"": 1, ""lap_b"": 1, ""distance_m"": 4325.0, ""speed_a"": 210.8666198218919, ""speed_b"": 207.54009736395113, ""throttle_a"": 0.0, ""throttle_b"": 10.336900608318969, ""brake_a"": 0.0, ""brake_b"": 0.9824348067169586, ""delta_speed"": 3.3265224579407686, ""faster_driver_segment"": ""RUS""}"
telemetry_compare,"{""driver_a"": ""RUS"", ""driver_b"": ""LEC"", ""lap_a"": 1, ""lap_b"": 1, ""distance_m"": 4330.0, ""speed_a"": 209.79145492895233, ""speed_b"": 203.26519558067645, ""throttle_a"": 0.0, ""throttle_b"": 11.32341640445928, ""brake_a"": 0.0, ""brake_b"": 0.6185026686481075, ""delta_speed"": 6.526259348275886, ""faster_driver_segment"": ""RUS""}"
telemetry_compare,"{""driver_a"": ""RUS"", ""driver_b"": ""LEC"", ""lap_a"": 1, ""lap_b"": 1, ""distance_m"": 4335.0, ""speed_a"": 208.56374393203794, ""speed_b"": 198.99029379740176, ""throttle_a"": 0.0, ""throttle_b"": 12.309932200599594, ""brake_a"": 0.0, ""brake_b"": 0.2545705305792566, ""delta_speed"": 9.573450134636175, ""faster_driver_segment"": ""RUS""}"
telemetry_compare,"{""driver_a"": ""RUS"", ""driver_b"": ""LEC"", ""lap_a"": 1, ""lap_b"": 1, ""distance_m"": 4340.0, ""speed_a"": 206.92539441747476, ""speed_b"": 196.0, ""throttle_a"": 0.0, ""throttle_b"": 13.0, ""brake_a"": 0.0, ""brake_b"": 0.0, ""delta_speed"": 10.925394417474763, ""faster_driver_segment"": ""RUS""}"
telemetry_compare,"{""driver_a"": ""RUS"", ""driver_b"": ""LEC"", ""lap_a"": 1, ""lap_b"": 1, ""distance_m"": 4345.0, ""speed_a"": 205.28100235596386, ""speed_b"": 196.0, ""throttle_a"": 0.0, ""throttle_b"": 13.0, ""brake_a"": 0.0, ""brake_b"": 0.0, ""delta_speed"": 9.281002355963864, ""faster_driver_segment"": ""RUS""}"
telemetry_compare,"{""driver_a"": ""RUS"", ""driver_b"": ""LEC"", ""lap_a"": 1, ""lap_b"": 1, ""distance_m"": 4350.0, ""speed_a"": 203.6287672490275, ""speed_b"": 195.02373704663276, ""throttle_a"": 0.0, ""throttle_b"": 27.318523316052925, ""brake_a"": 0.0, ""brake_b"": 0.0, ""delta_speed"": 8.605030202394744, ""faster_driver_segment"": ""RUS""}"
telemetry_compare,"{""driver_a"": ""RUS"", ""driver_b"": ""LEC"", ""lap_a"": 1, ""lap_b"": 1, ""distance_m"": 4355.0, ""speed_a"": 202.65399879149547, ""speed_b"": 193.27503238342027, ""throttle_a"": 0.0, ""throttle_b"": 52.966191709835975, ""brake_a"": 0.0, ""brake_b"": 0.0, ""delta_speed"": 9.3789664080752, ""faster_driver_segment"": ""RUS""}"
telemetry_compare,"{""driver_a"": ""RUS"", ""driver_b"": ""LEC"", ""lap_a"": 1, ""lap_b"": 1, ""distance_m"": 4360.0, ""speed_a"": 202.09413130533022, ""speed_b"": 192.50928442029007, ""throttle_a"": 0.0, ""throttle_b"": 57.0, ""brake_a"": 0.0, ""brake_b"": 0.0, ""delta_speed"": 9.58484688504015, ""faster_driver_segment"": ""RUS""}"
telemetry_compare,"{""driver_a"": ""RUS"", ""driver_b"": ""LEC"", ""lap_a"": 1, ""lap_b"": 1, ""distance_m"": 4365.0, ""speed_a"": 201.534263819165, ""speed_b"": 192.0, ""throttle_a"": 0.0, ""throttle_b"": 57.91999415803016, ""brake_a"": 0.0, ""brake_b"": 0.0, ""delta_speed"": 9.534263819165005, ""faster_driver_segment"": ""RUS""}"
telemetry_compare,"{""driver_a"": ""RUS"", ""driver_b"": ""LEC"", ""lap_a"": 1, ""lap_b"": 1, ""distance_m"": 4370.0, ""speed_a"": 201.0, ""speed_b"": 192.0, ""throttle_a"": 0.0, ""throttle_b"": 65.25964967844628, ""brake_a"": 0.0, ""brake_b"": 0.0, ""delta_speed"": 9.0, ""faster_driver_segment"": ""RUS""}"
telemetry_compare,"{""driver_a"": ""RUS"", ""driver_b"": ""LEC"", ""lap_a"": 1, ""lap_b"": 1, ""distance_m"": 4375.0, ""speed_a"": 201.0, ""speed_b"": 192.0, ""throttle_a"": 0.0, ""throttle_b"": 72.59979445257542, ""brake_a"": 0.0, ""brake_b"": 0.0, ""delta_speed"": 9.0, ""faster_driver_segment"": ""RUS""}"
telemetry_compare,"{""driver_a"": ""RUS"", ""driver_b"": ""LEC"", ""lap_a"": 1, ""lap_b"": 1, ""distance_m"": 4380.0, ""speed_a"": 201.0, ""speed_b"": 192.0, ""throttle_a"": 0.0, ""throttle_b"": 79.9060862201756, ""brake_a"": 0.0, ""brake_b"": 0.0, ""delta_speed"": 9.0, ""faster_driver_segment"": ""RUS""}"
telemetry_compare,"{""driver_a"": ""RUS"", ""driver_b"": ""LEC"", ""lap_a"": 1, ""lap_b"": 1, ""distance_m"": 4385.0, ""speed_a"": 201.0, ""speed_b"": 193.17133980244142, ""throttle_a"": 0.0, ""throttle_b"": 86.21682328878909, ""brake_a"": 0.0, ""brake_b"": 0.0, ""delta_speed"": 7.828660197558577, ""faster_driver_segment"": ""RUS""}"
telemetry_compare,"{""driver_a"": ""RUS"", ""driver_b"": ""LEC"", ""lap_a"": 1, ""lap_b"": 1, ""distance_m"": 4390.0, ""speed_a"": 200.77028188771075, ""speed_b"": 194.8131006770361, ""throttle_a"": 7.657270409641961, ""throttle_b"": 92.12716243732991, ""brake_a"": 0.0, ""brake_b"": 0.0, ""delta_speed"": 5.957181210674662, ""faster_driver_segment"": ""RUS""}"
telemetry_compare,"{""driver_a"": ""RUS"", ""driver_b"": ""LEC"", ""lap_a"": 1, ""lap_b"": 1, ""distance_m"": 4395.0, ""speed_a"": 200.51947464853188, ""speed_b"": 196.4301646302604, ""throttle_a"": 16.017511715603746, ""throttle_b"": 97.9485926689375, ""brake_a"": 0.0, ""brake_b"": 0.0, ""delta_speed"": 4.089310018271476, ""faster_driver_segment"": ""RUS""}"
telemetry_compare,"{""driver_a"": ""RUS"", ""driver_b"": ""LEC"", ""lap_a"": 1, ""lap_b"": 1, ""distance_m"": 4400.0, ""speed_a"": 200.2683504463652, ""speed_b"": 197.74803631774913, ""throttle_a"": 24.38831845449314, ""throttle_b"": 100.0, ""brake_a"": 0.0, ""brake_b"": 0.0, ""delta_speed"": 2.5203141286160644, ""faster_driver_segment"": ""RUS""}"
telemetry_compare,"{""driver_a"": ""RUS"", ""driver_b"": ""LEC"", ""lap_a"": 1, ""lap_b"": 1, ""distance_m"": 4405.0, ""speed_a"": 200.01600640538302, ""speed_b"": 198.8894127983014, ""throttle_a"": 32.79978648723292, ""throttle_b"": 100.0, ""brake_a"": 0.0, ""brake_b"": 0.0, ""delta_speed"": 1.1265936070816167, ""faster_driver_segment"": ""RUS""}"
telemetry_compare,"{""driver_a"": ""RUS"", ""driver_b"": ""LEC"", ""lap_a"": 1, ""lap_b"": 1, ""distance_m"": 4410.0, ""speed_a"": 199.76366236440083, ""speed_b"": 200.02408231390763, ""throttle_a"": 41.2112545199727, ""throttle_b"": 100.0, ""brake_a"": 0.0, ""brake_b"": 0.0, ""delta_speed"": -0.26041994950679737, ""faster_driver_segment"": ""LEC""}"
telemetry_compare,"{""driver_a"": ""RUS"", ""driver_b"": ""LEC"", ""lap_a"": 1, ""lap_b"": 1, ""distance_m"": 4415.0, ""speed_a"": 199.51001339184683, ""speed_b"": 201.13473749639513, ""throttle_a"": 49.66622027177264, ""throttle_b"": 100.0, ""brake_a"": 0.0, ""brake_b"": 0.0, ""delta_speed"": -1.6247241045483065, ""faster_driver_segment"": ""LEC""}"
telemetry_compare,"{""driver_a"": ""RUS"", ""driver_b"": ""LEC"", ""lap_a"": 1, ""lap_b"": 1, ""distance_m"": 4420.0, ""speed_a"": 199.25633626611346, ""speed_b"": 202.24093135520567, ""throttle_a"": 58.12212446288474, ""throttle_b"": 100.0, ""brake_a"": 0.0, ""brake_b"": 0.0, ""delta_speed"": -2.9845950890922097, ""faster_driver_segment"": ""LEC""}"
telemetry_compare,"{""driver_a"": ""RUS"", ""driver_b"": ""LEC"", ""lap_a"": 1, ""lap_b"": 1, ""distance_m"": 4425.0, ""speed_a"": 199.0026591403801, ""speed_b"": 203.33587020792564, ""throttle_a"": 66.57802865399684, ""throttle_b"": 100.0, ""brake_a"": 0.0, ""brake_b"": 0.0, ""delta_speed"": -4.333211067545534, ""faster_driver_segment"": ""LEC""}"
telemetry_compare,"{""driver_a"": ""RUS"", ""driver_b"": ""LEC"", ""lap_a"": 1, ""lap_b"": 1, ""distance_m"": 4430.0, ""speed_a"": 198.7493130554472, ""speed_b"": 204.4195370710584, ""throttle_a"": 75.02289815176016, ""throttle_b"": 100.0, ""brake_a"": 0.0, ""brake_b"": 0.0, ""delta_speed"": -5.670224015611183, ""faster_driver_segment"": ""LEC""}"
telemetry_compare,"{""driver_a"": ""RUS"", ""driver_b"": ""LEC"", ""lap_a"": 1, ""lap_b"": 1, ""distance_m"": 4435.0, ""speed_a"": 198.49611302620718, ""speed_b"": 205.50320393419113, ""throttle_a"": 83.46289912642713, ""throttle_b"": 100.0, ""brake_a"": 0.0, ""brake_b"": 0.0, ""delta_speed"": -7.007090907983951, ""faster_driver_segment"": ""LEC""}"
telemetry_compare,"{""driver_a"": ""RUS"", ""driver_b"": ""LEC"", ""lap_a"": 1, ""lap_b"": 1, ""distance_m"": 4440.0, ""speed_a"": 198.24291299696716, ""speed_b"": 206.58687079732388, ""throttle_a"": 91.9029001010941, ""throttle_b"": 100.0, ""brake_a"": 0.0, ""brake_b"": 0.0, ""delta_speed"": -8.34395780035672, ""faster_driver_segment"": ""LEC""}"
telemetry_compare,"{""driver_a"": ""RUS"", ""driver_b"": ""LEC"", ""lap_a"": 1, ""lap_b"": 1, ""distance_m"": 4445.0, ""speed_a"": 198.0, ""speed_b"": 207.6835484748117, ""throttle_a"": 100.0, ""throttle_b"": 100.0, ""brake_a"": 0.0, ""brake_b"": 0.0, ""delta_speed"": -9.683548474811687, ""faster_driver_segment"": ""LEC""}"
telemetry_compare,"{""driver_a"": ""RUS"", ""driver_b"": ""LEC"", ""lap_a"": 1, ""lap_b"": 1, ""distance_m"": 4450.0, ""speed_a"": 198.0, ""speed_b"": 208.78149748789093, ""throttle_a"": 100.0, ""throttle_b"": 100.0, ""brake_a"": 0.0, ""brake_b"": 0.0, ""delta_speed"": -10.781497487890931, ""faster_driver_segment"": ""LEC""}"
telemetry_compare,"{""driver_a"": ""RUS"", ""driver_b"": ""LEC"", ""lap_a"": 1, ""lap_b"": 1, ""distance_m"": 4455.0, ""speed_a"": 198.0, ""speed_b"": 209.8794465009702, ""throttle_a"": 100.0, ""throttle_b"": 100.0, ""brake_a"": 0.0, ""brake_b"": 0.0, ""delta_speed"": -11.879446500970204, ""faster_driver_segment"": ""LEC""}"
telemetry_compare,"{""driver_a"": ""RUS"", ""driver_b"": ""LEC"", ""lap_a"": 1, ""lap_b"": 1, ""distance_m"": 4460.0, ""speed_a"": 198.0, ""speed_b"": 210.98626698941274, ""throttle_a"": 100.0, ""throttle_b"": 100.0, ""brake_a"": 0.0, ""brake_b"": 0.0, ""delta_speed"": -12.98626698941274, ""faster_driver_segment"": ""LEC""}"
telemetry_compare,"{""driver_a"": ""RUS"", ""driver_b"": ""LEC"", ""lap_a"": 1, ""lap_b"": 1, ""distance_m"": 4465.0, ""speed_a"": 198.0, ""speed_b"": 210.39243658239016, ""throttle_a"": 100.0, ""throttle_b"": 94.83571095031635, ""brake_a"": 0.0, ""brake_b"": 0.0, ""delta_speed"": -12.392436582390161, ""faster_driver_segment"": ""LEC""}"
telemetry_compare,"{""driver_a"": ""RUS"", ""driver_b"": ""LEC"", ""lap_a"": 1, ""lap_b"": 1, ""distance_m"": 4470.0, ""speed_a"": 198.0, ""speed_b"": 209.7772517077217, ""throttle_a"": 100.0, ""throttle_b"": 89.60663951563427, ""brake_a"": 0.0, ""brake_b"": 0.0, ""delta_speed"": -11.777251707721689, ""faster_driver_segment"": ""LEC""}"
telemetry_compare,"{""driver_a"": ""RUS"", ""driver_b"": ""LEC"", ""lap_a"": 1, ""lap_b"": 1, ""distance_m"": 4475.0, ""speed_a"": 198.0, ""speed_b"": 209.16209052670717, ""throttle_a"": 100.0, ""throttle_b"": 84.37776947701084, ""brake_a"": 0.0, ""brake_b"": 0.0, ""delta_speed"": -11.162090526707175, ""faster_driver_segment"": ""LEC""}"
telemetry_compare,"{""driver_a"": ""RUS"", ""driver_b"": ""LEC"", ""lap_a"": 1, ""lap_b"": 1, ""distance_m"": 4480.0, ""speed_a"": 198.0, ""speed_b"": 209.0, ""throttle_a"": 100.0, ""throttle_b"": 83.0, ""brake_a"": 0.0, ""brake_b"": 0.0, ""delta_speed"": -11.0, ""faster_driver_segment"": ""LEC""}"
telemetry_compare,"{""driver_a"": ""RUS"", ""driver_b"": ""LEC"", ""lap_a"": 1, ""lap_b"": 1, ""distance_m"": 4485.0, ""speed_a"": 198.0, ""speed_b"": 209.0, ""throttle_a"": 100.0, ""throttle_b"": 83.0, ""brake_a"": 0.0, ""brake_b"": 0.0, ""delta_speed"": -11.0, ""faster_driver_segment"": ""LEC""}"
telemetry_compare,"{""driver_a"": ""RUS"", ""driver_b"": ""LEC"", ""lap_a"": 1, ""lap_b"": 1, ""distance_m"": 4490.0, ""speed_a"": 198.0, ""speed_b"": 208.27651698412043, ""throttle_a"": 100.0, ""throttle_b"": 67.9877274204995, ""brake_a"": 0.0, ""brake_b"": 0.0, ""delta_speed"": -10.276516984120434, ""faster_driver_segment"": ""LEC""}"
telemetry_compare,"{""driver_a"": ""RUS"", ""driver_b"": ""LEC"", ""lap_a"": 1, ""lap_b"": 1, ""distance_m"": 4495.0, ""speed_a"": 198.0, ""speed_b"": 206.51825726632075, ""throttle_a"": 100.0, ""throttle_b"": 31.503838276155292, ""brake_a"": 0.0, ""brake_b"": 0.0, ""delta_speed"": -8.518257266320745, ""faster_driver_segment"": ""LEC""}"
telemetry_compare,"{""driver_a"": ""RUS"", ""driver_b"": ""LEC"", ""lap_a"": 1, ""lap_b"": 1, ""distance_m"": 4500.0, ""speed_a"": 198.0, ""speed_b"": 205.0, ""throttle_a"": 100.0, ""throttle_b"": 0.0, ""brake_a"": 0.0, ""brake_b"": 0.0, ""delta_speed"": -7.0, ""faster_driver_segment"": ""LEC""}"
telemetry_compare,"{""driver_a"": ""RUS"", ""driver_b"": ""LEC"", ""lap_a"": 1, ""lap_b"": 1, ""distance_m"": 4505.0, ""speed_a"": 198.0, ""speed_b"": 205.0, ""throttle_a"": 100.0, ""throttle_b"": 0.0, ""brake_a"": 0.0, ""brake_b"": 0.0, ""delta_speed"": -7.0, ""faster_driver_segment"": ""LEC""}"
telemetry_compare,"{""driver_a"": ""RUS"", ""driver_b"": ""LEC"", ""lap_a"": 1, ""lap_b"": 1, ""distance_m"": 4510.0, ""speed_a"": 198.0, ""speed_b"": 205.0, ""throttle_a"": 100.0, ""throttle_b"": 0.0, ""brake_a"": 0.0, ""brake_b"": 0.0, ""delta_speed"": -7.0, ""faster_driver_segment"": ""LEC""}"
telemetry_compare,"{""driver_a"": ""RUS"", ""driver_b"": ""LEC"", ""lap_a"": 1, ""lap_b"": 1, ""distance_m"": 4515.0, ""speed_a"": 198.0, ""speed_b"": 205.0, ""throttle_a"": 100.40339473417802, ""throttle_b"": 0.0, ""brake_a"": 0.0, ""brake_b"": 0.0, ""delta_speed"": -7.0, ""faster_driver_segment"": ""LEC""}"
telemetry_compare,"{""driver_a"": ""RUS"", ""driver_b"": ""LEC"", ""lap_a"": 1, ""lap_b"": 1, ""distance_m"": 4520.0, ""speed_a"": 198.0, ""speed_b"": 205.0, ""throttle_a"": 101.41332699830394, ""throttle_b"": 0.0, ""brake_a"": 0.0, ""brake_b"": 0.0, ""delta_speed"": -7.0, ""faster_driver_segment"": ""LEC""}"
telemetry_compare,"{""driver_a"": ""RUS"", ""driver_b"": ""LEC"", ""lap_a"": 1, ""lap_b"": 1, ""distance_m"": 4525.0, ""speed_a"": 198.0, ""speed_b"": 205.0, ""throttle_a"": 102.42328108901185, ""throttle_b"": 0.0, ""brake_a"": 0.0, ""brake_b"": 0.0, ""delta_speed"": -7.0, ""faster_driver_segment"": ""LEC""}"
telemetry_compare,"{""driver_a"": ""RUS"", ""driver_b"": ""LEC"", ""lap_a"": 1, ""lap_b"": 1, ""distance_m"": 4530.0, ""speed_a"": 198.0, ""speed_b"": 205.0, ""throttle_a"": 103.43327008105858, ""throttle_b"": 0.0, ""brake_a"": 0.055447896159318714, ""brake_b"": 0.0, ""delta_speed"": -7.0, ""faster_driver_segment"": ""LEC""}"
telemetry_compare,"{""driver_a"": ""RUS"", ""driver_b"": ""LEC"", ""lap_a"": 1, ""lap_b"": 1, ""distance_m"": 4535.0, ""speed_a"": 198.0, ""speed_b"": 194.2476469877137, ""throttle_a"": 103.5998116822881, ""throttle_b"": 0.0, ""brake_a"": 1.0, ""brake_b"": 0.0, ""delta_speed"": 3.7523530122863065, ""faster_driver_segment"": ""RUS""}"
telemetry_compare,"{""driver_a"": ""RUS"", ""driver_b"": ""LEC"", ""lap_a"": 1, ""lap_b"": 1, ""distance_m"": 4540.0, ""speed_a"": 198.0, ""speed_b"": 177.6898312678205, ""throttle_a"": 102.68927148020194, ""throttle_b"": 0.0, ""brake_a"": 1.0, ""brake_b"": 0.0, ""delta_speed"": 20.310168732179505, ""faster_driver_segment"": ""RUS""}"
telemetry_compare,"{""driver_a"": ""RUS"", ""driver_b"": ""LEC"", ""lap_a"": 1, ""lap_b"": 1, ""distance_m"": 4545.0, ""speed_a"": 198.0, ""speed_b"": 161.03822904820717, ""throttle_a"": 101.78090430730548, ""throttle_b"": 0.0, ""brake_a"": 1.0, ""brake_b"": 0.1949008851892915, ""delta_speed"": 36.96177095179283, ""faster_driver_segment"": ""RUS""}"
telemetry_compare,"{""driver_a"": ""RUS"", ""driver_b"": ""LEC"", ""lap_a"": 1, ""lap_b"": 1, ""distance_m"": 4550.0, ""speed_a"": 198.0, ""speed_b"": 150.30117816020578, ""throttle_a"": 100.87253713440901, ""throttle_b"": 0.0, ""brake_a"": 1.0, ""brake_b"": 1.0, ""delta_speed"": 47.69882183979422, ""faster_driver_segment"": ""RUS""}"
telemetry_compare,"{""driver_a"": ""RUS"", ""driver_b"": ""LEC"", ""lap_a"": 1, ""lap_b"": 1, ""distance_m"": 4555.0, ""speed_a"": 197.93546940611816, ""speed_b"": 142.85020841000173, ""throttle_a"": 99.19336757647709, ""throttle_b"": 0.0, ""brake_a"": 1.0, ""brake_b"": 1.0, ""delta_speed"": 55.08526099611643, ""faster_driver_segment"": ""RUS""}"
telemetry_compare,"{""driver_a"": ""RUS"", ""driver_b"": ""LEC"", ""lap_a"": 1, ""lap_b"": 1, ""distance_m"": 4560.0, ""speed_a"": 196.29948251901718, ""speed_b"": 135.25462295054942, ""throttle_a"": 78.74353148771486, ""throttle_b"": 0.0, ""brake_a"": 1.0, ""brake_b"": 1.0, ""delta_speed"": 61.04485956846776, ""faster_driver_segment"": ""RUS""}"
telemetry_compare,"{""driver_a"": ""RUS"", ""driver_b"": ""LEC"", ""lap_a"": 1, ""lap_b"": 1, ""distance_m"": 4565.0, ""speed_a"": 194.66886973065758, ""speed_b"": 127.35944065769044, ""throttle_a"": 58.36087163321961, ""throttle_b"": 0.0, ""brake_a"": 1.0, ""brake_b"": 1.0, ""delta_speed"": 67.30942907296713, ""faster_driver_segment"": ""RUS""}"
telemetry_compare,"{""driver_a"": ""RUS"", ""driver_b"": ""LEC"", ""lap_a"": 1, ""lap_b"": 1, ""distance_m"": 4570.0, ""speed_a"": 192.94441037469838, ""speed_b"": 118.76190837069393, ""throttle_a"": 36.805129683729575, ""throttle_b"": 0.0, ""brake_a"": 1.0, ""brake_b"": 1.0, ""delta_speed"": 74.18250200400445, ""faster_driver_segment"": ""RUS""}"
telemetry_compare,"{""driver_a"": ""RUS"", ""driver_b"": ""LEC"", ""lap_a"": 1, ""lap_b"": 1, ""distance_m"": 4575.0, ""speed_a"": 191.18686656030923, ""speed_b"": 109.95688009097798, ""throttle_a"": 14.835832003865164, ""throttle_b"": 0.0, ""brake_a"": 1.0, ""brake_b"": 1.0, ""delta_speed"": 81.22998646933125, ""faster_driver_segment"": ""RUS""}"
telemetry_compare,"{""driver_a"": ""RUS"", ""driver_b"": ""LEC"", ""lap_a"": 1, ""lap_b"": 1, ""distance_m"": 4580.0, ""speed_a"": 182.29033472984344, ""speed_b"": 106.93399879817274, ""throttle_a"": 0.0, ""throttle_b"": 0.0, ""brake_a"": 1.0, ""brake_b"": 1.0, ""delta_speed"": 75.3563359316707, ""faster_driver_segment"": ""RUS""}"
telemetry_compare,"{""driver_a"": ""RUS"", ""driver_b"": ""LEC"", ""lap_a"": 1, ""lap_b"": 1, ""distance_m"": 4585.0, ""speed_a"": 162.44177902538553, ""speed_b"": 103.85880631032168, ""throttle_a"": 0.0, ""throttle_b"": 0.0, ""brake_a"": 1.0, ""brake_b"": 0.9087919005455485, ""delta_speed"": 58.582972715063846, ""faster_driver_segment"": ""RUS""}"
telemetry_compare,"{""driver_a"": ""RUS"", ""driver_b"": ""LEC"", ""lap_a"": 1, ""lap_b"": 1, ""distance_m"": 4590.0, ""speed_a"": 139.55213235520782, ""speed_b"": 100.99914596980159, ""throttle_a"": 0.0, ""throttle_b"": 0.6669513433994706, ""brake_a"": 1.0, ""brake_b"": 0.0, ""delta_speed"": 38.55298638540623, ""faster_driver_segment"": ""RUS""}"
telemetry_compare,"{""driver_a"": ""RUS"", ""driver_b"": ""LEC"", ""lap_a"": 1, ""lap_b"": 1, ""distance_m"": 4595.0, ""speed_a"": 129.0, ""speed_b"": 98.23405232968275, ""throttle_a"": 0.0, ""throttle_b"": 1.5886492234390797, ""brake_a"": 1.0, ""brake_b"": 0.12478439000231754, ""delta_speed"": 30.765947670317246, ""faster_driver_segment"": ""RUS""}"
telemetry_compare,"{""driver_a"": ""RUS"", ""driver_b"": ""LEC"", ""lap_a"": 1, ""lap_b"": 1, ""distance_m"": 4600.0, ""speed_a"": 129.0, ""speed_b"": 95.45463193912603, ""throttle_a"": 0.0, ""throttle_b"": 1.381852775650411, ""brake_a"": 1.0, ""brake_b"": 0.90778607087758, ""delta_speed"": 33.54536806087397, ""faster_driver_segment"": ""RUS""}"
telemetry_compare,"{""driver_a"": ""RUS"", ""driver_b"": ""LEC"", ""lap_a"": 1, ""lap_b"": 1, ""distance_m"": 4605.0, ""speed_a"": 129.0, ""speed_b"": 92.73480624239969, ""throttle_a"": 0.0, ""throttle_b"": 0.2939224969598741, ""brake_a"": 1.0, ""brake_b"": 0.19308768152392, ""delta_speed"": 36.265193757600315, ""faster_driver_segment"": ""RUS""}"
telemetry_compare,"{""driver_a"": ""RUS"", ""driver_b"": ""LEC"", ""lap_a"": 1, ""lap_b"": 1, ""distance_m"": 4610.0, ""speed_a"": 127.95565624714625, ""speed_b"": 95.33397640123187, ""throttle_a"": 0.0, ""throttle_b"": 0.0, ""brake_a"": 1.0, ""brake_b"": 0.0, ""delta_speed"": 32.621679845914386, ""faster_driver_segment"": ""RUS""}"
telemetry_compare,"{""driver_a"": ""RUS"", ""driver_b"": ""LEC"", ""lap_a"": 1, ""lap_b"": 1, ""distance_m"": 4615.0, ""speed_a"": 126.34786499756453, ""speed_b"": 98.54690721649537, ""throttle_a"": 0.0, ""throttle_b"": 8.83530927834038, ""brake_a"": 1.0, ""brake_b"": 0.2265463917523175, ""delta_speed"": 27.800957781069158, ""faster_driver_segment"": ""RUS""}"
telemetry_compare,"{""driver_a"": ""RUS"", ""driver_b"": ""LEC"", ""lap_a"": 1, ""lap_b"": 1, ""distance_m"": 4620.0, ""speed_a"": 125.0, ""speed_b"": 97.7577368955222, ""throttle_a"": 8.75770918074089, ""throttle_b"": 41.652079134327714, ""brake_a"": 1.0, ""brake_b"": 1.0, ""delta_speed"": 27.2422631044778, ""faster_driver_segment"": ""RUS""}"
telemetry_compare,"{""driver_a"": ""RUS"", ""driver_b"": ""LEC"", ""lap_a"": 1, ""lap_b"": 1, ""distance_m"": 4625.0, ""speed_a"": 125.0, ""speed_b"": 99.67424451083754, ""throttle_a"": 62.90575551238553, ""throttle_b"": 47.68561127709386, ""brake_a"": 1.0, ""brake_b"": 0.0, ""delta_speed"": 25.32575548916246, ""faster_driver_segment"": ""RUS""}"
telemetry_compare,"{""driver_a"": ""RUS"", ""driver_b"": ""LEC"", ""lap_a"": 1, ""lap_b"": 1, ""distance_m"": 4630.0, ""speed_a"": 125.0, ""speed_b"": 101.0, ""throttle_a"": 83.01799999991412, ""throttle_b"": 51.0, ""brake_a"": 1.0, ""brake_b"": 0.0, ""delta_speed"": 24.0, ""faster_driver_segment"": ""RUS""}"
telemetry_compare,"{""driver_a"": ""RUS"", ""driver_b"": ""LEC"", ""lap_a"": 1, ""lap_b"": 1, ""distance_m"": 4635.0, ""speed_a"": 120.27036913898145, ""speed_b"": 101.0, ""throttle_a"": 0.0, ""throttle_b"": 51.91944387573706, ""brake_a"": 1.0, ""brake_b"": 0.0, ""delta_speed"": 19.27036913898145, ""faster_driver_segment"": ""RUS""}"
telemetry_compare,"{""driver_a"": ""RUS"", ""driver_b"": ""LEC"", ""lap_a"": 1, ""lap_b"": 1, ""distance_m"": 4640.0, ""speed_a"": 90.21745028845768, ""speed_b"": 101.0, ""throttle_a"": 6.521247596185948, ""throttle_b"": 56.35566443570975, ""brake_a"": 0.8328454290080861, ""brake_b"": 0.0, ""delta_speed"": -10.782549711542316, ""faster_driver_segment"": ""LEC""}"
telemetry_compare,"{""driver_a"": ""RUS"", ""driver_b"": ""LEC"", ""lap_a"": 1, ""lap_b"": 1, ""distance_m"": 4645.0, ""speed_a"": 88.16511465606128, ""speed_b"": 101.0, ""throttle_a"": 25.0, ""throttle_b"": 57.0, ""brake_a"": 0.0, ""brake_b"": 0.0, ""delta_speed"": -12.834885343938723, ""faster_driver_segment"": ""LEC""}"
telemetry_compare,"{""driver_a"": ""RUS"", ""driver_b"": ""LEC"", ""lap_a"": 1, ""lap_b"": 1, ""distance_m"": 4650.0, ""speed_a"": 89.0, ""speed_b"": 120.05097358288143, ""throttle_a"": 25.0, ""throttle_b"": 68.56666253246371, ""brake_a"": 0.0, ""brake_b"": 0.0, ""delta_speed"": -31.050973582881426, ""faster_driver_segment"": ""LEC""}"
telemetry_compare,"{""driver_a"": ""RUS"", ""driver_b"": ""LEC"", ""lap_a"": 1, ""lap_b"": 1, ""distance_m"": 4655.0, ""speed_a"": 90.37422680413138, ""speed_b"": 130.0220638870506, ""throttle_a"": 26.03067010309854, ""throttle_b"": 75.0220638870506, ""brake_a"": 0.8282216494835768, ""brake_b"": 0.0, ""delta_speed"": -39.64783708291921, ""faster_driver_segment"": ""LEC""}"
telemetry_compare,"{""driver_a"": ""RUS"", ""driver_b"": ""LEC"", ""lap_a"": 1, ""lap_b"": 1, ""distance_m"": 4660.0, ""speed_a"": 98.02934269928005, ""speed_b"": 131.96782274129956, ""throttle_a"": 33.83069242302013, ""throttle_b"": 76.96782274129954, ""brake_a"": 0.0, ""brake_b"": 0.0, ""delta_speed"": -33.938480042019506, ""faster_driver_segment"": ""LEC""}"
telemetry_compare,"{""driver_a"": ""RUS"", ""driver_b"": ""LEC"", ""lap_a"": 1, ""lap_b"": 1, ""distance_m"": 4665.0, ""speed_a"": 101.77856330224456, ""speed_b"": 135.28585188355945, ""throttle_a"": 42.583922476683426, ""throttle_b"": 75.53831335616674, ""brake_a"": 0.0, ""brake_b"": 0.0, ""delta_speed"": -33.50728858131488, ""faster_driver_segment"": ""LEC""}"
telemetry_compare,"{""driver_a"": ""RUS"", ""driver_b"": ""LEC"", ""lap_a"": 1, ""lap_b"": 1, ""distance_m"": 4670.0, ""speed_a"": 106.53556922224969, ""speed_b"": 140.2944135273953, ""throttle_a"": 46.15167691668727, ""throttle_b"": 70.14447773972813, ""brake_a"": 0.0, ""brake_b"": 0.0, ""delta_speed"": -33.758844305145615, ""faster_driver_segment"": ""LEC""}"
telemetry_compare,"{""driver_a"": ""RUS"", ""driver_b"": ""LEC"", ""lap_a"": 1, ""lap_b"": 1, ""distance_m"": 4675.0, ""speed_a"": 111.21271008403706, ""speed_b"": 145.30297517123114, ""throttle_a"": 50.212710084037056, ""throttle_b"": 64.75064212328954, ""brake_a"": 0.0, ""brake_b"": 0.0, ""delta_speed"": -34.09026508719408, ""faster_driver_segment"": ""LEC""}"
telemetry_compare,"{""driver_a"": ""RUS"", ""driver_b"": ""LEC"", ""lap_a"": 1, ""lap_b"": 1, ""distance_m"": 4680.0, ""speed_a"": 115.93960084033968, ""speed_b"": 149.03216574200928, ""throttle_a"": 54.93960084033968, ""throttle_b"": 58.48697137816497, ""brake_a"": 0.0, ""brake_b"": 0.0, ""delta_speed"": -33.092564901669604, ""faster_driver_segment"": ""LEC""}"
telemetry_compare,"{""driver_a"": ""RUS"", ""driver_b"": ""LEC"", ""lap_a"": 1, ""lap_b"": 1, ""distance_m"": 4685.0, ""speed_a"": 120.6524396295686, ""speed_b"": 152.5281076467945, ""throttle_a"": 58.963923117248356, ""throttle_b"": 52.130713369464544, ""brake_a"": 0.0, ""brake_b"": 0.0, ""delta_speed"": -31.87566801722589, ""faster_driver_segment"": ""LEC""}"
telemetry_compare,"{""driver_a"": ""RUS"", ""driver_b"": ""LEC"", ""lap_a"": 1, ""lap_b"": 1, ""distance_m"": 4690.0, ""speed_a"": 125.2159738743822, ""speed_b"": 156.02404955157974, ""throttle_a"": 61.625984760056284, ""throttle_b"": 45.77445536076413, ""brake_a"": 0.0, ""brake_b"": 0.0, ""delta_speed"": -30.808075677197536, ""faster_driver_segment"": ""LEC""}"
telemetry_compare,"{""driver_a"": ""RUS"", ""driver_b"": ""LEC"", ""lap_a"": 1, ""lap_b"": 1, ""distance_m"": 4695.0, ""speed_a"": 129.77950811919578, ""speed_b"": 157.0, ""throttle_a"": 64.28804640286421, ""throttle_b"": 44.0, ""brake_a"": 0.0, ""brake_b"": 0.0, ""delta_speed"": -27.220491880804218, ""faster_driver_segment"": ""LEC""}"
telemetry_compare,"{""driver_a"": ""RUS"", ""driver_b"": ""LEC"", ""lap_a"": 1, ""lap_b"": 1, ""distance_m"": 4700.0, ""speed_a"": 136.33135704381758, ""speed_b"": 157.0, ""throttle_a"": 67.36949201947449, ""throttle_b"": 44.349838754842715, ""brake_a"": 0.0, ""brake_b"": 0.0, ""delta_speed"": -20.668642956182424, ""faster_driver_segment"": ""LEC""}"
telemetry_compare,"{""driver_a"": ""RUS"", ""driver_b"": ""LEC"", ""lap_a"": 1, ""lap_b"": 1, ""distance_m"": 4705.0, ""speed_a"": 141.67161746715982, ""speed_b"": 157.0, ""throttle_a"": 67.51411780696905, ""throttle_b"": 45.425253612034545, ""brake_a"": 0.0, ""brake_b"": 0.0, ""delta_speed"": -15.32838253284018, ""faster_driver_segment"": ""LEC""}"
telemetry_compare,"{""driver_a"": ""RUS"", ""driver_b"": ""LEC"", ""lap_a"": 1, ""lap_b"": 1, ""distance_m"": 4710.0, ""speed_a"": 145.08291503203878, ""speed_b"": 157.0, ""throttle_a"": 64.48185330485443, ""throttle_b"": 46.50022810487713, ""brake_a"": 0.0, ""brake_b"": 0.0, ""delta_speed"": -11.917084967961216, ""faster_driver_segment"": ""LEC""}"
telemetry_compare,"{""driver_a"": ""RUS"", ""driver_b"": ""LEC"", ""lap_a"": 1, ""lap_b"": 1, ""distance_m"": 4715.0, ""speed_a"": 148.46270661102534, ""speed_b"": 157.25387631139859, ""throttle_a"": 61.477594123533024, ""throttle_b"": 48.26938155699287, ""brake_a"": 0.0, ""brake_b"": 0.0, ""delta_speed"": -8.791169700373246, ""faster_driver_segment"": ""LEC""}"
telemetry_compare,"{""driver_a"": ""RUS"", ""driver_b"": ""LEC"", ""lap_a"": 1, ""lap_b"": 1, ""distance_m"": 4720.0, ""speed_a"": 150.64911316296505, ""speed_b"": 157.7291517773556, ""throttle_a"": 58.526330255552445, ""throttle_b"": 50.64575888677812, ""brake_a"": 0.0, ""brake_b"": 0.0, ""delta_speed"": -7.08003861439056, ""faster_driver_segment"": ""LEC""}"
telemetry_compare,"{""driver_a"": ""RUS"", ""driver_b"": ""LEC"", ""lap_a"": 1, ""lap_b"": 1, ""distance_m"": 4725.0, ""speed_a"": 152.60931005584945, ""speed_b"": 158.48093749999956, ""throttle_a"": 55.586034916225856, ""throttle_b"": 54.16421874999802, ""brake_a"": 0.0, ""brake_b"": 0.0, ""delta_speed"": -5.871627444150107, ""faster_driver_segment"": ""LEC""}"
telemetry_compare,"{""driver_a"": ""RUS"", ""driver_b"": ""LEC"", ""lap_a"": 1, ""lap_b"": 1, ""distance_m"": 4730.0, ""speed_a"": 154.3832692307701, ""speed_b"": 159.60593749999958, ""throttle_a"": 55.0, ""throttle_b"": 59.22671874999814, ""brake_a"": 0.0, ""brake_b"": 0.0, ""delta_speed"": -5.222668269229473, ""faster_driver_segment"": ""LEC""}"
telemetry_compare,"{""driver_a"": ""RUS"", ""driver_b"": ""LEC"", ""lap_a"": 1, ""lap_b"": 1, ""distance_m"": 4735.0, ""speed_a"": 156.0624620973288, ""speed_b"": 160.8980921288414, ""throttle_a"": 53.282292323458286, ""throttle_b"": 61.59872808589427, ""brake_a"": 0.0, ""brake_b"": 0.0, ""delta_speed"": -4.835630031512608, ""faster_driver_segment"": ""LEC""}"
telemetry_compare,"{""driver_a"": ""RUS"", ""driver_b"": ""LEC"", ""lap_a"": 1, ""lap_b"": 1, ""distance_m"": 4740.0, ""speed_a"": 157.0104534564422, ""speed_b"": 162.28036304112482, ""throttle_a"": 27.21252994783961, ""throttle_b"": 62.52024202741654, ""brake_a"": 0.0, ""brake_b"": 0.0, ""delta_speed"": -5.269909584682608, ""faster_driver_segment"": ""LEC""}"
telemetry_compare,"{""driver_a"": ""RUS"", ""driver_b"": ""LEC"", ""lap_a"": 1, ""lap_b"": 1, ""distance_m"": 4745.0, ""speed_a"": 157.9609312760016, ""speed_b"": 164.29271312226936, ""throttle_a"": 1.0743899099564453, ""throttle_b"": 64.93906968340403, ""brake_a"": 0.0, ""brake_b"": 0.0, ""delta_speed"": -6.3317818462677735, ""faster_driver_segment"": ""LEC""}"
telemetry_compare,"{""driver_a"": ""RUS"", ""driver_b"": ""LEC"", ""lap_a"": 1, ""lap_b"": 1, ""distance_m"": 4750.0, ""speed_a"": 156.1355173700058, ""speed_b"": 166.99072202491232, ""throttle_a"": 16.314223012449215, ""throttle_b"": 68.98608303736849, ""brake_a"": 0.0, ""brake_b"": 0.0, ""delta_speed"": -10.855204654906515, ""faster_driver_segment"": ""LEC""}"
telemetry_compare,"{""driver_a"": ""RUS"", ""driver_b"": ""LEC"", ""lap_a"": 1, ""lap_b"": 1, ""distance_m"": 4755.0, ""speed_a"": 154.1839778165608, ""speed_b"": 169.4687673879486, ""throttle_a"": 33.39019410509292, ""throttle_b"": 73.0156626738886, ""brake_a"": 0.0, ""brake_b"": 0.0, ""delta_speed"": -15.28478957138779, ""faster_driver_segment"": ""LEC""}"
telemetry_compare,"{""driver_a"": ""RUS"", ""driver_b"": ""LEC"", ""lap_a"": 1, ""lap_b"": 1, ""distance_m"": 4760.0, ""speed_a"": 154.3776541046404, ""speed_b"": 171.62142698696175, ""throttle_a"": 41.42011977888732, ""throttle_b"": 77.67975847175045, ""brake_a"": 0.0, ""brake_b"": 0.0, ""delta_speed"": -17.243772882321338, ""faster_driver_segment"": ""LEC""}"
telemetry_compare,"{""driver_a"": ""RUS"", ""driver_b"": ""LEC"", ""lap_a"": 1, ""lap_b"": 1, ""distance_m"": 4765.0, ""speed_a"": 154.79111192247746, ""speed_b"": 173.87506101455756, ""throttle_a"": 48.44890268211656, ""throttle_b"": 82.56263219820806, ""brake_a"": 0.0, ""brake_b"": 0.0, ""delta_speed"": -19.083949092080104, ""faster_driver_segment"": ""LEC""}"
telemetry_compare,"{""driver_a"": ""RUS"", ""driver_b"": ""LEC"", ""lap_a"": 1, ""lap_b"": 1, ""distance_m"": 4770.0, ""speed_a"": 156.1238412221924, ""speed_b"": 145.0693172495571, ""throttle_a"": 54.52864274993286, ""throttle_b"": 70.8660664789575, ""brake_a"": 0.0, ""brake_b"": 0.0, ""delta_speed"": 11.054523972635309, ""faster_driver_segment"": ""RUS""}"
telemetry_compare,"{""driver_a"": ""RUS"", ""driver_b"": ""LEC"", ""lap_a"": 1, ""lap_b"": 1, ""distance_m"": 4775.0, ""speed_a"": 158.38516986727672, ""speed_b"": 103.0, ""throttle_a"": 59.61663220137258, ""throttle_b"": 61.20412234204047, ""brake_a"": 0.0, ""brake_b"": 0.0, ""delta_speed"": 55.385169867276716, ""faster_driver_segment"": ""RUS""}"
telemetry_compare,"{""driver_a"": ""RUS"", ""driver_b"": ""LEC"", ""lap_a"": 1, ""lap_b"": 1, ""distance_m"": 4780.0, ""speed_a"": 159.68541761925533, ""speed_b"": 103.0, ""throttle_a"": 62.02812642888299, ""throttle_b"": 88.53775448907695, ""brake_a"": 0.0, ""brake_b"": 0.0, ""delta_speed"": 56.68541761925533, ""faster_driver_segment"": ""RUS""}"
telemetry_compare,"{""driver_a"": ""RUS"", ""driver_b"": ""LEC"", ""lap_a"": 1, ""lap_b"": 1, ""distance_m"": 4785.0, ""speed_a"": 160.6160296129501, ""speed_b"": 103.0, ""throttle_a"": 63.42404441942511, ""throttle_b"": 94.27124796337165, ""brake_a"": 0.0, ""brake_b"": 0.0, ""delta_speed"": 57.616029612950086, ""faster_driver_segment"": ""RUS""}"
telemetry_compare,"{""driver_a"": ""RUS"", ""driver_b"": ""LEC"", ""lap_a"": 1, ""lap_b"": 1, ""distance_m"": 4790.0, ""speed_a"": 163.3490596593916, ""speed_b"": 103.0, ""throttle_a"": 65.8456897323791, ""throttle_b"": 99.59278606130155, ""brake_a"": 0.0, ""brake_b"": 0.0, ""delta_speed"": 60.3490596593916, ""faster_driver_segment"": ""RUS""}"
telemetry_compare,"{""driver_a"": ""RUS"", ""driver_b"": ""LEC"", ""lap_a"": 1, ""lap_b"": 1, ""distance_m"": 4795.0, ""speed_a"": 167.389101114484, ""speed_b"": 103.0, ""throttle_a"": 69.02000801852313, ""throttle_b"": 100.0, ""brake_a"": 0.0, ""brake_b"": 0.0, ""delta_speed"": 64.38910111448399, ""faster_driver_segment"": ""RUS""}"
telemetry_compare,"{""driver_a"": ""RUS"", ""driver_b"": ""LEC"", ""lap_a"": 1, ""lap_b"": 1, ""distance_m"": 4800.0, ""speed_a"": 171.40271359795744, ""speed_b"": 103.0, ""throttle_a"": 72.17356068410942, ""throttle_b"": 100.0, ""brake_a"": 0.0, ""brake_b"": 0.0, ""delta_speed"": 68.40271359795744, ""faster_driver_segment"": ""RUS""}"
telemetry_compare,"{""driver_a"": ""RUS"", ""driver_b"": ""LEC"", ""lap_a"": 1, ""lap_b"": 1, ""distance_m"": 4805.0, ""speed_a"": 175.25457506866027, ""speed_b"": 141.5179192843995, ""throttle_a"": 75.0, ""throttle_b"": 100.0, ""brake_a"": 0.0, ""brake_b"": 0.0, ""delta_speed"": 33.73665578426076, ""faster_driver_segment"": ""RUS""}"
telemetry_compare,"{""driver_a"": ""RUS"", ""driver_b"": ""LEC"", ""lap_a"": 1, ""lap_b"": 1, ""distance_m"": 4810.0, ""speed_a"": 178.37978727819433, ""speed_b"": 199.81654861537731, ""throttle_a"": 75.0, ""throttle_b"": 100.0, ""brake_a"": 0.0, ""brake_b"": 0.0, ""delta_speed"": -21.436761337182986, ""faster_driver_segment"": ""LEC""}"
telemetry_compare,"{""driver_a"": ""RUS"", ""driver_b"": ""LEC"", ""lap_a"": 1, ""lap_b"": 1, ""distance_m"": 4815.0, ""speed_a"": 180.0, ""speed_b"": 216.30098957686897, ""throttle_a"": 75.0, ""throttle_b"": 100.0, ""brake_a"": 0.0, ""brake_b"": 0.0, ""delta_speed"": -36.30098957686897, ""faster_driver_segment"": ""LEC""}"
telemetry_compare,"{""driver_a"": ""RUS"", ""driver_b"": ""LEC"", ""lap_a"": 1, ""lap_b"": 1, ""distance_m"": 4820.0, ""speed_a"": 180.0, ""speed_b"": 218.10028365167946, ""throttle_a"": 75.0, ""throttle_b"": 100.0, ""brake_a"": 0.0, ""brake_b"": 0.0, ""delta_speed"": -38.10028365167946, ""faster_driver_segment"": ""LEC""}"
telemetry_compare,"{""driver_a"": ""RUS"", ""driver_b"": ""LEC"", ""lap_a"": 1, ""lap_b"": 1, ""distance_m"": 4825.0, ""speed_a"": 180.5315634899714, ""speed_b"": 219.9232347097435, ""throttle_a"": 75.0, ""throttle_b"": 100.0, ""brake_a"": 0.0, ""brake_b"": 0.0, ""delta_speed"": -39.39167121977209, ""faster_driver_segment"": ""LEC""}"
telemetry_compare,"{""driver_a"": ""RUS"", ""driver_b"": ""LEC"", ""lap_a"": 1, ""lap_b"": 1, ""distance_m"": 4830.0, ""speed_a"": 187.05826391248306, ""speed_b"": 221.7494454775058, ""throttle_a"": 75.0, ""throttle_b"": 100.0, ""brake_a"": 0.0, ""brake_b"": 0.0, ""delta_speed"": -34.69118156502273, ""faster_driver_segment"": ""LEC""}"
telemetry_compare,"{""driver_a"": ""RUS"", ""driver_b"": ""LEC"", ""lap_a"": 1, ""lap_b"": 1, ""distance_m"": 4835.0, ""speed_a"": 191.8732369915552, ""speed_b"": 223.57748715785655, ""throttle_a"": 76.98462952626177, ""throttle_b"": 100.0, ""brake_a"": 0.0, ""brake_b"": 0.0, ""delta_speed"": -31.704250166301364, ""faster_driver_segment"": ""LEC""}"
telemetry_compare,"{""driver_a"": ""RUS"", ""driver_b"": ""LEC"", ""lap_a"": 1, ""lap_b"": 1, ""distance_m"": 4840.0, ""speed_a"": 194.14926737788093, ""speed_b"": 225.0, ""throttle_a"": 82.1574258588203, ""throttle_b"": 100.0, ""brake_a"": 0.0, ""brake_b"": 0.0, ""delta_speed"": -30.850732622119068, ""faster_driver_segment"": ""LEC""}"
telemetry_compare,"{""driver_a"": ""RUS"", ""driver_b"": ""LEC"", ""lap_a"": 1, ""lap_b"": 1, ""distance_m"": 4845.0, ""speed_a"": 196.3750885690627, ""speed_b"": 225.0, ""throttle_a"": 87.21611038423345, ""throttle_b"": 100.0, ""brake_a"": 0.0, ""brake_b"": 0.0, ""delta_speed"": -28.62491143093729, ""faster_driver_segment"": ""LEC""}"
telemetry_compare,"{""driver_a"": ""RUS"", ""driver_b"": ""LEC"", ""lap_a"": 1, ""lap_b"": 1, ""distance_m"": 4850.0, ""speed_a"": 198.58674786107844, ""speed_b"": 225.0, ""throttle_a"": 92.24260877517828, ""throttle_b"": 100.0, ""brake_a"": 0.0, ""brake_b"": 0.0, ""delta_speed"": -26.413252138921564, ""faster_driver_segment"": ""LEC""}"
telemetry_compare,"{""driver_a"": ""RUS"", ""driver_b"": ""LEC"", ""lap_a"": 1, ""lap_b"": 1, ""distance_m"": 4855.0, ""speed_a"": 200.7868393980977, ""speed_b"": 227.23769031451081, ""throttle_a"": 97.2428168138584, ""throttle_b"": 100.0, ""brake_a"": 0.0, ""brake_b"": 0.0, ""delta_speed"": -26.450850916413117, ""faster_driver_segment"": ""LEC""}"
telemetry_compare,"{""driver_a"": ""RUS"", ""driver_b"": ""LEC"", ""lap_a"": 1, ""lap_b"": 1, ""distance_m"": 4860.0, ""speed_a"": 203.1662685582444, ""speed_b"": 230.22150734776505, ""throttle_a"": 100.0, ""throttle_b"": 100.0, ""brake_a"": 0.0, ""brake_b"": 0.0, ""delta_speed"": -27.055238789520644, ""faster_driver_segment"": ""LEC""}"
telemetry_compare,"{""driver_a"": ""RUS"", ""driver_b"": ""LEC"", ""lap_a"": 1, ""lap_b"": 1, ""distance_m"": 4865.0, ""speed_a"": 205.76194693944083, ""speed_b"": 233.1887455176847, ""throttle_a"": 100.0, ""throttle_b"": 100.0, ""brake_a"": 0.0, ""brake_b"": 0.0, ""delta_speed"": -27.426798578243876, ""faster_driver_segment"": ""LEC""}"
telemetry_compare,"{""driver_a"": ""RUS"", ""driver_b"": ""LEC"", ""lap_a"": 1, ""lap_b"": 1, ""distance_m"": 4870.0, ""speed_a"": 208.3133765240402, ""speed_b"": 236.15598368760436, ""throttle_a"": 100.0, ""throttle_b"": 100.0, ""brake_a"": 0.0, ""brake_b"": 0.0, ""delta_speed"": -27.842607163564168, ""faster_driver_segment"": ""LEC""}"
telemetry_compare,"{""driver_a"": ""RUS"", ""driver_b"": ""LEC"", ""lap_a"": 1, ""lap_b"": 1, ""distance_m"": 4875.0, ""speed_a"": 210.61115064451812, ""speed_b"": 239.123221857524, ""throttle_a"": 100.0, ""throttle_b"": 100.0, ""brake_a"": 0.0, ""brake_b"": 0.0, ""delta_speed"": -28.512071213005868, ""faster_driver_segment"": ""LEC""}"
telemetry_compare,"{""driver_a"": ""RUS"", ""driver_b"": ""LEC"", ""lap_a"": 1, ""lap_b"": 1, ""distance_m"": 4880.0, ""speed_a"": 212.85903358134928, ""speed_b"": 241.38771380931186, ""throttle_a"": 100.0, ""throttle_b"": 100.0, ""brake_a"": 0.0, ""brake_b"": 0.0, ""delta_speed"": -28.52868022796258, ""faster_driver_segment"": ""LEC""}"
telemetry_compare,"{""driver_a"": ""RUS"", ""driver_b"": ""LEC"", ""lap_a"": 1, ""lap_b"": 1, ""distance_m"": 4885.0, ""speed_a"": 215.1069165181804, ""speed_b"": 242.44216550162784, ""throttle_a"": 100.0, ""throttle_b"": 100.0, ""brake_a"": 0.0, ""brake_b"": 0.0, ""delta_speed"": -27.33524898344743, ""faster_driver_segment"": ""LEC""}"
telemetry_compare,"{""driver_a"": ""RUS"", ""driver_b"": ""LEC"", ""lap_a"": 1, ""lap_b"": 1, ""distance_m"": 4890.0, ""speed_a"": 217.35479945501157, ""speed_b"": 243.49599635606907, ""throttle_a"": 100.0, ""throttle_b"": 100.0, ""brake_a"": 0.0, ""brake_b"": 0.0, ""delta_speed"": -26.141196901057498, ""faster_driver_segment"": ""LEC""}"
telemetry_compare,"{""driver_a"": ""RUS"", ""driver_b"": ""LEC"", ""lap_a"": 1, ""lap_b"": 1, ""distance_m"": 4895.0, ""speed_a"": 219.69118160072762, ""speed_b"": 244.54861967478104, ""throttle_a"": 100.0, ""throttle_b"": 100.0, ""brake_a"": 0.0, ""brake_b"": 0.0, ""delta_speed"": -24.85743807405342, ""faster_driver_segment"": ""LEC""}"
telemetry_compare,"{""driver_a"": ""RUS"", ""driver_b"": ""LEC"", ""lap_a"": 1, ""lap_b"": 1, ""distance_m"": 4900.0, ""speed_a"": 222.25521336927162, ""speed_b"": 245.4444346903466, ""throttle_a"": 100.0, ""throttle_b"": 100.0, ""brake_a"": 0.0, ""brake_b"": 0.0, ""delta_speed"": -23.189221321074996, ""faster_driver_segment"": ""LEC""}"
telemetry_compare,"{""driver_a"": ""RUS"", ""driver_b"": ""LEC"", ""lap_a"": 1, ""lap_b"": 1, ""distance_m"": 4905.0, ""speed_a"": 224.80167068809374, ""speed_b"": 246.2241446734117, ""throttle_a"": 100.0, ""throttle_b"": 100.0, ""brake_a"": 0.0, ""brake_b"": 0.0, ""delta_speed"": -21.422473985317964, ""faster_driver_segment"": ""LEC""}"
telemetry_compare,"{""driver_a"": ""RUS"", ""driver_b"": ""LEC"", ""lap_a"": 1, ""lap_b"": 1, ""distance_m"": 4910.0, ""speed_a"": 227.3327612141505, ""speed_b"": 247.00385465647682, ""throttle_a"": 100.0, ""throttle_b"": 100.0, ""brake_a"": 0.0, ""brake_b"": 0.0, ""delta_speed"": -19.67109344232631, ""faster_driver_segment"": ""LEC""}"
telemetry_compare,"{""driver_a"": ""RUS"", ""driver_b"": ""LEC"", ""lap_a"": 1, ""lap_b"": 1, ""distance_m"": 4915.0, ""speed_a"": 229.60368012496747, ""speed_b"": 247.77787395040085, ""throttle_a"": 100.0, ""throttle_b"": 100.0, ""brake_a"": 0.0, ""brake_b"": 0.0, ""delta_speed"": -18.174193825433377, ""faster_driver_segment"": ""LEC""}"
telemetry_compare,"{""driver_a"": ""RUS"", ""driver_b"": ""LEC"", ""lap_a"": 1, ""lap_b"": 1, ""distance_m"": 4920.0, ""speed_a"": 231.78819974426474, ""speed_b"": 248.9463582677156, ""throttle_a"": 100.0, ""throttle_b"": 100.0, ""brake_a"": 0.0, ""brake_b"": 0.0, ""delta_speed"": -17.15815852345085, ""faster_driver_segment"": ""LEC""}"
telemetry_compare,"{""driver_a"": ""RUS"", ""driver_b"": ""LEC"", ""lap_a"": 1, ""lap_b"": 1, ""distance_m"": 4925.0, ""speed_a"": 233.9721749180683, ""speed_b"": 250.27509842519592, ""throttle_a"": 100.0, ""throttle_b"": 100.0, ""brake_a"": 0.0, ""brake_b"": 0.0, ""delta_speed"": -16.302923507127616, ""faster_driver_segment"": ""LEC""}"
telemetry_compare,"{""driver_a"": ""RUS"", ""driver_b"": ""LEC"", ""lap_a"": 1, ""lap_b"": 1, ""distance_m"": 4930.0, ""speed_a"": 236.05906250000044, ""speed_b"": 251.60383858267625, ""throttle_a"": 100.0, ""throttle_b"": 100.0, ""brake_a"": 0.0, ""brake_b"": 0.0, ""delta_speed"": -15.54477608267581, ""faster_driver_segment"": ""LEC""}"
telemetry_compare,"{""driver_a"": ""RUS"", ""driver_b"": ""LEC"", ""lap_a"": 1, ""lap_b"": 1, ""distance_m"": 4935.0, ""speed_a"": 236.99656250000044, ""speed_b"": 252.93257874015657, ""throttle_a"": 100.0, ""throttle_b"": 100.0, ""brake_a"": 0.0, ""brake_b"": 0.0, ""delta_speed"": -15.936016240156135, ""faster_driver_segment"": ""LEC""}"
telemetry_compare,"{""driver_a"": ""RUS"", ""driver_b"": ""LEC"", ""lap_a"": 1, ""lap_b"": 1, ""distance_m"": 4940.0, ""speed_a"": 237.93406250000046, ""speed_b"": 254.24413249452232, ""throttle_a"": 100.0, ""throttle_b"": 100.0, ""brake_a"": 0.0, ""brake_b"": 0.0, ""delta_speed"": -16.310069994521854, ""faster_driver_segment"": ""LEC""}"
telemetry_compare,"{""driver_a"": ""RUS"", ""driver_b"": ""LEC"", ""lap_a"": 1, ""lap_b"": 1, ""distance_m"": 4945.0, ""speed_a"": 238.87156250000046, ""speed_b"": 255.48130958756636, ""throttle_a"": 100.0, ""throttle_b"": 100.0, ""brake_a"": 0.0, ""brake_b"": 0.0, ""delta_speed"": -16.609747087565893, ""faster_driver_segment"": ""LEC""}"
telemetry_compare,"{""driver_a"": ""RUS"", ""driver_b"": ""LEC"", ""lap_a"": 1, ""lap_b"": 1, ""distance_m"": 4950.0, ""speed_a"": 239.8090625000005, ""speed_b"": 256.7184866806104, ""throttle_a"": 100.0, ""throttle_b"": 100.0, ""brake_a"": 0.0, ""brake_b"": 0.0, ""delta_speed"": -16.909424180609903, ""faster_driver_segment"": ""LEC""}"
telemetry_compare,"{""driver_a"": ""RUS"", ""driver_b"": ""LEC"", ""lap_a"": 1, ""lap_b"": 1, ""distance_m"": 4955.0, ""speed_a"": 241.44730880835465, ""speed_b"": 257.9550631399905, ""throttle_a"": 100.0, ""throttle_b"": 100.0, ""brake_a"": 0.0, ""brake_b"": 0.0, ""delta_speed"": -16.50775433163585, ""faster_driver_segment"": ""LEC""}"
telemetry_compare,"{""driver_a"": ""RUS"", ""driver_b"": ""LEC"", ""lap_a"": 1, ""lap_b"": 1, ""distance_m"": 4960.0, ""speed_a"": 243.26228365672216, ""speed_b"": 259.0, ""throttle_a"": 100.0, ""throttle_b"": 100.0, ""brake_a"": 0.0, ""brake_b"": 0.0, ""delta_speed"": -15.737716343277839, ""faster_driver_segment"": ""LEC""}"
telemetry_compare,"{""driver_a"": ""RUS"", ""driver_b"": ""LEC"", ""lap_a"": 1, ""lap_b"": 1, ""distance_m"": 4965.0, ""speed_a"": 245.0772585050897, ""speed_b"": 259.0, ""throttle_a"": 100.0, ""throttle_b"": 100.0, ""brake_a"": 0.0, ""brake_b"": 0.0, ""delta_speed"": -13.922741494910298, ""faster_driver_segment"": ""LEC""}"
telemetry_compare,"{""driver_a"": ""RUS"", ""driver_b"": ""LEC"", ""lap_a"": 1, ""lap_b"": 1, ""distance_m"": 4970.0, ""speed_a"": 246.89183267300095, ""speed_b"": 259.0, ""throttle_a"": 100.0, ""throttle_b"": 100.0, ""brake_a"": 0.0, ""brake_b"": 0.0, ""delta_speed"": -12.108167326999052, ""faster_driver_segment"": ""LEC""}"
telemetry_compare,"{""driver_a"": ""RUS"", ""driver_b"": ""LEC"", ""lap_a"": 1, ""lap_b"": 1, ""distance_m"": 4975.0, ""speed_a"": 247.0, ""speed_b"": 259.0, ""throttle_a"": 100.0, ""throttle_b"": 100.0, ""brake_a"": 0.0, ""brake_b"": 0.0, ""delta_speed"": -12.0, ""faster_driver_segment"": ""LEC""}"
telemetry_compare,"{""driver_a"": ""RUS"", ""driver_b"": ""LEC"", ""lap_a"": 1, ""lap_b"": 1, ""distance_m"": 4980.0, ""speed_a"": 247.0, ""speed_b"": 259.0, ""throttle_a"": 100.0, ""throttle_b"": 100.0, ""brake_a"": 0.0, ""brake_b"": 0.0, ""delta_speed"": -12.0, ""faster_driver_segment"": ""LEC""}"
telemetry_compare,"{""driver_a"": ""RUS"", ""driver_b"": ""LEC"", ""lap_a"": 1, ""lap_b"": 1, ""distance_m"": 4985.0, ""speed_a"": 247.0, ""speed_b"": 259.0, ""throttle_a"": 100.0, ""throttle_b"": 100.0, ""brake_a"": 0.0, ""brake_b"": 0.0, ""delta_speed"": -12.0, ""faster_driver_segment"": ""LEC""}"
telemetry_compare,"{""driver_a"": ""RUS"", ""driver_b"": ""LEC"", ""lap_a"": 1, ""lap_b"": 1, ""distance_m"": 4990.0, ""speed_a"": 249.04889835535764, ""speed_b"": 259.0, ""throttle_a"": 100.0, ""throttle_b"": 100.0, ""brake_a"": 0.0, ""brake_b"": 0.0, ""delta_speed"": -9.951101644642364, ""faster_driver_segment"": ""LEC""}"
telemetry_compare,"{""driver_a"": ""RUS"", ""driver_b"": ""LEC"", ""lap_a"": 1, ""lap_b"": 1, ""distance_m"": 4995.0, ""speed_a"": 252.21539362421709, ""speed_b"": 260.5838416265371, ""throttle_a"": 100.0, ""throttle_b"": 100.0, ""brake_a"": 0.0, ""brake_b"": 0.0, ""delta_speed"": -8.368448002320008, ""faster_driver_segment"": ""LEC""}"
telemetry_compare,"{""driver_a"": ""RUS"", ""driver_b"": ""LEC"", ""lap_a"": 1, ""lap_b"": 1, ""distance_m"": 5000.0, ""speed_a"": 255.37786806375556, ""speed_b"": 262.51000535045364, ""throttle_a"": 100.0, ""throttle_b"": 100.0, ""brake_a"": 0.0, ""brake_b"": 0.0, ""delta_speed"": -7.132137286698082, ""faster_driver_segment"": ""LEC""}"
telemetry_compare,"{""driver_a"": ""RUS"", ""driver_b"": ""LEC"", ""lap_a"": 1, ""lap_b"": 1, ""distance_m"": 5005.0, ""speed_a"": 256.0, ""speed_b"": 264.4361690743702, ""throttle_a"": 100.0, ""throttle_b"": 100.0, ""brake_a"": 0.0, ""brake_b"": 0.0, ""delta_speed"": -8.436169074370184, ""faster_driver_segment"": ""LEC""}"
telemetry_compare,"{""driver_a"": ""RUS"", ""driver_b"": ""LEC"", ""lap_a"": 1, ""lap_b"": 1, ""distance_m"": 5010.0, ""speed_a"": 256.0, ""speed_b"": 266.36233279828673, ""throttle_a"": 100.0, ""throttle_b"": 100.0, ""brake_a"": 0.0, ""brake_b"": 0.0, ""delta_speed"": -10.36233279828673, ""faster_driver_segment"": ""LEC""}"
telemetry_compare,"{""driver_a"": ""RUS"", ""driver_b"": ""LEC"", ""lap_a"": 1, ""lap_b"": 1, ""distance_m"": 5015.0, ""speed_a"": 256.0, ""speed_b"": 267.56123445530784, ""throttle_a"": 100.0, ""throttle_b"": 100.0, ""brake_a"": 0.0, ""brake_b"": 0.0, ""delta_speed"": -11.56123445530784, ""faster_driver_segment"": ""LEC""}"
telemetry_compare,"{""driver_a"": ""RUS"", ""driver_b"": ""LEC"", ""lap_a"": 1, ""lap_b"": 1, ""distance_m"": 5020.0, ""speed_a"": 256.0, ""speed_b"": 268.40021960567316, ""throttle_a"": 100.0, ""throttle_b"": 100.0, ""brake_a"": 0.0, ""brake_b"": 0.0, ""delta_speed"": -12.400219605673158, ""faster_driver_segment"": ""LEC""}"
telemetry_compare,"{""driver_a"": ""RUS"", ""driver_b"": ""LEC"", ""lap_a"": 1, ""lap_b"": 1, ""distance_m"": 5025.0, ""speed_a"": 256.0, ""speed_b"": 269.0, ""throttle_a"": 100.0, ""throttle_b"": 100.0, ""brake_a"": 0.0, ""brake_b"": 0.0, ""delta_speed"": -13.0, ""faster_driver_segment"": ""LEC""}"
telemetry_compare,"{""driver_a"": ""RUS"", ""driver_b"": ""LEC"", ""lap_a"": 1, ""lap_b"": 1, ""distance_m"": 5030.0, ""speed_a"": 256.0, ""speed_b"": 269.0, ""throttle_a"": 100.0, ""throttle_b"": 100.0, ""brake_a"": 0.0, ""brake_b"": 0.0, ""delta_speed"": -13.0, ""faster_driver_segment"": ""LEC""}"
telemetry_compare,"{""driver_a"": ""RUS"", ""driver_b"": ""LEC"", ""lap_a"": 1, ""lap_b"": 1, ""distance_m"": 5035.0, ""speed_a"": 256.4751697122044, ""speed_b"": 269.0, ""throttle_a"": 100.0, ""throttle_b"": 100.0, ""brake_a"": 0.0, ""brake_b"": 0.0, ""delta_speed"": -12.524830287795623, ""faster_driver_segment"": ""LEC""}"
telemetry_compare,"{""driver_a"": ""RUS"", ""driver_b"": ""LEC"", ""lap_a"": 1, ""lap_b"": 1, ""distance_m"": 5040.0, ""speed_a"": 257.34330328490245, ""speed_b"": 269.0, ""throttle_a"": 100.0, ""throttle_b"": 100.0, ""brake_a"": 0.0, ""brake_b"": 0.0, ""delta_speed"": -11.656696715097553, ""faster_driver_segment"": ""LEC""}"
telemetry_compare,"{""driver_a"": ""RUS"", ""driver_b"": ""LEC"", ""lap_a"": 1, ""lap_b"": 1, ""distance_m"": 5045.0, ""speed_a"": 258.2114368576006, ""speed_b"": 252.81658536586633, ""throttle_a"": 100.0, ""throttle_b"": 100.0, ""brake_a"": 0.0, ""brake_b"": 0.0, ""delta_speed"": 5.394851491734244, ""faster_driver_segment"": ""RUS""}"
telemetry_compare,"{""driver_a"": ""RUS"", ""driver_b"": ""LEC"", ""lap_a"": 1, ""lap_b"": 1, ""distance_m"": 5050.0, ""speed_a"": 259.0, ""speed_b"": 229.4019512195254, ""throttle_a"": 100.0, ""throttle_b"": 100.0, ""brake_a"": 0.0, ""brake_b"": 0.0, ""delta_speed"": 29.598048780474613, ""faster_driver_segment"": ""RUS""}"
telemetry_compare,"{""driver_a"": ""RUS"", ""driver_b"": ""LEC"", ""lap_a"": 1, ""lap_b"": 1, ""distance_m"": 5055.0, ""speed_a"": 259.0, ""speed_b"": 205.98731707318447, ""throttle_a"": 100.0, ""throttle_b"": 100.0, ""brake_a"": 0.0, ""brake_b"": 0.0, ""delta_speed"": 53.01268292681553, ""faster_driver_segment"": ""RUS""}"
telemetry_compare,"{""driver_a"": ""RUS"", ""driver_b"": ""LEC"", ""lap_a"": 1, ""lap_b"": 1, ""distance_m"": 5060.0, ""speed_a"": 259.0, ""speed_b"": 205.0, ""throttle_a"": 100.0, ""throttle_b"": 100.0, ""brake_a"": 0.0, ""brake_b"": 0.0, ""delta_speed"": 54.0, ""faster_driver_segment"": ""RUS""}"
telemetry_compare,"{""driver_a"": ""RUS"", ""driver_b"": ""LEC"", ""lap_a"": 1, ""lap_b"": 1, ""distance_m"": 5065.0, ""speed_a"": 259.0, ""speed_b"": 206.38852693749584, ""throttle_a"": 100.0, ""throttle_b"": 100.0, ""brake_a"": 0.0, ""brake_b"": 0.0, ""delta_speed"": 52.61147306250416, ""faster_driver_segment"": ""RUS""}"
telemetry_compare,"{""driver_a"": ""RUS"", ""driver_b"": ""LEC"", ""lap_a"": 1, ""lap_b"": 1, ""distance_m"": 5070.0, ""speed_a"": 259.0, ""speed_b"": 216.62756211776644, ""throttle_a"": 100.0, ""throttle_b"": 100.0, ""brake_a"": 0.0, ""brake_b"": 0.0, ""delta_speed"": 42.372437882233555, ""faster_driver_segment"": ""RUS""}"
telemetry_compare,"{""driver_a"": ""RUS"", ""driver_b"": ""LEC"", ""lap_a"": 1, ""lap_b"": 1, ""distance_m"": 5075.0, ""speed_a"": 259.0, ""speed_b"": 226.86659729803705, ""throttle_a"": 100.0, ""throttle_b"": 100.0, ""brake_a"": 0.0, ""brake_b"": 0.0, ""delta_speed"": 32.13340270196295, ""faster_driver_segment"": ""RUS""}"
telemetry_compare,"{""driver_a"": ""RUS"", ""driver_b"": ""LEC"", ""lap_a"": 1, ""lap_b"": 1, ""distance_m"": 5080.0, ""speed_a"": 259.52141600365417, ""speed_b"": 237.10563247830765, ""throttle_a"": 100.0, ""throttle_b"": 100.0, ""brake_a"": 0.0, ""brake_b"": 0.0, ""delta_speed"": 22.415783525346512, ""faster_driver_segment"": ""RUS""}"
telemetry_compare,"{""driver_a"": ""RUS"", ""driver_b"": ""LEC"", ""lap_a"": 1, ""lap_b"": 1, ""distance_m"": 5085.0, ""speed_a"": 261.07350597649446, ""speed_b"": 246.84620119983148, ""throttle_a"": 100.0, ""throttle_b"": 100.0, ""brake_a"": 0.0, ""brake_b"": 0.0, ""delta_speed"": 14.227304776662976, ""faster_driver_segment"": ""RUS""}"
telemetry_compare,"{""driver_a"": ""RUS"", ""driver_b"": ""LEC"", ""lap_a"": 1, ""lap_b"": 1, ""distance_m"": 5090.0, ""speed_a"": 262.62559594933475, ""speed_b"": 256.1212807193538, ""throttle_a"": 100.0, ""throttle_b"": 100.0, ""brake_a"": 0.0, ""brake_b"": 0.0, ""delta_speed"": 6.504315229980932, ""faster_driver_segment"": ""RUS""}"
telemetry_compare,"{""driver_a"": ""RUS"", ""driver_b"": ""LEC"", ""lap_a"": 1, ""lap_b"": 1, ""distance_m"": 5095.0, ""speed_a"": 264.17768592217504, ""speed_b"": 265.3963602388761, ""throttle_a"": 100.0, ""throttle_b"": 100.0, ""brake_a"": 0.0, ""brake_b"": 0.0, ""delta_speed"": -1.2186743167010832, ""faster_driver_segment"": ""LEC""}"
telemetry_compare,"{""driver_a"": ""RUS"", ""driver_b"": ""LEC"", ""lap_a"": 1, ""lap_b"": 1, ""distance_m"": 5100.0, ""speed_a"": 265.69583186984636, ""speed_b"": 274.67143975839844, ""throttle_a"": 100.0, ""throttle_b"": 100.0, ""brake_a"": 0.0, ""brake_b"": 0.0, ""delta_speed"": -8.975607888552076, ""faster_driver_segment"": ""LEC""}"
telemetry_compare,"{""driver_a"": ""RUS"", ""driver_b"": ""LEC"", ""lap_a"": 1, ""lap_b"": 1, ""distance_m"": 5105.0, ""speed_a"": 267.1986547190069, ""speed_b"": 276.7970093251537, ""throttle_a"": 100.0, ""throttle_b"": 100.0, ""brake_a"": 0.0, ""brake_b"": 0.0, ""delta_speed"": -9.598354606146756, ""faster_driver_segment"": ""LEC""}"
telemetry_compare,"{""driver_a"": ""RUS"", ""driver_b"": ""LEC"", ""lap_a"": 1, ""lap_b"": 1, ""distance_m"": 5110.0, ""speed_a"": 268.7014775681675, ""speed_b"": 276.52512531539423, ""throttle_a"": 100.0, ""throttle_b"": 100.0, ""brake_a"": 0.0, ""brake_b"": 0.0, ""delta_speed"": -7.823647747226744, ""faster_driver_segment"": ""LEC""}"
telemetry_compare,"{""driver_a"": ""RUS"", ""driver_b"": ""LEC"", ""lap_a"": 1, ""lap_b"": 1, ""distance_m"": 5115.0, ""speed_a"": 270.4379871462801, ""speed_b"": 276.2532413056348, ""throttle_a"": 100.0, ""throttle_b"": 100.0, ""brake_a"": 0.0, ""brake_b"": 0.0, ""delta_speed"": -5.8152541593547085, ""faster_driver_segment"": ""LEC""}"
telemetry_compare,"{""driver_a"": ""RUS"", ""driver_b"": ""LEC"", ""lap_a"": 1, ""lap_b"": 1, ""distance_m"": 5120.0, ""speed_a"": 273.6312087803507, ""speed_b"": 276.04171216411936, ""throttle_a"": 100.0, ""throttle_b"": 100.0, ""brake_a"": 0.0, ""brake_b"": 0.0, ""delta_speed"": -2.4105033837686847, ""faster_driver_segment"": ""LEC""}"
telemetry_compare,"{""driver_a"": ""RUS"", ""driver_b"": ""LEC"", ""lap_a"": 1, ""lap_b"": 1, ""distance_m"": 5125.0, ""speed_a"": 276.8244304144213, ""speed_b"": 276.64672340840184, ""throttle_a"": 100.0, ""throttle_b"": 100.0, ""brake_a"": 0.0, ""brake_b"": 0.0, ""delta_speed"": 0.1777070060194319, ""faster_driver_segment"": ""RUS""}"
telemetry_compare,"{""driver_a"": ""RUS"", ""driver_b"": ""LEC"", ""lap_a"": 1, ""lap_b"": 1, ""distance_m"": 5130.0, ""speed_a"": 280.0176520484919, ""speed_b"": 277.2517346526844, ""throttle_a"": 100.0, ""throttle_b"": 100.0, ""brake_a"": 0.0, ""brake_b"": 0.0, ""delta_speed"": 2.7659173958075485, ""faster_driver_segment"": ""RUS""}"
telemetry_compare,"{""driver_a"": ""RUS"", ""driver_b"": ""LEC"", ""lap_a"": 1, ""lap_b"": 1, ""distance_m"": 5135.0, ""speed_a"": 282.2227650875719, ""speed_b"": 277.85674589696686, ""throttle_a"": 100.0, ""throttle_b"": 100.0, ""brake_a"": 0.0, ""brake_b"": 0.0, ""delta_speed"": 4.366019190605016, ""faster_driver_segment"": ""RUS""}"
telemetry_compare,"{""driver_a"": ""RUS"", ""driver_b"": ""LEC"", ""lap_a"": 1, ""lap_b"": 1, ""distance_m"": 5140.0, ""speed_a"": 282.81531297826024, ""speed_b"": 278.4617571412494, ""throttle_a"": 100.0, ""throttle_b"": 100.0, ""brake_a"": 0.0, ""brake_b"": 0.0, ""delta_speed"": 4.353555837010845, ""faster_driver_segment"": ""RUS""}"
telemetry_compare,"{""driver_a"": ""RUS"", ""driver_b"": ""LEC"", ""lap_a"": 1, ""lap_b"": 1, ""distance_m"": 5145.0, ""speed_a"": 283.40786086894866, ""speed_b"": 279.0, ""throttle_a"": 100.0, ""throttle_b"": 100.0, ""brake_a"": 0.0, ""brake_b"": 0.0, ""delta_speed"": 4.40786086894866, ""faster_driver_segment"": ""RUS""}"
telemetry_compare,"{""driver_a"": ""RUS"", ""driver_b"": ""LEC"", ""lap_a"": 1, ""lap_b"": 1, ""distance_m"": 5150.0, ""speed_a"": 284.000408759637, ""speed_b"": 279.0, ""throttle_a"": 100.0, ""throttle_b"": 100.0, ""brake_a"": 0.0, ""brake_b"": 0.0, ""delta_speed"": 5.0004087596370255, ""faster_driver_segment"": ""RUS""}"
telemetry_compare,"{""driver_a"": ""RUS"", ""driver_b"": ""LEC"", ""lap_a"": 1, ""lap_b"": 1, ""distance_m"": 5155.0, ""speed_a"": 284.5925530190307, ""speed_b"": 279.0, ""throttle_a"": 100.0, ""throttle_b"": 100.0, ""brake_a"": 0.0, ""brake_b"": 0.0, ""delta_speed"": 5.5925530190306745, ""faster_driver_segment"": ""RUS""}"
telemetry_compare,"{""driver_a"": ""RUS"", ""driver_b"": ""LEC"", ""lap_a"": 1, ""lap_b"": 1, ""distance_m"": 5160.0, ""speed_a"": 285.2424651567947, ""speed_b"": 279.28872877316365, ""throttle_a"": 100.0, ""throttle_b"": 100.0, ""brake_a"": 0.0, ""brake_b"": 0.0, ""delta_speed"": 5.953736383631053, ""faster_driver_segment"": ""RUS""}"
telemetry_compare,"{""driver_a"": ""RUS"", ""driver_b"": ""LEC"", ""lap_a"": 1, ""lap_b"": 1, ""distance_m"": 5165.0, ""speed_a"": 286.0264372822303, ""speed_b"": 279.74640045602695, ""throttle_a"": 100.0, ""throttle_b"": 100.0, ""brake_a"": 0.0, ""brake_b"": 0.0, ""delta_speed"": 6.280036826203343, ""faster_driver_segment"": ""RUS""}"
telemetry_compare,"{""driver_a"": ""RUS"", ""driver_b"": ""LEC"", ""lap_a"": 1, ""lap_b"": 1, ""distance_m"": 5170.0, ""speed_a"": 286.8104094076658, ""speed_b"": 280.20407213889024, ""throttle_a"": 100.0, ""throttle_b"": 100.0, ""brake_a"": 0.0, ""brake_b"": 0.0, ""delta_speed"": 6.606337268775576, ""faster_driver_segment"": ""RUS""}"
telemetry_compare,"{""driver_a"": ""RUS"", ""driver_b"": ""LEC"", ""lap_a"": 1, ""lap_b"": 1, ""distance_m"": 5175.0, ""speed_a"": 287.337952642994, ""speed_b"": 280.66174382175353, ""throttle_a"": 100.0, ""throttle_b"": 100.0, ""brake_a"": 0.0, ""brake_b"": 0.0, ""delta_speed"": 6.676208821240493, ""faster_driver_segment"": ""RUS""}"
telemetry_compare,"{""driver_a"": ""RUS"", ""driver_b"": ""LEC"", ""lap_a"": 1, ""lap_b"": 1, ""distance_m"": 5175.495983193106, ""speed_a"": 287.3820745094876, ""speed_b"": 280.7071433142857, ""throttle_a"": 100.0, ""throttle_b"": 100.0, ""brake_a"": 0.0, ""brake_b"": 0.0, ""delta_speed"": 6.674931195201907, ""faster_driver_segment"": ""RUS""}"
methods,"{""method"": ""lap filtering rules"", ""value"": ""missing lap_time removed; explicit filter_reason_list retained""}"
methods,"{""method"": ""pit-lap removal rule"", ""value"": ""pit entry and pit exit laps excluded from trend/delta analysis""}"
methods,"{""method"": ""SC/VSC exclusion toggle state"", ""value"": ""False""}"
methods,"{""method"": ""polynomial fit method and selected degree"", ""value"": ""numpy polyfit degree=2""}"
methods,"{""method"": ""delta sign convention"", ""value"": ""driver_a - driver_b""}"
methods,"{""method"": ""telemetry alignment method"", ""value"": ""distance interpolation on fixed 5.0m grid""}"
methods,"{""method"": ""track segment comparison method"", ""value"": ""distance-bin speed comparison on fixed 10.0m grid""}"
methods,"{""method"": ""corner-marker source and fallback behavior"", ""value"": ""corner markers unavailable; plots degrade gracefully""}"
methods,"{""method"": ""thresholds or interpolation settings used"", ""value"": ""telemetry_step_m=5.0; track_step_m=10.0""}"
